"","Chaetothyriales","Malasseziales","Pucciniales","Helotiales","Verrucariales","Corticiales","Hymenochaetales","Sporidiobolales","Onygenales","Pneumocystidales","Dothideales","Ustilaginales","Xylariales","Eurotiales","Trichosporonales","Mucorales","Microascales","Saccharomycetales","Glomerellales","Georgefischeriales","Pleosporales","Entylomatales","Pezizales","Botryosphaeriales","Sordariales","Hypocreales","Tremellales","Polyporales","Gloeophyllales","Russulales","Agaricales","diversity"
"F0023",0,0,0,0,0,0,0,728,0,0,0,0,0,0,0,0,0,1743,0,0,0,0,0,0,0,0,0,0,0,0,0,2
"F0026",0,0,0,0,0,0,0,0,0,0,0,0,0,0,0,0,0,56137,0,0,0,0,0,0,0,0,0,0,0,0,0,1
"F0027",0,0,0,0,0,0,0,0,0,0,0,0,0,0,0,0,0,16517,0,0,0,0,0,0,0,0,0,0,0,0,0,1
"F0030",0,0,0,0,0,0,0,28206,0,0,0,0,0,0,0,0,0,65019,0,0,0,0,0,0,0,0,0,0,0,0,0,2
"F0031",0,0,0,0,0,0,0,0,0,0,0,0,0,0,0,0,0,0,0,0,894,0,0,0,0,0,0,0,0,0,0,1
"F0034",0,0,0,0,0,0,0,0,0,0,0,0,0,6533,0,0,0,0,0,0,12633,0,0,0,0,0,0,0,0,0,0,2
"F0035",0,7938,0,0,0,0,0,0,0,0,0,0,0,0,0,0,0,0,0,0,0,0,63382,0,0,0,0,0,0,0,16057,3
"F0039",0,2070,0,0,0,0,0,0,0,0,5954,0,18608,0,0,0,0,3488,6470,0,69667,0,0,0,0,0,0,10658,0,0,0,7
"F0041",0,0,0,0,0,0,0,0,0,0,0,7694,0,0,0,0,0,0,0,0,0,0,0,0,0,0,11630,0,0,0,0,2
"F0042",0,9499,0,0,0,0,0,15428,0,0,0,0,0,0,0,0,0,0,0,0,0,0,0,0,0,0,0,0,0,3671,7375,4
"F0044",0,0,0,0,0,0,0,0,0,0,0,0,0,69330,0,0,0,0,0,0,0,0,0,0,0,17693,0,0,0,0,0,2
"F0103",0,2647,0,0,0,0,0,0,0,0,0,0,0,2839,0,0,0,0,0,0,0,0,0,0,0,0,7939,0,0,0,0,3
"F0105",0,0,0,0,0,0,0,0,0,0,18202,5544,0,2261,0,0,0,0,0,0,0,0,0,0,0,0,14888,5942,0,4374,0,6
"F0107",0,0,0,0,0,0,0,0,0,0,0,0,0,0,0,0,0,0,0,0,0,0,0,0,0,0,0,4758,0,0,0,1
"F0108",0,0,0,0,0,0,0,0,0,0,0,0,0,1314,0,0,0,0,0,0,0,0,0,0,0,0,0,0,0,0,0,1
"F0109",0,0,0,0,0,0,0,0,0,0,0,0,0,0,0,0,0,0,0,0,19685,0,0,0,0,5960,0,0,0,0,0,2
"F0110",0,0,0,0,0,0,0,0,0,0,0,0,0,14901,0,0,0,0,0,0,0,0,0,0,0,0,0,0,0,0,0,1
"F0111",0,15325,0,0,0,0,0,0,0,0,0,16265,0,5200,0,0,0,0,0,0,24920,0,0,0,0,0,0,0,0,0,0,4
"F0112",0,0,0,0,0,0,0,0,0,0,0,0,0,0,0,0,0,1002,0,0,0,0,0,0,0,0,0,0,0,6511,0,2
"F0114",0,0,0,0,0,0,0,0,0,0,0,0,0,10248,0,0,0,0,0,0,0,0,0,0,0,0,0,0,0,0,0,1
"F0115",0,0,0,0,0,0,0,0,0,0,0,0,0,123260,0,0,0,0,0,0,0,0,0,0,0,1507390,0,0,0,0,0,2
"F0291",0,28997,0,0,0,0,0,0,0,0,0,0,0,0,0,0,0,0,0,0,0,0,0,0,0,0,0,0,0,0,0,1
"F0292",0,17786,0,0,0,0,0,0,0,0,0,0,0,0,0,0,0,0,0,0,0,0,0,0,0,0,0,0,0,0,0,1
"F0295",0,18222,0,0,0,0,0,0,0,0,0,0,0,0,0,0,0,0,0,0,0,0,0,0,0,0,0,0,0,0,0,1
"F0299",0,43285,0,0,0,0,0,0,0,0,0,0,0,0,0,0,0,0,0,0,0,0,0,0,0,0,0,0,0,0,0,1
"F0300",57620,0,0,0,0,0,0,0,0,0,0,0,0,0,0,0,0,0,0,0,0,0,0,0,0,0,0,0,0,0,0,1
"F0301",0,17251,0,0,0,0,0,0,0,0,0,0,0,0,0,0,0,0,0,0,0,0,0,0,0,0,0,0,0,0,0,1
"F0302",0,13064,0,0,0,0,0,0,0,0,0,0,0,0,0,0,0,0,0,0,0,0,0,0,0,0,0,0,0,0,0,1
"F0310",0,23754,0,0,0,0,0,0,0,0,0,0,0,0,0,0,0,0,0,0,0,0,0,0,0,0,0,0,0,0,0,1
"F0313",0,0,0,0,0,0,0,0,0,0,0,0,0,0,0,0,0,27261,0,0,0,0,0,0,0,0,0,0,0,0,0,1
"F0315",0,0,0,0,0,0,0,0,0,0,0,0,0,0,0,0,0,2723,0,0,0,0,0,0,0,0,0,0,0,0,0,1
"F0362",0,0,0,0,0,0,0,0,0,0,0,0,0,0,0,0,0,1517,0,0,0,0,0,0,0,0,0,0,0,0,0,1
"F0365",0,27013,0,0,0,0,0,0,0,0,0,0,0,0,0,0,0,0,0,0,0,0,0,0,0,0,0,0,0,0,0,1
"F0371",0,0,0,0,0,0,0,0,0,0,0,0,0,0,0,0,0,8577,0,0,0,0,0,0,0,0,0,0,0,0,0,1
"F0376",0,0,0,0,0,0,0,0,0,0,0,0,0,0,0,0,0,134280,0,0,0,0,0,0,0,0,0,0,0,0,0,1
"F0423",0,10105,0,0,0,0,0,0,0,0,0,0,0,0,0,0,0,4521,0,0,0,0,0,0,0,0,0,0,0,0,0,2
"F0424",0,6884,0,0,0,0,0,0,0,0,0,0,0,0,0,0,0,0,0,0,0,0,0,0,0,0,0,0,0,0,0,1
"F0427",0,54487,0,0,0,0,0,0,0,0,0,0,0,0,0,0,0,0,0,0,0,0,0,0,0,1208,0,0,0,0,0,2
"F0429",0,0,0,0,0,0,0,0,0,9209,0,0,0,0,0,0,0,8172,0,0,0,0,0,0,0,0,0,0,0,0,0,2
"F0430",0,26749,0,0,0,0,0,0,0,0,0,0,0,0,0,0,0,0,0,0,0,0,0,0,0,0,0,0,0,0,0,1
"F0432",0,0,0,0,0,0,0,0,0,0,0,0,0,0,0,0,0,12564,0,0,0,0,0,0,0,0,0,0,0,0,0,1
"F0435",0,0,0,0,0,0,0,0,0,0,0,0,0,0,0,0,0,0,0,0,109715,0,0,0,0,404815,0,0,0,0,0,2
"F0436",0,246165,0,0,0,0,0,0,0,0,0,0,0,0,0,0,0,0,0,0,0,0,0,0,0,0,0,0,0,0,0,1
"F0438",0,206140,0,0,0,0,0,0,0,21160,0,18795,0,0,0,0,0,88360,0,0,0,0,0,0,0,0,0,0,0,0,0,4
"F0439",0,0,0,0,0,0,0,0,0,0,0,0,0,0,0,0,0,35921,0,0,0,0,0,0,0,0,0,0,0,0,0,1
"F0441",0,0,0,0,0,0,0,0,0,0,0,0,0,0,0,0,0,45584,0,0,0,0,0,0,0,31499,0,0,0,0,0,2
"F0443",0,112120,0,0,0,0,0,0,0,0,0,0,0,0,0,0,0,0,0,0,0,0,0,0,0,0,0,0,0,0,0,1
"F0446",0,14803,0,0,0,0,0,0,0,0,0,0,0,0,0,0,0,0,0,0,0,0,0,0,0,0,0,0,0,0,0,1
"F0449",0,8418,0,0,0,0,0,0,0,0,0,0,0,0,0,0,0,0,0,0,0,0,0,0,0,0,0,0,0,0,0,1
"F0454",0,44690,0,0,0,0,0,0,0,0,0,14530,83250,0,0,0,0,0,0,0,85070,0,0,0,0,0,0,0,0,0,0,4
"F0458",0,0,0,0,0,0,0,3959,0,0,0,0,0,0,0,0,0,0,0,0,0,0,0,0,0,0,0,0,0,0,0,1
"F0527",0,5368,0,0,0,0,0,0,0,0,0,0,0,0,0,0,0,8407,0,0,0,0,0,0,0,0,0,0,0,0,0,2
"F0528",0,8377,0,0,0,0,0,0,0,0,0,0,0,0,0,0,1543,0,0,0,0,0,0,0,0,0,0,0,0,0,0,2
"F0529",0,0,0,0,0,0,0,0,0,0,0,0,6680,0,0,0,0,0,0,0,0,0,0,0,0,0,0,0,0,0,0,1
"F0530",0,11829,0,0,0,0,0,0,0,0,0,0,0,0,0,0,0,0,0,0,0,0,0,0,0,0,0,0,0,0,0,1
"F0531",0,15257,0,0,0,0,0,0,0,0,0,0,0,0,0,0,0,0,0,0,0,0,0,0,0,0,0,0,0,0,0,1
"F0532",3371,3948,0,0,0,0,0,0,0,0,0,0,0,0,0,0,0,19011,0,0,0,0,0,0,0,0,0,0,0,0,0,3
"F0534",0,21558,0,0,0,0,0,0,0,0,0,0,0,0,0,0,0,0,0,0,0,0,0,0,0,0,0,0,0,0,0,1
"F0535",0,10623,0,0,0,0,0,0,0,0,0,0,0,0,0,0,0,0,0,0,0,0,0,0,0,0,0,0,0,0,0,1
"F0538",0,15261,0,0,0,0,0,0,0,0,0,0,0,0,0,0,0,0,0,0,0,0,0,0,0,0,0,0,0,0,0,1
"F0541",0,0,0,0,0,0,0,0,0,0,0,0,0,0,0,0,0,19138,0,0,0,0,0,0,0,0,0,0,0,0,0,1
"F0545",0,3303,0,0,0,0,0,0,0,0,0,0,0,0,0,0,0,0,0,0,0,0,0,0,0,0,0,0,0,0,0,1
"F0546",0,33475,0,0,0,0,0,0,0,0,0,0,0,0,0,0,0,0,0,0,22410,0,0,0,0,0,0,18765,0,0,0,3
"F0549",0,12064,0,0,0,0,0,0,0,0,0,0,0,0,0,0,0,0,0,0,0,0,0,0,0,0,0,0,0,0,0,1
"F0550",0,20650,0,0,0,0,0,29560,0,0,0,0,0,0,0,0,0,33535,0,0,74485,0,0,0,0,0,0,0,0,0,0,4
"F0552",0,8567,0,0,0,0,0,0,0,0,0,0,0,0,0,0,0,0,0,0,0,0,0,0,0,0,0,0,0,0,0,1
"F0554",0,13122,0,0,0,0,0,0,0,0,0,0,0,0,0,0,0,0,0,0,0,0,0,0,0,0,0,16250,0,0,0,2
"F0555",0,0,0,0,0,0,0,0,0,0,0,0,0,0,0,0,0,6321,0,0,0,0,0,0,0,1180,0,0,0,0,0,2
"F0557",0,6838,0,0,0,0,0,0,0,0,0,0,0,2972,0,0,0,0,0,0,0,0,0,0,0,0,0,0,0,0,0,2
"F0566",0,5328,0,0,0,0,0,0,0,0,0,0,0,0,0,0,0,5594,0,0,22461,0,0,0,0,0,0,0,0,0,0,3
"F0567",0,1444,0,0,0,0,0,0,0,0,0,0,0,0,0,0,0,0,0,0,0,0,0,0,0,0,0,0,0,0,0,1
"F0568",0,2312,0,0,0,0,0,0,0,0,0,0,0,0,0,0,0,2566,0,0,0,0,0,0,0,0,0,0,0,0,0,2
"F0569",0,0,0,0,0,0,0,0,31708,0,0,0,0,0,0,0,0,0,0,0,0,0,0,0,0,0,0,0,0,0,0,1
"F0770",0,64815,0,0,0,0,0,0,0,0,0,0,0,0,0,0,0,10010,0,0,0,0,0,0,0,0,0,0,0,0,0,2
"F0777",0,8626,0,0,0,0,0,0,0,0,0,0,0,0,0,0,0,0,0,0,0,0,0,0,0,0,0,0,0,0,0,1
"F0786",0,26890,0,0,0,0,0,0,0,0,0,0,0,0,0,0,0,0,0,0,0,0,0,0,0,0,0,0,0,0,0,1
"F0789",0,24346,0,0,0,0,0,0,0,0,0,0,0,0,0,0,0,0,0,0,0,0,0,0,0,0,0,0,0,0,0,1
"F0790",0,0,0,0,0,0,0,0,0,0,0,0,0,12050,0,0,0,0,0,0,0,0,0,0,0,0,0,0,0,0,0,1
"F0794",0,0,0,0,0,0,0,2651900,0,0,0,0,0,0,0,0,0,0,0,0,0,0,0,0,0,0,0,0,0,0,0,1
"F0795",0,0,0,0,0,0,0,0,0,0,0,0,0,0,0,0,0,0,0,0,38300,0,0,0,0,0,0,0,0,0,0,1
"F0687",0,0,0,0,0,0,0,0,0,0,23903,0,0,0,0,0,0,48311,0,0,0,0,0,0,0,0,0,0,0,0,0,2
"F0689",0,0,0,0,0,0,0,0,0,0,0,0,0,0,0,0,0,82379,0,0,0,0,0,0,0,0,0,0,0,0,0,1
"F0697",0,0,0,0,0,0,0,0,0,0,0,0,0,0,0,0,0,2942680,0,0,0,0,0,0,0,0,0,0,0,0,0,1
"F0698",0,0,0,0,0,0,0,0,0,0,0,0,0,0,0,0,0,340735,0,0,0,0,0,0,0,0,0,0,0,0,0,1
"F0699",0,125845,0,0,0,0,0,0,0,0,0,0,0,0,0,0,0,0,0,0,0,0,0,0,0,0,0,0,0,0,0,1
"F0703",0,0,0,0,0,0,0,0,0,0,0,0,0,30825,0,0,0,0,0,0,0,0,0,0,0,0,0,0,0,0,0,1
"F0705",0,0,0,0,0,0,0,0,0,0,0,0,0,0,0,0,0,29039,0,0,0,0,0,0,0,0,0,0,0,0,0,1
"F0708",0,0,0,0,0,0,0,38840,0,0,0,0,0,882820,0,0,0,981160,0,0,0,0,0,0,0,0,0,0,0,1175860,0,4
"F0711",0,0,0,0,0,0,0,0,0,0,0,0,0,0,0,0,0,17315,0,0,0,0,0,0,0,0,0,0,0,0,0,1
"F0716",0,0,0,0,0,0,0,0,0,0,0,0,0,16780,0,0,0,26130,0,0,0,0,0,0,0,108190,0,0,0,76290,0,4
"F0721",0,20710,0,0,0,0,0,0,0,0,0,0,0,0,0,0,0,732040,0,0,0,0,0,0,0,0,0,0,0,0,0,2
"F0726",0,0,0,0,0,0,0,0,0,0,0,0,0,26727,0,0,0,0,0,0,0,0,0,0,0,0,0,0,0,0,0,1
"F0727",0,0,0,0,0,0,0,0,0,0,0,0,0,0,0,0,0,0,0,0,140744,0,0,0,0,0,0,0,0,0,0,1
"F0728",0,76530,0,0,0,0,0,0,0,0,0,0,0,0,0,0,0,0,0,0,579185,0,0,0,0,0,0,0,0,0,0,2
"F0729",0,0,0,0,0,0,0,0,0,0,0,0,0,0,0,0,0,41422,0,0,0,0,0,0,0,0,0,0,0,0,0,1
"F0730",0,0,0,0,0,0,0,0,0,0,0,0,0,0,0,0,0,88761,0,0,0,0,0,0,0,0,0,0,0,0,0,1
"F0733",0,0,0,0,0,0,0,0,0,0,0,0,0,0,0,0,25700,58493,0,0,0,0,0,0,0,0,0,0,0,0,0,2
"F0735",0,0,0,0,0,0,0,0,0,0,0,0,0,0,0,0,0,20223,0,0,0,0,0,0,0,0,0,0,0,0,0,1
"F0736",0,0,0,0,0,0,0,0,0,2650,0,0,0,0,0,0,0,0,0,0,0,0,0,0,0,0,0,0,0,0,0,1
"F0737",0,0,0,0,0,0,0,0,0,0,0,0,0,0,0,0,0,22502,0,0,0,0,0,0,0,0,0,0,0,0,0,1
"F0738",0,0,0,0,0,0,0,0,0,0,0,0,0,0,0,0,0,70639,0,0,0,0,0,0,0,0,0,0,0,0,0,1
"F0739",0,38890,0,0,0,0,0,0,0,0,0,0,0,0,0,0,0,0,0,0,91120,0,0,0,0,0,0,0,0,0,0,2
"F0740",0,12393,0,0,0,0,0,0,0,0,0,0,0,0,0,0,0,0,0,0,0,0,0,0,0,0,0,0,0,0,0,1
"F0741",0,0,0,0,0,0,0,0,0,0,0,0,0,0,0,0,0,571020,0,0,0,0,0,0,0,0,0,0,0,0,0,1
"F0748",0,47040,0,0,0,0,0,0,0,0,0,0,0,0,0,0,0,0,0,0,0,0,0,0,0,0,0,0,0,0,0,1
"F0749",0,0,0,0,0,0,0,0,0,0,0,0,0,0,0,0,0,130612,0,0,0,0,0,0,0,0,0,0,0,0,0,1
"F0755",0,33060,0,0,0,0,0,0,0,0,0,0,0,0,0,0,0,0,0,0,0,0,0,0,0,0,0,0,0,0,0,1
"F0760",0,2085,0,0,0,0,0,0,0,0,0,0,0,0,0,0,0,0,0,0,0,0,0,0,0,0,0,0,0,0,0,1
"F0602",0,0,0,0,0,0,0,0,0,0,0,0,0,0,0,0,0,0,0,0,0,0,0,0,0,0,0,0,0,83122,0,1
"F0604",0,0,0,0,0,0,0,0,0,0,0,0,0,0,0,0,0,0,0,0,0,0,0,0,0,0,0,0,0,3706,0,1
"F0605",0,0,0,0,0,0,0,5815,0,0,0,0,0,0,0,0,0,0,0,0,0,0,0,0,0,0,0,0,0,0,0,1
"F0607",0,0,0,0,0,0,0,0,0,0,0,0,0,0,0,0,0,0,0,7920,0,0,0,0,0,0,0,0,0,0,0,1
"F0608",0,0,0,0,0,0,0,0,0,0,0,0,0,0,0,0,0,0,0,0,0,0,0,0,0,0,0,8972,0,5711,0,2
"F0609",0,3488,0,0,0,0,0,0,0,0,79060,0,0,0,0,0,0,28816,0,0,44503,0,0,0,0,0,0,0,0,0,26722,5
"F0612",0,0,0,0,0,0,0,0,0,0,21591,0,0,13934,0,0,0,8227,0,0,0,0,0,0,0,16640,0,0,0,4731,17130,6
"F0613",0,0,0,0,0,0,0,0,0,0,0,4310,0,40443,0,0,0,0,0,0,18814,0,0,0,0,4763,0,0,0,0,0,4
"F0615",0,0,0,0,0,0,0,0,0,0,0,0,3283,0,0,0,0,0,0,0,0,0,0,0,0,0,0,0,0,0,0,1
"F0616",0,0,0,0,0,0,0,0,0,0,40615,0,0,0,0,0,56915,0,0,0,396420,0,0,0,0,0,0,33530,0,0,0,4
"F0621",0,0,0,0,0,0,0,11479,0,0,0,0,0,0,0,0,0,0,0,0,0,0,0,0,0,8564,0,0,0,0,0,2
"F0622",0,0,0,0,0,0,0,0,0,0,0,4601,0,0,0,0,0,0,0,0,12386,0,0,0,0,0,0,10005,0,0,0,3
"F0623",0,0,0,0,0,0,0,0,0,0,0,9311,0,0,0,0,0,0,0,0,0,0,0,0,0,0,0,0,0,0,0,1
"F0624",0,0,0,0,0,0,0,0,0,0,0,0,0,4991,0,0,0,0,0,0,0,0,0,0,0,0,0,0,0,0,0,1
"F0625",0,6463,0,0,0,0,0,0,0,0,0,0,0,0,0,0,0,0,0,0,0,0,0,0,0,0,0,0,0,0,0,1
"F0629",0,0,0,0,0,0,0,0,0,0,0,0,0,0,0,0,0,29117,0,0,0,0,0,0,0,0,0,0,0,0,0,1
"F0630",0,0,0,0,0,0,0,0,0,0,0,0,0,7258,0,0,0,0,0,0,0,0,0,0,0,0,0,0,0,0,0,1
"F0889",0,0,0,0,0,0,0,0,0,0,0,0,0,0,0,0,0,0,0,0,22110,0,0,0,0,0,0,0,0,0,0,1
"F0890",0,0,0,0,0,0,0,0,0,0,0,0,19911,0,0,0,0,0,0,0,42844,0,0,0,0,0,0,0,0,0,0,2
"F0892",0,0,0,0,0,0,0,0,0,0,0,0,0,0,0,0,0,0,0,0,0,0,0,0,0,2723,0,0,0,0,0,1
"F0894",0,2649,0,0,0,0,0,0,0,0,11982,0,0,0,0,0,0,0,0,0,6420,0,0,0,0,0,0,0,0,0,0,3
"F0895",0,3712,0,0,0,0,0,0,0,0,0,0,0,0,0,0,0,0,0,0,0,0,0,0,0,0,0,0,0,0,0,1
"F0896",0,0,0,0,0,0,0,0,0,0,0,0,0,0,0,0,0,8927,0,0,0,0,4415,0,0,0,0,0,0,0,0,2
"F0902",0,7163,0,0,0,0,0,0,0,0,0,0,0,0,0,0,0,0,0,0,0,0,0,0,0,0,0,0,0,0,0,1
"F0903",0,2601,0,0,0,0,0,0,0,0,0,0,0,0,0,0,0,0,0,0,0,0,0,0,0,0,0,0,0,0,0,1
"F0904",0,0,0,0,0,0,0,0,0,0,0,0,0,0,0,0,0,0,0,0,8006,0,0,0,0,0,0,0,0,0,0,1
"F0907",0,4818,0,0,0,0,0,0,0,0,0,0,0,0,0,0,0,0,0,0,0,0,0,0,0,0,0,0,0,0,0,1
"F0911",0,11631,0,0,0,0,0,0,0,0,0,0,0,0,0,0,0,0,0,0,0,0,0,0,0,0,0,0,0,0,0,1
"F0913",0,0,0,0,0,0,0,0,0,0,0,0,0,0,0,0,0,2258,0,0,0,0,0,0,0,0,0,0,0,0,0,1
"F0915",0,0,0,0,0,0,0,0,0,0,10038,0,0,0,0,0,0,0,0,0,0,0,0,0,0,7443,0,0,0,0,0,2
"F0919",0,16729,0,0,0,0,0,0,0,0,0,0,0,0,0,0,0,0,0,0,0,0,0,0,0,0,0,0,0,0,0,1
"F0920",0,0,0,0,0,0,0,0,0,0,0,0,0,0,0,0,0,0,0,0,6917,0,0,0,0,0,0,0,0,0,0,1
"F0922",0,31595,0,0,0,0,0,0,0,0,0,0,0,0,0,0,0,0,0,0,99470,0,0,0,0,0,0,0,0,0,0,2
"F0923",0,12553,0,0,0,0,0,0,0,0,0,0,0,0,0,0,0,0,0,0,0,0,0,0,0,0,0,0,0,0,0,1
"F0928",0,10225,0,0,0,0,0,0,0,0,0,0,0,0,0,0,0,0,0,0,7683,0,0,0,0,0,0,0,0,0,0,2
"F0930",0,0,0,0,0,0,0,0,0,0,0,0,0,0,0,0,0,0,0,0,18368,0,0,0,0,0,0,0,0,0,0,1
"F0931",0,0,0,0,0,0,0,0,0,0,8197,0,0,0,0,0,0,0,0,0,0,0,0,0,0,0,0,0,0,0,0,1
"F0933",0,0,0,0,0,0,0,0,0,0,0,0,0,0,0,0,0,0,0,0,0,0,0,0,0,0,4370,0,0,0,0,1
"F0935",0,0,0,0,0,0,0,0,0,0,0,0,0,0,0,0,0,0,0,0,210620,0,0,0,0,0,0,0,0,0,0,1
"F0936",0,5643,0,0,0,0,0,0,0,0,0,0,0,0,0,0,0,0,0,0,0,0,0,0,0,0,0,0,0,0,0,1
"F0938",0,8040,0,0,0,0,0,0,0,0,0,0,0,0,0,0,0,0,0,0,0,0,0,0,0,0,0,0,0,0,0,1
"F0939",0,15615,0,0,0,0,0,0,0,0,0,0,0,0,0,0,0,0,0,0,0,0,0,0,9149,0,0,0,0,0,0,2
"F0940",0,3622,0,0,0,0,0,0,0,0,0,0,0,0,0,0,0,0,0,0,0,0,0,0,0,0,0,0,0,0,0,1
"F0941",0,5268,0,0,0,0,0,0,0,0,0,0,0,0,0,0,0,0,0,0,7596,0,0,0,0,0,0,0,0,0,0,2
"F0942",0,16069,0,0,0,0,0,0,0,0,0,0,0,0,0,0,0,8801,0,0,0,0,0,0,0,0,0,0,0,0,0,2
"F0944",0,9290,0,0,0,0,0,0,0,0,0,0,0,0,0,0,0,0,0,0,0,0,0,0,0,0,0,0,0,0,0,1
"F0945",0,0,0,0,0,0,0,0,0,0,0,0,0,0,0,0,0,0,8684,0,0,0,0,0,0,0,0,0,0,0,0,1
"F0946",0,2556,0,0,0,0,0,0,0,0,0,0,0,0,0,0,0,0,0,0,0,0,0,0,0,0,0,0,0,0,0,1
"F0947",0,20865,0,0,0,0,0,0,0,0,0,0,0,0,0,0,0,0,0,0,0,0,0,0,0,0,0,0,0,0,0,1
"F0948",0,0,0,0,0,0,0,0,0,0,6360,0,0,0,0,0,0,0,0,0,0,0,0,0,0,0,0,0,0,0,0,1
"F0951",0,3650,0,0,0,0,0,0,0,0,0,0,0,0,0,0,0,0,0,0,0,0,0,0,2148,0,0,0,0,0,0,2
"F0952",0,25772,0,0,0,0,0,0,0,0,0,0,0,0,0,0,0,0,0,0,0,0,0,0,0,0,0,0,0,0,0,1
"F0953",0,0,0,0,0,0,0,0,0,0,10543,0,0,5897,0,0,0,0,0,0,8935,0,0,0,0,0,0,0,0,0,0,3
"F1176",0,0,0,0,0,0,0,0,0,0,0,0,0,0,0,0,0,18292,0,0,0,0,0,0,0,0,0,0,0,0,0,1
"F1183",0,42496,0,0,0,0,0,0,0,0,0,0,0,0,0,0,0,0,0,0,0,0,0,0,0,6242,0,0,0,0,0,2
"F1186",0,0,0,0,0,0,0,0,0,0,0,0,0,0,1370470,0,0,0,0,0,0,0,0,0,0,0,0,0,0,0,0,1
"F1193",0,0,0,0,0,0,0,668790,0,0,0,0,0,0,0,0,0,0,0,0,0,0,0,0,0,0,0,0,0,0,0,1
"F1197",0,0,0,0,0,0,0,0,0,0,0,0,0,0,0,0,0,0,0,0,0,0,0,0,0,0,0,0,0,0,10452,1
"F1199",0,0,0,0,0,0,0,0,0,9356,0,0,0,0,0,0,0,0,0,0,0,0,0,0,0,0,0,0,0,0,0,1
"F1201",0,0,0,0,0,0,0,0,0,0,0,0,0,0,0,0,0,1595,0,0,0,0,0,0,0,0,0,0,0,0,0,1
"F1203",0,0,0,0,0,0,0,0,0,0,0,0,0,1483,0,0,0,30221,0,0,0,0,0,0,0,25593,0,0,0,0,0,3
"F1210",0,52196,0,0,0,0,0,0,0,0,0,0,0,0,0,0,0,0,0,0,0,0,0,0,0,0,0,0,0,0,0,1
"F1212",0,0,0,0,0,0,0,0,0,0,0,0,0,10166,0,0,0,0,0,0,0,0,0,0,0,0,0,0,0,0,0,1
"F1215",0,1193,0,0,0,0,0,0,0,0,0,0,0,0,0,0,0,0,0,0,0,0,0,0,0,0,32597,0,0,0,0,2
"F1085",0,0,0,0,0,0,0,0,0,0,28920,0,0,0,0,0,0,4447,0,0,0,0,0,0,0,0,0,0,0,0,0,2
"F1088",2544,0,0,0,0,0,0,0,0,0,53519,0,0,0,0,0,0,0,0,0,0,0,0,0,0,0,0,0,0,0,0,2
"F1092",0,0,0,0,0,0,0,0,0,0,50989,0,0,0,0,0,0,0,0,0,0,0,0,0,0,0,0,0,0,0,0,1
"F1094",0,26515,0,0,0,0,0,0,0,0,0,0,0,0,0,0,0,0,0,0,0,0,0,0,0,0,0,0,0,0,0,1
"F1120",0,33153,0,0,0,0,0,0,0,0,0,0,0,0,0,0,0,0,0,0,0,0,0,0,0,4473,0,0,0,0,0,2
"F1122",0,0,0,0,0,0,38058,0,0,0,0,0,0,0,0,0,0,0,0,0,0,0,0,0,0,0,0,0,0,0,53833,2
"F1123",0,0,0,0,0,0,0,0,0,0,0,0,0,0,0,0,0,0,0,0,0,0,0,0,0,0,0,29275,0,9525,0,2
"F1127",0,0,0,0,0,0,0,0,0,0,0,0,0,0,0,0,0,0,0,0,0,21458,0,0,0,0,43456,28636,0,32644,0,4
"F1129",0,12607,0,0,0,0,0,0,0,0,0,0,0,0,0,0,0,1898,0,0,0,0,0,0,0,0,0,0,0,0,0,2
"F1136",0,27244,0,0,0,0,0,0,0,0,0,0,0,0,0,0,0,0,0,0,0,0,0,0,0,0,0,0,0,0,0,1
"F1138",0,0,0,0,0,0,0,0,0,0,0,0,0,0,0,0,0,94624,0,0,0,0,0,0,0,0,0,0,0,0,0,1
"F1142",0,32562,0,0,0,0,0,0,0,0,0,0,0,0,0,0,0,0,0,0,0,0,0,0,0,0,0,0,0,0,0,1
"F1143",0,0,0,0,0,0,0,0,0,0,0,0,0,0,0,0,0,0,0,0,0,0,0,0,0,0,0,0,0,0,14189,1
"F1144",0,4398,0,0,0,0,0,0,0,0,0,0,0,0,0,0,0,0,0,0,0,0,0,0,0,0,0,0,0,0,0,1
"F1342",0,4982,0,0,0,0,0,16698,0,0,0,11752,0,0,0,0,0,7110,0,0,0,0,0,0,0,0,12347,0,0,0,0,5
"F1427",0,0,0,0,0,0,0,0,0,0,6145,0,0,0,0,0,0,0,0,0,0,0,0,0,0,0,0,0,0,0,0,1
"F1437",0,0,0,0,0,0,0,0,0,0,0,0,0,494260,0,0,0,0,0,0,0,0,0,0,0,734850,0,0,0,0,0,2
"F1441",0,0,0,0,0,0,0,0,0,0,0,0,0,0,0,0,0,0,0,23150,0,0,0,0,0,0,0,0,0,0,0,1
"F1442",0,0,0,0,0,0,0,0,0,0,0,0,0,0,0,0,0,6374,0,0,0,0,0,0,0,0,0,0,0,0,0,1
"F1451",0,21710,0,0,0,0,0,0,0,0,0,0,0,0,0,0,0,68404,0,0,0,0,0,0,0,3521,0,0,0,0,0,3
"F1470",0,2825,0,0,0,0,0,0,0,0,0,0,0,0,0,0,0,6664,8403,0,0,0,0,0,0,0,0,0,0,0,0,3
"F1479",0,0,0,0,0,0,0,0,0,0,0,0,0,0,0,0,0,7056,3015,0,0,0,0,0,0,0,0,0,0,0,0,2
"F1483",0,0,0,0,0,0,0,0,0,0,0,0,0,0,0,0,0,20539,0,0,0,0,0,0,0,0,0,0,0,0,0,1
"F1484",0,11027,0,0,0,0,0,0,0,0,0,0,0,1425,0,0,0,0,0,0,0,0,0,0,0,0,0,0,0,0,0,2
"F1494",0,0,0,0,0,0,0,0,0,0,0,0,0,0,0,0,0,5617,0,0,0,0,0,0,0,0,0,0,0,0,0,1
"F1523",0,23899,0,0,0,0,0,0,0,0,0,0,0,80117,0,0,0,0,0,0,0,0,0,0,0,0,0,0,0,0,0,2
"F1526",0,0,0,0,0,0,0,0,0,0,0,0,0,3955,0,0,0,0,0,0,18138,0,0,0,0,0,0,0,0,0,0,2
"F1527",0,10593,0,0,0,0,0,0,0,0,0,0,0,2194,0,0,0,0,0,0,14780,0,0,0,0,0,0,0,0,0,0,3
"F1329",0,29520,0,0,0,0,0,0,0,0,0,0,0,0,0,0,0,0,0,0,33595,0,0,0,0,0,0,0,0,0,0,2
"F1338",0,12791,0,0,0,0,0,0,0,0,0,0,0,0,0,0,0,0,0,0,0,0,0,0,0,0,0,0,0,0,0,1
"F1340",0,14371,0,0,0,0,0,0,0,0,0,0,0,0,0,0,0,0,0,0,0,0,0,0,0,0,0,0,0,0,0,1
"F1638",0,0,0,42795,0,0,0,0,0,0,10108,0,19503,8375,0,0,0,0,0,0,19177,0,0,0,0,40865,0,0,0,0,0,6
"F1640",0,0,0,0,0,0,0,0,0,0,0,0,0,16483,0,0,0,82611,0,0,21205,0,0,0,0,10637,0,0,0,0,0,4
"F1641",12277,0,0,0,0,0,0,0,0,0,0,0,0,2569,0,0,0,0,0,0,26322,0,8890,0,0,0,0,4881,0,7419,0,6
"F1642",0,7621,0,12039,0,0,0,0,0,0,17831,1983,0,1665,0,0,0,0,0,0,7735,0,0,0,0,0,0,0,0,0,0,6
"F1644",0,0,0,0,0,0,0,0,0,0,0,2372,12561,9321,0,0,0,0,0,0,0,0,0,0,0,0,0,0,0,0,0,3
"F1819",0,10468,0,0,0,0,0,0,0,0,0,0,0,0,0,0,0,0,0,0,17890,0,0,0,0,0,0,0,0,0,0,2
"F1821",0,0,0,0,0,0,0,0,0,0,0,0,0,0,0,0,0,0,0,0,30343,0,0,0,0,0,0,0,0,0,0,1
"F1822",0,72178,0,0,0,0,0,0,0,0,0,0,0,0,0,0,0,0,0,0,0,0,0,0,0,4343,0,0,0,0,0,2
"F1628",0,4823,0,0,0,0,0,0,0,0,0,17221,0,0,0,0,0,0,0,0,0,0,10139,0,0,0,0,0,0,18260,0,4
"F1646",0,7192,0,0,0,0,0,0,0,0,0,0,0,18977,0,0,0,0,0,0,11677,0,0,0,0,0,0,1921,0,0,20631,5
"F1829",0,6177,0,0,0,0,0,0,0,0,0,0,0,0,0,0,0,0,0,0,0,0,0,0,0,0,0,0,0,0,0,1
"F1830",0,17163,0,0,0,0,0,30483,0,0,0,0,0,0,0,0,0,12722,0,0,0,0,0,0,0,0,0,0,0,0,0,3
"F1654",0,6277,0,0,0,0,0,0,0,0,0,16894,18287,21075,0,0,0,0,0,0,14544,0,0,0,0,0,0,0,0,6301,0,6
"F1630",0,5016,0,0,0,0,0,0,0,0,0,1112,0,0,0,0,0,15439,0,0,45278,0,0,0,0,0,0,0,0,0,0,4
"F1631",0,14491,0,0,0,0,0,0,0,0,0,0,0,0,0,0,0,0,0,0,0,0,0,0,0,0,28189,0,0,0,0,2
"F1632",0,3947,0,0,0,0,0,0,0,0,0,0,0,0,0,0,0,0,0,0,0,0,3216,0,0,0,0,0,0,20429,0,3
