"","Malasseziomycetes","Pucciniomycetes","Leotiomycetes","Microbotryomycetes","Pneumocystidomycetes","Ustilaginomycetes","Eurotiomycetes","Mucoromycetes","Tremellomycetes","Saccharomycetes","Sordariomycetes","Pezizomycetes","Exobasidiomycetes","Agaricomycetes","Dothideomycetes","diversity"
"F0012",0,0,0,0,0,0,1,0,0,0,0,0,0,0,0,1
"F0013",1,0,0,0,0,0,0,0,1,0,0,0,0,0,1,3
"F0014",0,0,0,0,0,0,1,0,1,0,0,0,0,0,1,3
"F0015",0,0,0,0,0,0,0,0,1,0,0,0,0,0,0,1
"F0017",0,0,0,0,0,0,0,0,1,0,0,0,0,0,0,1
"F0019",1,0,0,0,0,0,1,0,0,0,1,0,1,0,1,5
"F0020",1,0,1,0,0,0,1,0,0,0,0,0,0,0,1,4
"F0021",1,0,0,1,0,0,1,0,1,0,1,0,0,0,1,6
"F0023",0,0,0,1,0,0,0,0,0,1,0,0,0,0,0,2
"F0026",0,0,0,0,0,0,0,0,0,1,0,0,0,0,0,1
"F0027",0,0,0,0,0,0,0,0,0,1,0,0,0,0,0,1
"F0003",1,0,0,1,0,0,0,0,0,1,0,0,0,0,0,3
"F0030",0,0,0,1,0,0,0,0,0,1,0,0,0,0,0,2
"F0031",0,0,0,0,0,0,0,0,0,0,0,0,0,0,1,1
"F0034",0,0,0,0,0,0,1,0,0,0,0,0,0,0,1,2
"F0035",1,0,1,0,0,0,0,0,0,0,0,1,0,1,1,5
"F0004",0,0,0,0,0,0,1,0,0,0,0,0,0,0,0,1
"F0039",1,0,0,0,0,0,0,0,0,1,1,0,0,1,1,5
"F0041",0,0,0,0,0,1,0,0,1,0,0,0,0,0,0,2
"F0042",1,0,0,1,0,0,0,0,0,0,0,0,0,1,1,4
"F0044",0,0,0,0,0,0,1,0,0,0,1,0,0,0,0,2
"F0045",1,0,0,0,0,0,0,0,0,0,0,0,0,0,1,2
"F0046",1,0,0,0,0,0,0,0,1,0,0,0,0,0,1,3
"F0005",0,0,0,0,0,0,1,0,0,0,0,0,0,0,0,1
"F0049",0,0,0,0,0,0,0,0,0,1,0,0,0,0,0,1
"F0050",0,0,0,0,0,0,0,0,0,1,0,0,0,0,1,2
"F0006",1,0,0,0,0,0,1,0,0,0,0,0,0,0,0,2
"F0059",0,0,0,0,0,0,0,0,0,0,1,0,0,0,0,1
"F0061",1,0,0,0,0,0,0,0,0,0,0,0,0,0,0,1
"F0068",0,0,0,0,0,0,0,0,0,0,1,0,0,0,1,2
"F0071",0,0,0,0,0,0,0,0,0,1,0,0,0,0,0,1
"F0072",0,0,0,0,0,0,0,0,0,1,0,0,0,0,0,1
"F0074",0,0,0,0,0,0,0,0,0,1,0,0,0,0,0,1
"F0008",0,0,0,0,0,0,0,0,0,1,1,0,0,0,1,3
"F0076",0,0,0,0,0,0,0,0,0,0,1,0,0,0,0,1
"F0078",1,0,0,0,0,0,0,0,0,1,0,0,0,0,0,2
"F0109",0,0,0,0,0,0,0,0,0,0,1,0,0,0,1,2
"F0110",0,0,0,0,0,0,1,0,0,0,0,0,0,0,1,2
"F0114",0,0,0,0,0,0,1,0,0,0,0,0,0,0,0,1
"F0118",1,0,0,0,0,0,1,0,1,1,0,0,0,0,1,5
"F0123",0,0,0,1,0,0,1,0,0,0,0,0,0,0,0,2
"F0125",1,0,0,0,0,0,1,0,0,0,1,0,0,0,1,4
"F0127",1,0,0,1,0,0,1,0,0,1,0,0,0,0,0,4
"F0129",1,0,0,0,0,0,1,0,0,0,0,0,0,0,0,2
"F0132",1,0,0,1,0,0,1,0,0,0,0,0,0,0,0,3
"F0134",1,0,0,0,0,0,1,0,0,0,0,0,0,0,1,3
"F0136",1,0,0,0,0,0,1,0,0,1,1,0,0,0,1,5
"F0138",0,0,0,0,0,0,1,0,0,1,0,0,0,0,1,3
"F0140",1,0,0,0,0,0,1,0,0,1,0,0,0,0,0,3
"F0142",0,0,0,0,0,0,0,0,0,1,1,0,0,0,0,2
"F0146",1,0,0,0,0,1,1,0,0,0,1,0,0,0,0,4
"F0148",1,0,0,0,0,0,1,0,0,0,0,0,0,0,0,2
"F0151",0,0,0,0,0,0,0,0,1,1,0,0,0,1,1,4
"F0153",0,0,0,0,0,0,1,0,0,0,0,0,0,0,0,1
"F0155",0,0,0,0,0,0,0,0,0,1,0,0,0,0,0,1
"F0157",1,0,0,0,0,0,1,0,0,0,0,0,0,0,1,3
"F0163",0,0,0,0,0,0,0,0,0,1,0,0,0,0,0,1
"F0166",1,0,0,0,0,0,0,0,1,0,0,0,0,0,0,2
"F0168",0,0,0,0,0,0,1,0,1,0,0,0,0,0,0,2
"F0169",1,0,0,0,0,0,0,0,0,0,0,0,0,0,0,1
"F0177",1,0,0,0,0,0,0,0,1,1,0,0,0,0,1,4
"F0179",0,0,0,0,0,0,0,0,1,0,0,0,0,0,1,2
"F0182",0,0,0,0,0,1,0,0,0,1,0,0,0,1,0,3
"F0184",0,0,0,0,0,0,0,0,1,0,0,0,0,0,0,1
"F0186",0,0,0,0,0,0,0,0,1,0,0,0,0,0,0,1
"F0291",1,0,0,0,0,0,0,0,0,0,0,0,0,0,0,1
"F0299",1,0,0,0,0,0,0,0,0,0,0,0,0,0,0,1
"F0300",0,0,0,0,0,0,1,0,0,0,0,0,0,0,1,2
"F0302",1,0,0,0,0,0,0,0,0,0,0,0,0,0,0,1
"F0313",0,0,0,0,0,0,0,0,0,1,0,0,0,0,0,1
"F0318",0,0,0,0,0,0,0,0,0,1,0,0,0,0,0,1
"F0323",1,0,0,0,0,0,0,0,0,0,0,0,0,0,0,1
"F0332",0,0,0,0,0,0,0,0,0,1,0,0,0,0,0,1
"F0333",0,0,0,0,0,0,0,0,0,1,0,0,0,0,0,1
"F0334",0,0,0,0,0,0,0,0,0,0,0,0,0,0,1,1
"F0336",0,0,0,0,0,0,0,0,0,1,0,0,0,0,0,1
"F0339",0,0,0,0,0,0,0,0,0,1,0,0,0,0,1,2
"F0340",0,0,0,0,0,0,0,0,0,1,0,0,0,0,0,1
"F0341",0,0,0,0,0,0,0,0,0,1,0,0,0,0,0,1
"F0344",0,0,0,0,0,0,0,0,0,1,0,0,0,0,1,2
"F0345",0,0,0,0,0,0,0,0,0,1,0,0,0,0,0,1
"F0346",0,0,0,0,0,0,0,0,0,1,0,0,0,0,0,1
"F0351",1,0,0,0,0,0,0,0,0,1,0,0,0,0,0,2
"F0353",0,0,0,0,0,0,0,0,0,1,0,0,0,0,0,1
"F0356",0,0,0,1,0,0,0,0,0,1,0,0,0,0,0,2
"F0368",1,0,0,0,0,1,0,0,0,1,0,0,0,0,1,4
"F0369",1,0,0,0,0,0,0,0,0,0,0,0,0,0,1,2
"F0374",0,0,0,0,0,0,0,0,0,0,0,0,0,0,1,1
"F0376",0,0,0,0,0,0,0,0,0,1,0,0,0,0,0,1
"F0388",0,0,0,0,0,0,1,0,0,0,1,0,0,0,1,3
"F0391",0,0,0,0,0,0,1,0,0,0,0,0,0,0,1,2
"F0396",0,0,0,0,0,0,0,0,0,1,0,0,0,0,1,2
"F0397",1,0,0,0,0,0,0,0,0,0,0,0,0,0,0,1
"F0398",1,0,0,0,0,0,1,0,0,1,0,0,0,0,0,3
"F0405",1,0,0,0,0,0,1,0,0,0,0,0,0,0,0,2
"F0411",1,0,0,0,0,0,0,0,0,0,0,0,0,0,0,1
"F0414",1,0,0,0,0,0,0,0,0,0,0,0,0,0,0,1
"F0415",1,0,0,0,0,0,0,0,0,0,0,0,0,0,0,1
"F0416",1,0,0,0,0,0,0,0,0,0,0,0,0,0,0,1
"F0419",1,0,0,0,0,0,0,0,0,0,0,0,0,0,0,1
"F0420",1,0,0,0,0,0,0,0,0,0,0,0,0,0,0,1
"F0422",1,0,0,0,0,0,0,0,0,0,0,0,0,0,0,1
"F0424",1,0,0,0,0,0,0,0,0,0,0,0,0,0,0,1
"F0430",1,0,0,0,0,0,0,0,0,0,0,0,0,0,1,2
"F0432",0,0,0,0,0,0,0,0,0,1,0,0,0,0,0,1
"F0435",0,0,0,0,0,0,0,0,0,0,1,0,0,0,1,2
"F0439",0,0,0,0,0,0,0,0,0,1,0,0,0,0,1,2
"F0444",0,0,0,0,0,0,0,0,1,0,0,0,0,0,0,1
"F0212",1,0,0,0,0,0,0,0,0,0,0,0,0,0,0,1
"F0446",1,0,0,0,0,0,0,0,0,0,0,0,0,0,0,1
"F0458",0,0,0,1,0,0,0,0,0,0,0,0,0,0,0,1
"F0216",1,0,0,1,0,0,1,0,0,1,1,0,1,1,1,8
"F0219",1,0,0,0,0,0,0,0,0,0,0,0,0,0,0,1
"F0221",1,0,0,1,0,0,0,0,0,1,0,0,1,0,1,5
"F0230",1,0,0,1,0,0,0,1,1,0,0,0,1,1,1,7
"F0232",0,0,1,0,0,0,0,0,1,0,1,0,1,0,0,4
"F0235",1,0,0,1,0,0,0,0,1,1,0,0,0,0,1,5
"F0236",1,0,0,1,0,0,0,0,0,0,0,0,0,0,1,3
"F0238",1,0,0,0,0,0,0,0,0,0,0,0,1,1,1,4
"F0240",1,0,0,1,0,0,0,0,0,0,0,0,0,0,1,3
"F0248",1,0,0,1,0,0,1,0,0,1,0,0,0,0,1,5
"F0259",1,0,0,0,0,0,0,0,0,0,1,0,0,0,1,3
"F0267",0,0,0,0,0,0,0,0,0,0,0,0,0,0,1,1
"F0273",0,0,0,0,0,0,1,0,0,0,0,0,0,0,0,1
"F0278",0,0,0,0,0,0,0,0,1,0,0,0,0,0,1,2
"F0489",1,0,0,1,0,0,1,0,1,0,0,0,1,1,0,6
"F0494",1,0,0,0,0,0,1,0,0,0,0,0,0,0,0,2
"F0496",1,0,0,0,0,0,0,0,0,0,0,0,0,0,1,2
"F0497",1,0,0,1,0,0,1,0,0,0,0,0,0,1,1,5
"F0500",1,0,0,1,0,0,1,0,0,1,0,0,0,1,1,6
"F0501",0,0,0,0,0,0,1,0,0,1,0,0,0,0,0,2
"F0506",1,0,0,0,0,0,0,0,0,0,0,0,0,1,1,3
"F0507",1,0,0,0,0,0,1,0,0,0,1,0,0,0,0,3
"F0510",0,0,0,0,0,0,1,0,0,0,0,0,0,1,0,2
"F0513",0,0,0,0,0,0,1,0,0,0,0,0,0,0,1,2
"F0478",1,0,0,0,0,0,0,0,0,1,0,0,0,0,0,2
"F0514",1,0,1,1,0,0,1,0,0,1,0,0,0,0,0,5
"F0515",1,0,0,1,0,0,1,0,0,0,0,0,0,0,0,3
"F0516",1,0,0,0,0,0,1,0,0,0,0,0,0,0,1,3
"F0517",1,0,0,1,0,0,1,0,0,0,0,0,0,0,0,3
"F0519",0,0,0,0,0,0,0,0,1,0,0,0,0,0,0,1
"F0522",1,0,0,0,0,0,1,0,0,1,0,0,0,0,0,3
"F0479",0,0,0,0,0,0,1,0,1,1,1,0,0,0,0,4
"F0525",1,0,0,0,0,0,1,0,0,1,0,0,0,0,1,4
"F0538",1,0,0,0,0,0,0,0,0,0,0,0,0,0,0,1
"F0541",0,0,0,0,0,0,0,0,0,1,0,0,0,0,1,2
"F0545",1,0,0,0,0,0,0,0,0,0,0,0,0,0,1,2
"F0546",1,0,0,0,0,0,0,0,0,0,0,0,0,1,1,3
"F0482",0,0,0,0,0,0,0,0,0,1,0,0,0,0,0,1
"F0560",0,0,0,0,0,0,0,0,0,0,0,0,0,0,1,1
"F0563",0,0,0,0,0,0,0,0,0,0,0,0,0,0,1,1
"F0483",0,0,0,0,0,0,1,0,1,0,0,0,0,0,0,2
"F0566",1,0,0,0,0,0,0,0,0,1,0,0,0,0,1,3
"F0567",1,0,0,0,0,0,0,0,0,0,0,0,0,0,1,2
"F0568",1,0,0,0,0,0,0,0,0,1,0,0,0,0,0,2
"F0569",0,0,0,0,0,0,1,0,0,0,0,0,0,0,0,1
"F0580",1,0,0,0,0,0,0,0,0,1,0,0,0,0,0,2
"F0770",1,0,0,0,0,0,0,0,0,1,0,0,0,0,0,2
"F0581",0,0,0,1,0,0,1,0,0,1,0,0,0,0,1,4
"F0777",1,0,0,0,0,0,0,0,0,0,0,0,0,0,1,2
"F0781",0,0,0,0,0,0,0,0,0,0,0,0,0,0,1,1
"F0582",0,0,0,0,0,0,0,0,0,1,0,0,0,0,1,2
"F0786",1,0,0,0,0,0,0,0,0,0,0,0,0,0,0,1
"F0790",0,0,1,0,0,0,1,0,1,0,0,0,0,0,0,3
"F0794",0,0,0,1,0,0,0,0,1,0,0,0,0,0,1,3
"F0800",0,0,0,0,0,0,0,0,0,1,0,0,0,0,0,1
"F0809",1,0,0,0,0,0,0,0,0,0,1,0,0,0,1,3
"F0811",1,0,0,0,0,0,0,0,0,1,0,0,0,0,0,2
"F0812",1,0,0,0,0,0,0,0,0,0,0,0,0,0,0,1
"F0813",0,0,0,0,0,0,0,0,1,1,0,0,0,0,0,2
"F0817",0,0,0,0,0,0,0,0,0,1,0,0,0,0,0,1
"F0818",1,0,0,0,0,0,0,0,0,0,0,0,0,0,0,1
"F0586",0,0,0,0,0,0,1,0,0,0,0,0,0,0,1,2
"F0826",0,0,0,0,0,0,0,0,0,0,1,0,0,1,1,3
"F0827",0,0,0,0,0,0,0,0,1,0,0,0,0,0,1,2
"F0829",0,0,0,0,0,1,0,0,1,1,0,0,0,0,0,3
"F0830",1,0,0,0,0,0,0,0,0,0,0,0,0,0,0,1
"F0832",0,0,0,0,0,0,1,0,0,0,0,0,0,0,0,1
"F0833",0,0,0,1,0,0,0,0,0,0,0,0,0,0,0,1
"F0836",0,0,0,0,0,0,0,0,0,0,0,0,0,1,1,2
"F0837",0,0,0,0,0,0,1,0,0,0,0,0,0,0,0,1
"F0839",1,0,0,0,0,0,0,0,0,0,0,0,0,0,1,2
"F0840",0,0,0,0,0,0,1,0,0,0,0,0,0,0,0,1
"F0841",1,0,0,1,0,0,0,0,0,0,0,0,0,0,0,2
"F0845",0,0,0,0,0,0,1,0,0,0,0,0,0,0,0,1
"F0848",0,0,0,0,0,0,0,0,0,1,0,0,0,0,0,1
"F0850",0,0,0,1,0,0,1,0,0,0,0,0,0,0,1,3
"F0851",1,0,0,0,0,0,0,0,1,0,0,0,0,0,0,2
"F0854",1,0,0,0,0,0,0,0,0,1,0,0,0,0,0,2
"F0856",0,0,0,0,0,0,1,0,0,0,0,0,0,0,0,1
"F0858",1,0,0,0,0,0,0,0,0,0,0,0,0,0,0,1
"F0670",0,0,0,0,0,0,0,0,0,0,0,0,0,0,1,1
"F0671",1,0,0,0,0,0,0,0,0,0,0,0,0,0,0,1
"F0672",1,0,0,0,0,0,0,0,0,0,0,0,0,0,0,1
"F0673",1,0,0,0,0,0,0,0,0,0,0,0,0,0,0,1
"F0674",0,0,0,0,0,0,0,0,0,0,0,0,0,0,1,1
"F0675",1,0,0,0,0,0,0,0,0,0,0,0,0,0,0,1
"F0676",0,0,0,0,0,0,0,0,0,0,0,0,0,1,0,1
"F0681",0,0,0,0,0,0,0,0,0,0,0,0,0,0,1,1
"F0683",0,0,0,0,0,0,0,0,0,0,0,0,0,0,1,1
"F0689",0,0,0,0,0,0,0,0,0,1,0,0,0,0,0,1
"F0698",0,0,0,0,0,0,0,0,0,1,0,0,0,0,0,1
"F0699",1,0,0,0,0,0,0,0,0,0,0,0,0,0,0,1
"F0701",0,0,0,0,0,0,0,0,1,0,0,0,0,0,0,1
"F0716",0,0,0,0,0,0,1,0,0,1,1,0,0,1,1,5
"F0726",0,0,0,0,0,0,1,0,0,0,0,0,0,0,0,1
"F0729",0,0,0,0,0,0,0,0,0,1,0,0,0,0,0,1
"F0733",0,0,0,0,0,0,0,0,0,1,1,0,0,0,0,2
"F0735",0,0,0,0,0,0,0,0,0,1,0,0,0,0,0,1
"F0737",0,0,0,0,0,0,0,0,0,1,0,0,0,0,0,1
"F0740",1,0,0,0,0,0,0,0,0,0,0,0,0,0,0,1
"F0741",0,0,0,0,0,0,0,0,0,1,0,0,0,0,0,1
"F0755",1,0,0,0,0,0,0,0,1,0,0,0,0,0,0,2
"F0602",0,0,0,0,0,0,0,0,0,0,0,0,0,1,1,2
"F0605",0,0,0,1,0,0,0,0,0,0,0,0,0,0,1,2
"F0607",0,0,0,0,0,0,0,0,0,0,0,0,1,0,1,2
"F0608",0,0,0,0,0,0,0,0,0,0,0,0,0,1,1,2
"F0609",1,0,0,0,0,0,0,0,0,1,0,0,0,1,1,4
"F0574",1,0,0,0,0,0,1,0,0,1,0,0,0,0,0,3
"F0612",0,0,0,0,0,0,1,0,0,1,1,0,0,1,1,5
"F0613",0,0,0,0,0,1,1,0,0,0,1,0,0,0,1,4
"F0616",0,0,0,0,0,0,0,0,0,0,1,0,0,1,1,3
"F0575",0,0,0,1,0,0,1,0,0,0,0,0,0,0,0,2
"F0623",0,0,0,0,0,1,0,0,0,0,0,0,0,0,1,2
"F0624",0,0,0,0,0,0,1,0,0,0,0,0,0,0,0,1
"F0625",1,0,0,0,0,0,0,0,0,0,0,0,0,0,0,1
"F0629",0,0,0,0,0,0,0,0,0,1,0,0,0,0,0,1
"F0576",1,0,0,0,0,0,1,0,0,1,0,0,0,0,1,4
"F0630",0,0,0,0,0,0,1,0,0,0,0,0,1,0,0,2
"F0634",1,0,1,0,0,0,0,0,0,1,0,0,1,1,1,6
"F0637",1,0,0,0,0,0,1,0,0,1,0,0,0,1,1,5
"F0641",0,0,0,0,0,0,0,0,0,1,1,0,0,0,0,2
"F0643",0,0,0,1,0,0,1,0,0,0,0,0,0,0,1,3
"F0644",1,0,0,0,0,0,1,0,0,0,1,0,0,1,1,5
"F0646",1,0,0,0,0,0,1,0,0,1,0,0,0,0,1,4
"F0648",1,0,0,0,0,0,0,0,0,0,1,0,0,0,0,2
"F0651",0,0,0,0,0,0,1,0,0,0,0,0,0,0,0,1
"F0653",1,0,0,0,0,0,0,0,0,0,0,0,0,0,0,1
"F0656",1,0,0,0,0,0,0,0,0,0,0,0,0,1,0,2
"F0658",1,0,0,0,0,0,1,0,0,0,0,0,0,0,0,2
"F0660",1,0,0,0,0,0,0,0,0,0,0,0,0,0,1,2
"F0661",1,0,0,0,0,0,0,0,0,0,1,0,0,0,0,2
"F0666",1,0,0,0,0,0,1,0,1,0,1,0,0,1,0,5
"F0868",1,0,0,0,0,0,1,0,0,0,1,0,1,0,0,4
"F0871",1,0,0,0,0,0,1,0,1,0,1,0,0,1,1,6
"F0875",1,0,0,1,0,0,1,0,1,1,1,0,0,0,1,7
"F0877",1,0,0,0,0,0,1,0,0,1,0,0,0,1,0,4
"F0860",1,0,0,1,0,0,1,0,1,1,0,0,0,0,1,6
"F0878",1,0,0,0,0,0,1,0,0,1,1,0,0,1,1,6
"F0880",1,0,0,1,0,0,1,0,0,0,1,0,0,1,1,6
"F0883",1,0,0,0,0,0,1,0,0,1,0,0,0,0,1,4
"F0885",1,0,0,0,0,0,1,0,1,1,1,0,0,1,1,7
"F0887",1,0,0,0,0,0,0,0,0,1,0,0,0,0,1,3
"F0901",0,0,0,0,0,0,0,0,0,0,0,0,0,0,1,1
"F0902",1,0,0,0,0,0,0,0,0,0,0,0,0,0,0,1
"F0903",1,0,0,0,0,0,0,0,0,0,0,0,0,0,0,1
"F0904",0,0,0,0,0,0,0,0,0,0,0,0,0,0,1,1
"F0907",1,0,0,0,0,0,0,0,0,0,0,0,0,0,0,1
"F0863",1,0,0,1,0,0,1,0,0,1,1,0,0,0,1,6
"F0909",0,0,0,0,0,0,0,0,0,0,0,0,0,0,1,1
"F0922",1,0,0,0,0,0,0,0,0,0,0,0,0,0,1,2
"F0923",1,0,0,0,0,0,0,0,0,0,0,0,0,0,0,1
"F0928",1,0,0,0,0,0,0,0,0,0,0,0,0,0,1,2
"F0930",0,0,0,0,0,0,0,0,0,0,0,0,0,0,1,1
"F0931",0,0,0,0,0,0,0,0,0,0,0,0,0,0,1,1
"F0866",1,0,0,1,0,1,1,0,0,1,0,0,0,1,1,7
"F0944",1,0,0,0,0,0,0,0,0,0,0,0,0,1,1,3
"F0945",0,0,0,0,0,0,0,0,0,0,1,0,0,0,1,2
"F0946",1,0,0,0,0,0,0,0,0,0,0,0,0,1,1,3
"F0947",1,0,0,0,0,0,0,0,0,0,0,0,0,0,0,1
"F0948",0,0,0,0,0,0,0,0,0,0,0,0,0,0,1,1
"F0950",0,0,0,0,0,0,0,0,0,0,0,0,0,0,1,1
"F0951",1,0,0,0,0,0,0,0,0,0,1,0,0,0,0,2
"F0952",1,0,0,0,0,0,0,0,0,0,0,0,0,0,1,2
"F0953",0,0,0,0,0,0,1,0,0,0,0,0,0,0,1,2
"F1150",1,0,0,0,0,0,0,0,0,0,0,0,0,1,0,2
"F1151",1,0,0,0,0,0,0,0,0,0,0,0,0,0,0,1
"F1152",1,0,0,0,0,0,0,0,0,0,0,0,1,0,1,3
"F1153",0,0,0,0,0,0,0,0,0,0,0,0,0,0,1,1
"F1156",0,0,0,0,0,0,0,0,0,0,0,0,0,0,1,1
"F1157",0,0,0,0,0,0,0,0,0,1,0,0,0,0,0,1
"F1158",0,0,0,0,0,0,1,0,1,0,0,0,0,0,0,2
"F1159",1,0,0,0,0,0,0,0,0,0,0,0,0,0,0,1
"F1162",1,0,0,0,0,0,0,0,0,0,0,0,0,0,0,1
"F1164",0,0,0,0,0,0,0,0,0,1,0,0,0,0,0,1
"F1165",1,0,0,0,0,0,0,0,1,1,0,0,0,0,0,3
"F1166",1,0,0,0,0,0,0,0,0,0,0,0,0,0,0,1
"F1167",0,0,0,0,0,0,0,0,0,0,1,0,0,0,0,1
"F1168",0,0,0,0,0,0,0,0,0,1,0,0,0,0,0,1
"F1169",1,0,0,0,0,0,0,0,0,0,0,0,0,0,0,1
"F1170",1,0,0,0,0,0,0,0,0,1,0,0,0,0,0,2
"F1173",1,0,0,0,0,0,0,0,0,0,0,0,0,0,0,1
"F1182",0,0,0,0,0,0,0,0,0,0,0,0,0,0,1,1
"F1186",0,0,0,0,0,0,0,0,1,0,0,0,0,0,1,2
"F1193",0,0,0,1,0,0,0,0,0,0,0,0,0,0,0,1
"F1218",1,0,0,0,0,0,1,0,1,1,1,0,0,0,1,6
"F1219",0,0,0,1,0,0,0,0,0,0,0,0,0,0,1,2
"F1222",1,0,0,0,0,0,0,0,0,0,0,0,0,0,0,1
"F1223",0,0,0,0,0,0,0,0,0,1,0,0,0,0,1,2
"F1224",1,0,0,0,0,0,0,0,0,0,0,0,0,0,0,1
"F1229",1,0,0,0,0,0,0,0,0,0,0,0,0,0,0,1
"F1230",1,0,0,0,0,0,0,0,0,0,0,0,0,0,0,1
"F1232",0,0,0,0,0,0,0,0,0,1,0,0,0,0,0,1
"F1235",0,0,0,0,0,0,1,0,0,0,1,0,0,0,0,2
"F1238",1,0,0,0,0,0,0,0,0,0,0,0,0,0,0,1
"F1239",0,0,0,0,0,0,1,0,0,0,0,0,0,0,1,2
"F1051",1,0,0,0,0,0,0,0,0,0,0,0,0,0,0,1
"F1052",1,0,0,0,0,0,0,0,0,0,0,0,0,0,1,2
"F1053",0,0,0,0,0,0,0,0,0,0,0,0,0,1,0,1
"F1054",0,0,0,0,0,0,1,0,0,0,0,0,0,0,0,1
"F1058",0,0,0,0,0,0,0,0,0,0,0,0,0,1,1,2
"F1061",0,0,0,0,0,0,0,0,0,1,0,0,0,0,0,1
"F1063",1,0,0,0,0,0,0,0,0,1,0,0,0,0,0,2
"F1064",1,0,0,0,0,0,0,0,0,0,0,0,0,0,1,2
"F1065",1,0,0,0,0,0,0,0,0,0,1,0,0,0,0,2
"F1066",0,0,0,0,0,0,0,0,0,0,0,0,0,0,1,1
"F1070",0,0,0,0,0,0,0,0,0,1,0,0,0,0,0,1
"F1074",0,0,0,0,0,0,0,0,0,1,0,0,0,0,0,1
"F1076",1,0,0,0,0,0,0,0,0,0,0,0,0,0,1,2
"F1077",0,0,0,0,0,0,0,0,0,0,0,0,0,0,1,1
"F1078",0,0,0,0,0,0,0,0,0,1,0,0,1,0,1,3
"F1079",1,0,0,0,0,0,0,0,0,0,0,0,0,0,0,1
"F1081",0,0,0,0,0,0,1,0,0,1,0,0,0,0,0,2
"F1082",1,0,0,0,0,0,0,0,0,0,0,0,0,0,1,2
"F1083",0,0,0,0,0,0,0,0,0,0,1,0,0,0,0,1
"F1092",0,0,0,0,0,0,0,0,0,0,0,0,0,0,1,1
"F1094",1,0,0,0,0,0,0,0,0,0,0,0,0,0,0,1
"F1120",1,0,0,0,0,0,0,0,0,0,1,0,0,0,0,2
"F1123",0,0,0,0,0,0,0,0,0,0,0,0,0,1,0,1
"F1129",1,0,0,0,0,0,0,0,0,1,0,0,0,0,1,3
"F1137",0,0,0,0,0,0,0,0,0,0,0,0,0,0,1,1
"F1138",0,0,0,0,0,0,0,0,1,1,0,0,0,0,0,2
"F1145",0,0,0,0,0,0,0,0,1,0,0,0,0,0,0,1
"F1147",1,0,0,0,0,0,0,0,0,0,0,0,0,0,0,1
"F1551",0,0,0,0,0,0,1,0,0,0,0,0,0,0,0,1
"F1553",0,0,0,0,0,0,1,0,0,1,0,0,0,1,1,4
"F1555",1,0,0,0,0,0,1,0,0,1,0,0,0,1,1,5
"F1557",1,0,0,1,0,0,0,0,1,0,0,0,1,1,1,6
"F1558",0,0,0,0,0,0,1,0,0,0,0,0,0,0,0,1
"F1561",1,0,0,1,0,0,1,0,0,0,0,0,0,0,0,3
"F1563",1,0,0,0,0,0,1,0,0,0,1,0,0,1,1,5
"F1565",1,0,0,1,0,0,0,0,0,1,1,0,0,0,1,5
"F1573",1,1,1,1,0,0,1,0,0,1,1,0,0,0,1,8
"F1575",0,0,1,1,0,0,0,0,0,0,0,0,0,1,1,4
"F1577",0,0,0,0,0,0,0,0,0,0,0,0,0,0,1,1
"F1579",1,0,0,0,0,0,1,0,0,0,0,0,0,1,1,4
"F1581",1,0,0,0,0,0,1,0,0,1,0,0,0,0,1,4
"F1583",1,0,0,0,0,0,0,0,0,1,0,0,0,0,0,2
"F1586",1,0,0,0,0,0,0,0,0,1,1,0,0,1,1,5
"F1588",1,0,0,0,0,0,1,0,0,0,1,0,0,0,1,4
"F1605",1,0,0,0,0,0,1,0,0,0,1,0,0,0,1,4
"F1608",1,1,0,0,0,0,0,0,0,1,0,0,0,0,1,4
"F1609",1,0,0,1,0,0,1,0,0,1,0,0,0,0,1,5
"F1613",1,0,0,1,0,0,1,0,0,0,0,0,0,1,0,4
"F1615",0,0,0,0,0,0,0,0,0,0,1,0,0,0,0,1
"F1616",0,0,0,1,0,0,1,0,1,1,0,0,0,1,1,6
"F1618",1,0,0,1,0,0,1,0,0,0,0,0,0,1,1,5
"F1622",1,0,0,1,0,0,0,0,0,0,0,0,0,0,1,3
"F1624",1,0,0,0,0,0,0,0,0,1,0,0,0,0,0,2
"F1625",0,0,0,0,0,0,1,0,0,0,0,0,0,0,0,1
"F1252",0,0,0,0,0,0,0,0,1,0,0,0,0,0,1,2
"F1353",0,0,0,0,0,0,0,0,0,1,0,0,0,0,0,1
"F1355",0,0,0,0,0,0,0,0,0,1,0,0,0,0,0,1
"F1371",0,0,0,0,0,0,1,0,0,1,1,0,0,0,1,4
"F1256",0,0,0,1,0,0,0,0,1,0,0,0,0,0,0,2
"F1383",1,0,0,0,0,0,0,0,0,1,0,0,0,0,1,3
"F1387",1,0,0,0,0,0,1,0,0,1,0,0,0,0,1,4
"F1393",1,0,0,0,0,0,0,0,0,0,0,0,0,0,0,1
"F1397",0,0,0,0,0,0,1,0,0,0,0,0,0,0,1,2
"F1414",1,0,0,0,0,0,0,0,0,0,0,0,0,0,1,2
"F1427",0,0,0,0,0,0,0,0,0,0,0,0,0,0,1,1
"F1261",1,0,0,0,0,0,1,0,1,0,0,0,0,0,0,3
"F1437",0,0,0,0,0,0,1,0,0,0,1,0,0,0,0,2
"F1441",0,0,0,0,0,0,0,0,0,0,0,0,1,0,0,1
"F1262",0,0,0,0,0,0,0,0,0,0,1,0,0,0,0,1
"F1442",0,0,0,0,0,0,0,0,0,1,0,0,0,0,0,1
"F1443",0,0,0,0,0,0,0,0,0,1,0,0,0,0,1,2
"F1479",0,0,0,0,0,0,0,0,0,1,1,0,0,0,0,2
"F1483",0,0,0,0,0,0,0,0,0,1,0,0,0,0,0,1
"F1494",0,0,0,0,0,0,0,0,0,1,0,0,0,0,0,1
"F1495",0,0,0,0,0,0,0,0,0,1,0,0,0,0,0,1
"F1527",1,0,0,1,0,0,1,0,0,0,0,0,0,1,1,5
"F1271",0,0,0,0,0,0,0,0,0,0,0,1,0,0,0,1
"F1274",1,0,0,0,0,0,0,0,0,1,0,0,0,0,0,2
"F1275",0,0,0,0,0,0,1,0,0,0,0,0,0,0,0,1
"F1276",1,0,0,0,0,0,0,0,0,0,0,0,0,0,0,1
"F1277",0,0,0,0,0,0,0,0,0,0,1,0,0,0,1,2
"F1279",0,0,0,1,0,0,0,0,0,0,0,0,0,0,0,1
"F1280",1,0,0,0,0,0,0,0,0,1,0,0,0,0,0,2
"F1281",0,0,0,0,0,0,0,0,0,0,0,0,0,0,1,1
"F1246",0,0,0,0,0,0,0,0,0,1,0,0,0,0,0,1
"F1282",1,0,0,0,0,0,0,0,0,0,0,0,0,0,0,1
"F1283",1,0,0,1,0,0,0,0,0,0,0,0,0,0,1,3
"F1285",1,0,0,0,0,0,1,0,0,0,0,0,0,0,0,2
"F1288",0,0,0,0,0,0,0,0,0,0,0,0,0,0,1,1
"F1289",1,0,0,0,0,0,0,0,0,0,0,0,0,0,0,1
"F1292",0,0,0,0,0,0,0,0,0,0,0,0,0,0,1,1
"F1306",0,0,0,0,0,0,1,0,0,1,0,0,0,1,1,4
"F1312",1,0,0,1,0,0,1,0,0,1,0,0,0,0,1,5
"F1314",1,0,0,0,0,0,1,0,0,0,0,0,0,0,0,2
"F1316",0,0,0,0,0,0,1,0,0,0,0,0,0,0,0,1
"F1319",0,0,0,0,0,0,1,0,0,0,0,0,0,0,0,1
"F1321",1,0,0,0,0,0,0,0,0,0,0,0,0,0,0,1
"F1327",0,0,0,0,0,0,0,0,1,0,0,0,0,1,0,2
"F1251",0,0,0,1,0,0,0,0,0,0,0,0,1,0,1,3
"F1338",1,0,0,0,0,0,0,0,0,0,0,0,0,0,0,1
"F1915",0,0,0,0,0,0,1,0,0,1,0,0,0,0,1,3
"F1924",1,0,0,0,0,0,1,0,0,0,0,0,0,0,0,2
"F1925",1,0,0,0,0,0,1,0,0,0,0,0,0,0,1,3
"F1926",0,0,1,0,0,0,0,0,0,0,0,0,0,0,1,2
"F1929",0,0,0,0,0,0,1,0,1,0,0,0,0,0,1,3
"F1930",0,0,1,0,0,0,1,0,0,0,1,0,0,0,1,4
"F1931",0,0,0,0,0,0,0,0,0,1,0,0,0,1,1,3
"F1933",0,0,0,0,0,0,0,0,1,1,0,0,1,0,0,3
"F1916",1,0,0,0,0,0,1,0,1,0,0,0,0,0,1,4
"F1935",0,0,0,1,0,0,0,0,1,0,0,0,0,0,1,3
"F1936",0,0,0,0,0,0,0,0,0,0,0,0,0,0,1,1
"F1917",0,0,0,0,0,0,1,0,1,0,0,0,0,0,1,3
"F1958",0,0,0,0,0,0,0,0,0,1,0,0,0,0,0,1
"F1959",0,0,0,0,0,0,1,0,0,0,0,0,0,1,1,3
"F1960",0,0,1,1,0,1,0,0,1,0,0,0,0,1,1,6
"F1961",0,0,0,1,0,0,0,0,0,0,0,0,0,0,1,2
"F1962",0,0,0,0,0,0,1,0,1,0,0,0,0,0,0,2
"F1963",1,0,0,0,0,0,1,0,0,0,1,0,0,1,1,5
"F1964",0,0,0,0,0,0,1,0,0,0,0,0,0,0,1,2
"F1965",0,0,0,0,0,0,1,0,0,0,0,1,0,0,1,3
"F1967",1,0,1,1,0,0,1,0,1,1,0,0,0,1,0,7
"F1968",0,0,0,0,0,0,1,0,0,1,1,0,1,0,1,5
"F1969",0,0,0,0,0,0,0,0,0,1,0,0,0,0,1,2
"F1970",1,0,0,0,0,0,0,0,0,0,0,0,0,0,0,1
"F1971",1,0,0,1,0,1,1,0,1,0,0,0,0,0,1,6
"F1973",1,0,0,0,0,0,0,0,0,1,0,0,0,0,0,2
"F1920",0,0,0,1,0,0,1,0,0,1,0,0,0,1,0,4
"F1974",0,0,0,0,0,0,1,0,0,0,0,0,0,0,1,2
"F1975",0,0,0,0,0,0,0,0,1,1,0,0,0,1,1,4
"F1976",0,0,0,1,0,0,0,0,0,0,0,0,0,0,0,1
"F1977",1,0,0,0,0,0,1,0,1,0,0,0,0,0,0,3
"F1979",0,0,0,0,0,0,0,0,0,0,0,0,0,0,1,1
"F1981",1,0,0,0,0,0,0,0,0,0,0,0,0,0,0,1
"F1982",0,0,0,0,0,0,0,0,0,1,0,0,0,0,1,2
"F1921",1,0,0,0,0,0,0,0,1,1,0,0,0,1,1,5
"F1984",1,0,0,0,0,0,0,0,0,0,0,0,0,0,0,1
"F1985",0,0,0,0,0,0,0,0,1,0,0,0,0,0,0,1
"F1986",1,0,0,0,0,0,0,0,0,0,0,0,0,0,0,1
"F1987",0,0,0,0,0,0,0,0,0,1,0,0,0,0,0,1
"F1990",0,0,0,0,0,0,0,0,0,1,0,0,0,0,1,2
"F1991",1,0,0,0,0,0,0,0,0,0,1,0,0,0,1,3
"F1992",0,0,0,0,0,0,1,0,1,1,0,0,0,0,0,3
"F1994",0,0,0,0,0,0,1,0,0,0,0,0,0,0,0,1
"F1995",0,0,0,0,0,0,0,0,0,1,0,0,0,0,0,1
"F1996",1,0,0,0,0,1,0,0,0,0,1,0,0,1,0,4
"F1997",0,0,0,1,0,0,1,0,1,0,1,0,0,0,1,5
"F1998",1,0,0,0,0,0,0,0,0,0,0,0,0,0,0,1
"F1999",0,0,0,0,0,0,1,0,0,1,0,0,0,0,0,2
"F2001",1,0,0,0,0,0,0,0,0,1,0,0,0,0,1,3
"F2002",0,0,0,0,0,0,0,0,0,1,1,0,0,0,0,2
"F2003",1,0,0,0,0,0,0,0,0,0,0,0,0,1,0,2
"F2004",1,0,0,0,0,0,0,0,1,0,0,0,0,0,1,3
"F2005",0,0,0,0,0,0,0,0,1,0,1,0,0,0,0,2
"F2006",0,0,0,0,0,0,0,0,0,1,0,0,0,0,0,1
"F2007",0,0,0,0,0,0,0,0,0,1,0,0,0,0,0,1
"F2009",1,0,0,0,0,0,0,0,0,0,1,0,0,0,0,2
"F1727",1,0,0,0,0,0,0,0,1,1,0,0,0,0,1,4
"F1730",0,0,0,0,0,1,0,0,0,0,0,0,0,0,0,1
"F1735",0,0,0,0,0,0,1,0,0,0,0,0,0,0,1,2
"F1638",0,0,1,0,0,0,1,0,0,0,1,0,0,1,1,5
"F1749",0,0,0,0,0,1,1,0,0,0,0,0,0,1,1,4
"F1750",0,0,0,0,0,0,1,0,0,0,0,0,0,1,1,3
"F1751",0,0,0,1,0,1,1,0,0,0,0,0,0,1,1,5
"F1754",1,0,0,0,0,0,1,0,0,0,0,0,0,0,1,3
"F1755",1,0,0,1,0,0,1,0,0,1,0,0,0,1,0,5
"F1756",0,0,0,0,0,0,1,0,0,0,0,0,0,0,0,1
"F1757",1,0,0,0,0,1,1,0,0,0,0,0,0,1,1,5
"F1758",1,0,0,0,0,0,1,0,1,0,0,0,0,1,1,5
"F1759",0,0,0,0,0,0,1,0,0,0,0,0,0,0,1,2
"F1760",0,0,0,0,0,1,1,0,1,0,0,0,0,1,1,5
"F1761",0,0,1,0,0,0,1,0,0,0,0,0,0,1,1,4
"F1762",1,0,1,0,0,0,1,0,1,0,0,0,0,1,1,6
"F1764",1,0,0,1,0,1,1,0,1,1,0,0,0,1,1,8
"F1765",1,0,0,1,0,1,1,0,0,0,0,0,0,1,1,6
"F1640",0,0,0,0,0,0,1,0,1,1,1,0,0,0,1,5
"F1766",1,0,0,0,0,0,1,0,1,0,0,0,0,1,1,5
"F1767",0,0,0,0,0,0,1,0,0,1,0,0,0,0,1,3
"F1769",0,0,0,0,0,1,1,0,0,1,0,0,0,1,1,5
"F1770",0,0,0,0,0,0,1,0,1,0,0,0,0,1,0,3
"F1771",0,0,0,0,0,0,0,0,1,1,0,0,0,1,1,4
"F1772",0,0,0,0,0,0,1,0,0,0,1,0,0,0,1,3
"F1774",0,0,0,0,0,1,1,0,1,0,0,0,0,1,1,5
"F1775",0,0,0,0,0,0,1,0,1,0,0,0,0,1,0,3
"F1641",0,0,0,0,0,0,1,0,0,0,0,1,0,1,1,4
"F1776",0,0,0,0,0,0,1,0,1,0,0,0,0,0,0,2
"F1778",1,0,0,0,0,0,1,0,0,0,0,0,0,0,0,2
"F1779",0,0,0,0,0,0,1,0,0,0,0,0,0,0,0,1
"F1780",1,0,0,0,0,0,1,0,0,0,0,0,0,0,0,2
"F1781",0,0,0,0,0,0,1,0,1,0,0,0,0,0,1,3
"F1642",1,0,1,0,0,1,1,0,0,0,0,0,0,0,1,5
"F1810",1,0,0,0,0,0,0,0,0,0,0,0,0,0,0,1
"F1811",0,0,0,0,0,0,1,0,0,0,0,0,0,0,0,1
"F1812",1,0,0,0,0,0,0,0,0,0,0,0,0,0,0,1
"F1813",0,0,0,0,0,0,0,0,0,1,0,0,0,0,0,1
"F1815",0,0,0,0,0,0,0,0,0,0,0,0,0,0,1,1
"F1816",1,0,0,0,0,0,0,0,1,0,0,0,0,0,0,2
"F1817",1,0,0,0,0,0,1,0,0,0,1,0,0,0,1,4
"F1819",1,0,0,0,0,0,0,0,0,0,1,0,0,0,1,3
"F1820",0,0,0,0,0,0,0,0,0,0,0,0,0,0,1,1
"F1821",0,0,0,0,0,0,0,0,0,0,0,0,0,0,1,1
"F1822",1,0,0,0,0,0,0,0,0,0,1,0,0,0,1,3
"F1824",0,0,0,0,0,0,0,0,0,0,0,0,0,0,1,1
"F1628",1,0,0,0,0,1,0,0,0,0,0,1,0,1,1,5
"F1646",1,0,0,0,0,0,1,0,0,0,0,0,0,1,1,4
"F1826",0,0,0,0,0,0,0,0,1,0,0,0,0,0,0,1
"F1827",0,0,0,0,0,0,0,0,1,0,0,0,0,0,0,1
"F1829",1,0,0,0,0,0,0,0,1,0,0,0,0,0,0,2
"F1830",1,0,0,1,0,0,0,0,0,1,0,0,0,0,1,4
"F1647",0,0,0,0,0,0,0,0,0,0,0,0,0,0,1,1
"F1848",1,0,0,0,0,0,0,0,1,0,0,0,0,0,1,3
"F1858",1,0,0,0,0,0,1,0,0,1,0,0,0,0,0,3
"F1861",1,0,0,0,0,0,1,0,0,1,1,0,0,0,0,4
"F1863",1,0,0,0,0,0,1,0,0,1,1,0,0,1,1,6
"F1868",1,0,0,0,0,0,0,0,0,0,0,0,0,0,0,1
"F1871",0,0,0,0,0,0,1,0,0,0,1,0,1,0,0,3
"F1872",1,0,0,0,0,0,0,0,1,0,0,0,0,0,0,2
"F1873",1,0,0,0,0,0,1,0,0,0,1,0,0,0,1,4
"F1874",1,0,0,0,0,0,1,0,0,0,0,0,0,0,0,2
"F1900",0,0,0,0,0,0,0,0,0,1,0,0,0,0,0,1
"F1901",1,0,0,0,0,0,0,0,0,1,0,0,0,0,0,2
"F1903",1,0,0,0,0,0,0,0,0,0,0,0,0,0,0,1
"F1904",0,0,0,0,0,0,0,0,1,0,1,0,0,0,0,2
"F1905",0,0,0,0,0,0,0,0,0,1,0,0,0,0,0,1
"F1654",1,0,0,0,0,1,1,0,0,0,1,0,0,1,1,6
"F1906",0,0,0,0,0,0,0,0,0,0,0,0,0,0,1,1
"F1908",0,0,0,0,0,0,1,0,0,0,0,0,0,0,0,1
"F1909",0,0,0,0,0,0,0,0,1,0,0,0,0,1,1,3
"F1910",1,0,0,0,0,0,0,0,0,0,0,0,0,0,0,1
"F1911",0,0,0,0,0,0,0,0,0,1,0,0,0,0,0,1
"F1914",0,0,0,0,0,0,1,0,0,0,0,0,0,0,0,1
"F1630",1,0,0,0,0,1,0,0,0,1,0,0,0,0,1,4
"F1631",1,0,0,0,0,0,0,0,1,0,0,0,0,0,0,2
"F1683",0,0,0,0,0,0,0,0,0,0,0,0,0,1,0,1
"F1684",1,0,0,0,0,0,0,0,0,1,0,0,0,0,0,2
"F1632",1,0,0,0,0,0,0,0,0,0,0,1,0,1,1,4
"F1687",1,0,0,0,0,0,0,0,0,0,0,0,0,0,0,1
"F1689",0,0,0,0,0,0,0,0,1,0,0,0,0,0,0,1
"F1690",0,0,0,0,0,0,0,0,0,0,0,0,0,0,1,1
"F1691",0,0,0,0,0,1,0,0,0,0,0,0,0,0,1,2
"F1692",1,0,0,0,0,0,0,0,0,0,0,0,0,0,0,1
"F1695",1,0,0,0,0,0,0,0,0,0,0,0,0,0,0,1
"F1696",0,0,0,0,0,0,1,0,0,0,0,0,0,0,0,1
"F1697",0,0,0,0,0,0,0,0,0,0,0,0,0,1,0,1
"F1699",1,0,0,0,0,0,1,0,0,0,0,0,0,0,0,2
"F1702",1,0,0,0,0,0,0,0,0,0,0,0,0,0,0,1
"F1703",0,0,0,0,0,0,0,0,0,0,0,0,0,0,1,1
"F1704",0,0,0,0,0,0,1,0,0,0,0,0,0,0,0,1
"F1705",0,0,0,0,0,0,0,0,1,0,1,0,0,0,1,3
"F1708",0,0,0,0,0,0,0,0,0,1,0,0,0,0,1,2
"F1709",0,0,0,0,0,0,0,0,0,0,0,0,0,0,1,1
"F1710",1,0,0,0,0,0,1,0,0,0,0,0,0,1,1,4
"F1711",0,0,0,0,0,0,0,0,0,0,0,0,0,1,0,1
"F1713",0,0,0,0,0,0,1,0,0,0,0,0,0,0,1,2
"F1714",1,0,0,1,0,1,1,0,0,1,0,0,0,0,1,6
"F1715",0,0,0,0,0,0,0,0,0,0,1,0,0,0,1,2
"F1716",0,0,0,0,0,0,0,0,0,1,0,0,0,1,0,2
"F1717",0,0,0,0,0,0,0,0,0,0,0,0,0,0,1,1
"F1719",1,0,0,0,0,0,1,0,0,0,0,0,0,0,0,2
"F1720",0,0,1,0,0,0,1,0,0,1,0,0,0,1,0,4
"F1721",0,0,0,0,0,0,1,0,0,0,0,0,0,0,0,1
"F1722",1,0,0,0,0,0,1,0,1,0,0,0,0,0,1,4
"F1724",0,0,0,0,0,0,0,0,0,0,0,0,0,0,1,1
