"","Wickerhamomyces_anomalus","Malassezia_sympodialis","Wallemia_ichthyophaga","Candida_tropicalis","Pyrenophora_tritici-repentis","Malassezia_restricta","Sporisorium_graminicola","Debaryomyces_hansenii","Stereum_hirsutum","Pneumocystis_jirovecii","Aureobasidium_pullulans","Cyphellophora_europaea","Candida_glabrata","Pseudozyma_hubeiensis","Hyphopichia_burtonii","Cyberlindnera_jadinii","Torulaspora_delbrueckii","Saccharomyces_cerevisiae","Trichosporon_asahii","Alternaria_alternata","Coniosporium_apollinis","Ramularia_collo-cygni","Aureobasidium_namibiae","Malassezia_globosa","Penicillium_expansum","Rhodotorula_graminis","Agaricus_bisporus","Schizophyllum_commune","Candida_orthopsilosis","Bipolaris_zeicola","Tilletiopsis_washingtonensis","Byssochlamys_spectabilis","Fusarium_oxysporum","Candida_albicans","diversity"
"F0019",0,0,0,0,0,36057,0,0,0,0,0,0,0,0,0,0,0,0,0,0,0,0,0,0,0,0,0,0,0,0,0,0,0,0,1
"F0020",0,0,0,0,0,16957,0,0,0,0,0,0,0,0,0,0,0,0,0,0,0,0,0,9698,0,0,0,0,0,0,0,0,0,0,2
"F0021",0,0,0,0,0,4162,0,0,0,0,0,0,0,0,0,0,0,0,0,0,0,0,0,0,0,0,0,0,0,0,0,0,0,0,1
"F0003",0,0,0,0,0,14209,0,0,0,0,0,0,0,0,0,0,0,21591,0,0,0,0,0,0,0,0,0,0,0,0,0,0,0,0,2
"F0004",0,0,0,0,0,0,0,0,0,0,0,0,0,0,0,0,0,0,0,0,0,0,0,0,3059,0,0,0,0,0,0,0,0,0,1
"F0006",0,0,0,0,0,16280,0,0,0,0,0,0,0,0,0,0,0,0,0,0,0,0,0,0,0,0,0,0,0,0,0,0,0,0,1
"F0008",0,0,0,0,0,0,0,17986,0,0,0,0,0,0,0,0,0,0,0,0,0,0,0,0,0,0,0,0,0,0,0,0,0,0,1
"F0118",0,0,0,0,0,9764,0,0,0,0,0,0,0,0,0,0,0,3797,0,0,0,0,0,0,0,0,0,0,0,0,0,0,0,0,2
"F0122",0,0,0,0,0,23782,0,0,0,0,0,0,0,0,0,0,0,0,0,0,0,0,0,0,0,0,0,0,0,0,0,0,0,0,1
"F0124",0,0,0,0,0,0,0,0,0,0,0,0,0,0,0,0,0,0,0,0,0,0,0,1634,0,0,0,0,0,0,0,0,0,0,1
"F0125",0,0,0,0,0,15244,0,0,0,0,0,0,0,0,0,0,0,0,0,0,0,0,0,0,0,0,0,0,0,0,0,0,0,0,1
"F0126",0,0,0,0,0,10434,0,0,0,0,0,0,0,0,0,1269,0,0,0,0,0,0,0,0,0,0,0,0,0,0,0,0,0,0,2
"F0127",0,0,0,0,0,10685,0,0,0,0,0,0,0,0,0,0,0,0,0,0,0,0,0,0,0,0,0,0,0,0,0,0,0,0,1
"F0129",0,0,0,0,0,0,0,0,0,0,0,0,0,0,0,0,0,0,0,0,0,0,0,5097,0,0,0,0,0,0,0,0,0,0,1
"F0131",0,0,0,0,0,0,0,0,0,0,0,0,0,0,0,0,0,0,0,0,0,0,0,4616,0,0,0,0,0,0,0,0,0,0,1
"F0132",0,0,0,0,0,15192,0,0,0,0,0,0,0,0,0,0,0,0,0,0,0,0,0,3501,0,0,0,0,0,0,0,0,0,0,2
"F0133",0,0,0,0,0,13247,0,0,0,0,0,0,0,0,0,0,0,0,0,0,0,0,0,8327,0,0,0,0,0,0,0,0,0,0,2
"F0134",0,0,0,0,0,93225,0,0,0,0,0,0,0,0,0,0,0,0,0,0,0,0,0,8395,0,0,0,0,0,0,0,0,0,0,2
"F0135",0,0,0,0,0,18116,0,0,0,0,6982,0,0,0,0,10717,0,0,0,0,0,0,0,0,0,0,0,0,0,0,0,0,0,0,3
"F0136",0,0,0,0,0,19976,0,9971,0,0,0,0,0,0,0,0,0,0,0,0,0,0,0,3317,2921,0,0,0,0,0,0,0,0,0,4
"F0140",0,0,0,0,0,4650,0,0,0,0,0,0,0,0,0,0,5893,0,0,0,0,0,0,0,0,0,0,0,0,0,0,0,0,0,2
"F0141",0,0,0,0,0,0,0,0,0,0,0,0,0,0,11241,0,0,0,0,0,0,0,0,0,0,0,0,0,0,0,0,0,0,0,1
"F0145",0,0,0,0,0,4080,0,0,0,0,0,0,0,0,0,0,0,0,0,0,0,0,0,0,0,0,0,0,0,0,0,0,0,0,1
"F0146",0,0,0,0,0,3159,0,0,0,0,0,0,0,4259,0,0,0,0,0,0,0,0,0,8747,0,0,0,0,0,0,0,0,0,0,3
"F0147",0,0,0,0,0,4990,0,0,0,0,0,0,0,0,0,0,0,0,0,0,0,0,0,0,0,0,0,0,0,0,0,0,0,0,1
"F0148",0,0,0,0,0,0,0,0,0,0,0,0,0,0,0,0,0,0,0,0,0,0,0,1758,0,0,0,0,0,0,0,0,0,0,1
"F0151",0,0,0,0,0,0,0,0,0,0,0,0,0,0,0,0,5054,0,0,0,0,0,0,0,0,0,0,0,0,0,0,0,0,0,1
"F0157",0,0,0,0,0,0,0,0,0,0,0,0,0,0,0,0,0,0,0,0,0,0,0,8317,0,0,0,0,0,0,0,0,0,0,1
"F0159",0,0,0,0,0,0,0,0,0,0,17375,0,0,0,0,16120,0,11480,0,12765,0,0,0,0,0,0,0,0,0,0,0,0,0,0,4
"F0161",0,0,0,0,0,0,0,0,0,0,0,0,0,0,0,0,0,0,0,0,0,0,0,2939,0,0,0,0,0,0,0,0,0,0,1
"F0166",0,0,0,0,0,0,0,0,0,0,0,0,0,0,0,0,0,0,0,0,0,0,0,1285,0,0,0,0,0,0,0,0,0,0,1
"F0167",0,0,0,0,0,0,0,0,0,0,0,0,0,0,0,0,0,1805,0,0,0,0,0,0,0,0,0,0,0,0,0,0,0,0,1
"F0169",0,0,0,0,0,0,0,0,0,0,0,0,0,0,0,0,0,0,0,0,0,0,0,5220,0,0,0,0,0,0,0,0,0,0,1
"F0170",0,0,0,0,0,9625,0,0,0,0,0,0,0,0,0,0,0,0,0,29653,0,0,0,0,0,0,0,0,0,0,0,0,0,0,2
"F0177",0,0,0,0,0,14030,0,0,0,0,0,0,0,0,6270,0,0,0,0,0,0,0,0,0,0,0,0,0,0,0,0,0,0,0,2
"F0178",0,0,0,0,0,46250,0,0,0,0,0,0,0,0,0,0,0,0,0,0,0,0,0,0,0,0,0,0,0,0,0,0,0,0,1
"F0179",0,0,0,0,0,0,0,0,0,0,0,0,0,0,0,0,0,0,0,6755,0,0,0,0,0,0,0,0,0,0,0,0,0,0,1
"F0182",0,0,0,0,0,0,0,0,0,0,0,0,0,3734,0,0,0,5286,0,0,0,0,0,0,0,0,0,0,0,0,0,0,0,0,2
"F0183",0,0,0,0,0,0,0,8054,0,0,0,0,0,0,0,0,0,0,0,0,0,0,0,0,0,0,0,0,0,0,0,0,0,0,1
"F0185",0,0,0,0,0,6975,0,0,0,0,0,0,0,0,0,0,0,7515,0,8315,0,0,0,19800,0,0,0,0,0,0,0,0,0,0,4
"F0320",0,0,0,0,0,3857,0,0,0,0,0,0,0,0,0,0,0,0,0,0,0,0,0,0,0,0,0,0,0,0,0,0,0,0,1
"F0321",0,0,0,0,0,7730,0,0,0,0,0,0,0,0,0,0,0,0,0,0,0,0,0,0,0,0,0,0,0,0,0,0,0,0,1
"F0323",0,0,0,0,0,0,0,0,0,0,0,0,0,0,0,0,0,0,0,0,0,0,0,9750,0,0,0,0,0,0,0,0,0,0,1
"F0348",0,0,0,0,0,0,0,0,0,0,0,0,0,0,0,0,0,0,0,22065,0,0,0,0,0,0,0,0,0,0,0,0,0,0,1
"F0351",0,0,0,0,0,10200,0,0,0,0,0,0,0,0,0,0,0,0,0,0,0,0,0,0,0,0,0,0,0,0,0,0,0,0,1
"F0360",0,0,0,0,0,0,0,0,0,0,0,0,0,0,0,0,0,0,0,17860,0,0,0,0,0,0,0,0,0,0,0,0,0,0,1
"F0368",0,0,0,0,0,35625,44245,0,0,0,0,0,0,0,0,0,0,0,0,78505,0,0,0,0,0,0,0,0,0,0,0,0,0,0,3
"F0212",0,0,0,0,0,5348,0,0,0,0,0,0,0,0,0,0,0,0,0,0,0,0,0,0,0,0,0,0,0,0,0,0,0,0,1
"F0216",0,0,0,0,0,3334,0,5680,0,0,0,0,0,0,0,0,0,0,0,0,0,0,0,0,0,0,0,0,0,0,0,0,0,0,2
"F0219",0,0,0,0,0,7646,0,0,0,0,0,0,0,0,0,0,0,0,0,0,0,0,0,0,0,0,0,0,0,0,0,0,0,0,1
"F0220",0,0,0,0,0,0,0,0,0,0,0,0,0,0,0,0,0,0,0,0,0,0,0,5376,0,0,0,0,0,0,0,0,0,0,1
"F0221",0,0,0,0,0,0,0,0,0,0,80920,0,0,0,0,0,0,14875,0,0,0,0,0,0,0,0,0,0,0,0,0,0,0,0,2
"F0228",0,0,0,0,0,3198,0,0,0,0,0,0,0,0,0,0,0,0,0,0,0,0,0,0,0,0,0,0,0,0,0,0,0,0,1
"F0230",0,0,0,0,0,16225,0,0,0,0,0,0,0,0,0,0,0,0,0,0,0,0,0,43515,0,0,0,0,0,0,0,0,0,0,2
"F0235",0,0,0,0,0,4276,0,0,0,0,0,0,0,0,0,0,0,0,0,0,0,0,0,0,0,0,0,0,0,0,0,0,0,0,1
"F0236",0,0,0,0,0,0,0,0,0,0,0,0,0,0,0,0,0,0,0,0,0,0,0,30130,0,0,0,0,0,0,0,0,0,0,1
"F0238",0,0,0,0,0,11751,0,0,0,0,0,0,0,0,0,0,0,0,0,0,0,0,0,0,0,0,0,0,0,0,0,0,0,0,1
"F0240",0,0,0,0,0,0,0,0,0,0,0,0,0,0,0,0,0,0,0,0,0,0,0,4140,0,0,0,0,0,0,0,0,0,0,1
"F0243",0,0,0,0,0,11500,0,0,0,0,0,0,0,0,0,0,0,0,0,0,0,0,0,0,0,0,0,0,0,0,0,0,0,0,1
"F0248",0,0,0,0,0,19060,0,0,0,0,0,0,0,0,0,0,0,0,0,0,0,0,0,0,0,0,0,0,0,0,0,0,0,0,1
"F0249",0,0,0,0,0,5222,0,0,0,0,0,0,0,0,0,0,0,0,0,0,0,0,0,0,0,0,0,0,0,0,0,0,0,0,1
"F0258",0,0,0,0,0,6709,0,0,0,0,0,0,0,0,0,0,0,0,0,0,0,0,0,0,0,0,0,0,0,0,0,0,0,0,1
"F0259",0,0,0,0,0,11566,0,0,0,0,0,0,0,0,0,0,0,0,0,0,0,0,0,0,0,0,0,0,0,0,0,0,0,0,1
"F0266",0,0,0,0,0,0,0,0,0,0,0,0,0,0,0,0,0,0,0,16353,0,0,0,0,0,0,0,0,0,0,0,0,0,0,1
"F0269",0,0,0,0,0,0,0,0,0,0,0,0,0,0,0,0,0,0,0,8272,0,0,0,0,0,0,0,0,0,0,0,0,0,0,1
"F0279",0,0,0,0,0,0,0,0,0,0,0,0,0,0,0,0,0,0,0,0,0,0,0,0,0,0,0,7096,0,0,0,0,0,0,1
"F0489",0,0,0,0,0,13741,0,0,0,0,0,0,0,0,0,0,0,0,0,0,0,0,0,0,0,0,0,14960,0,0,2632,0,0,0,3
"F0494",0,0,0,0,0,34978,0,0,0,0,0,0,0,0,0,0,0,0,0,0,0,0,0,0,0,0,0,0,0,0,0,0,0,0,1
"F0497",0,0,0,0,0,3341,0,0,0,0,0,0,0,0,0,0,0,0,0,0,0,0,0,8124,0,0,0,0,0,0,0,0,0,0,2
"F0500",0,0,0,0,0,0,0,6036,0,0,0,0,0,0,0,0,0,0,0,0,0,0,0,0,0,0,0,0,0,0,0,0,0,0,1
"F0506",0,0,0,0,0,0,0,0,0,0,0,0,0,0,0,0,0,0,0,0,0,0,0,6562,0,0,0,0,0,0,0,0,0,0,1
"F0507",0,0,0,0,0,22073,0,0,0,0,0,0,0,0,0,0,0,0,0,0,0,0,0,0,0,0,0,0,0,0,0,0,0,0,1
"F0510",0,0,0,0,0,0,0,0,0,0,0,0,0,0,0,0,0,0,0,0,0,0,0,0,0,0,0,20660,0,0,0,0,0,0,1
"F0478",0,0,0,0,0,10743,0,0,0,0,0,0,0,0,0,0,0,0,0,0,0,0,0,0,0,0,0,0,0,0,0,0,0,0,1
"F0514",0,0,0,0,0,32046,0,0,0,0,0,0,0,0,0,0,0,0,0,0,0,0,0,6866,0,0,0,0,0,0,0,0,0,0,2
"F0516",0,0,0,0,0,79405,0,0,0,0,0,0,0,0,0,0,0,0,0,0,0,0,0,17065,0,0,0,0,0,0,0,0,0,0,2
"F0517",0,0,0,0,0,62870,0,0,0,0,0,0,0,0,0,0,0,0,0,0,0,0,0,33420,0,0,0,0,0,0,0,0,0,0,2
"F0522",0,0,0,0,0,32880,0,0,0,0,0,0,0,0,93300,0,0,0,0,0,0,0,0,0,0,0,0,0,0,0,0,0,0,0,2
"F0525",0,10445,0,0,0,0,0,0,0,0,0,0,0,0,0,0,0,0,0,0,0,0,0,0,0,0,0,0,0,0,0,0,0,0,1
"F0580",0,0,0,0,0,0,0,29428,0,0,0,0,0,0,0,0,0,0,0,0,0,0,0,0,0,0,0,0,0,0,0,0,0,0,1
"F0830",0,0,0,0,0,0,0,0,0,0,0,0,0,0,0,0,0,0,0,0,0,0,0,22879,0,0,0,0,0,0,0,0,0,0,1
"F0841",0,0,0,0,0,0,0,0,0,0,0,0,0,0,0,0,0,0,0,0,0,0,0,10135,0,0,0,0,0,0,0,0,0,0,1
"F0851",0,0,0,0,0,0,0,0,0,0,0,0,0,0,0,0,0,0,0,0,0,0,0,22990,0,0,0,0,0,0,0,0,0,0,1
"F0854",0,0,0,0,0,22049,0,0,0,0,0,0,0,0,0,0,0,0,0,0,0,0,0,0,0,0,0,0,0,0,0,0,0,0,1
"F0858",0,0,0,0,0,0,0,0,0,0,0,0,0,0,0,0,0,0,0,0,0,0,0,1618,0,0,0,0,0,0,0,0,0,0,1
"F0574",0,0,0,0,0,0,0,0,0,0,0,0,0,0,0,0,0,0,0,0,0,0,0,5300,0,0,0,0,0,0,0,0,0,0,1
"F0576",0,0,0,0,0,0,0,48925,0,0,0,0,0,0,0,0,0,0,0,0,0,0,0,9180,0,0,0,0,0,0,0,0,0,0,2
"F0634",0,0,0,0,0,11020,0,0,0,0,0,0,0,0,0,0,0,0,0,0,0,0,0,0,0,0,0,0,0,0,23080,0,0,0,2
"F0637",0,0,0,0,0,10607,0,0,0,0,0,0,0,0,0,0,0,0,0,0,0,0,0,0,0,0,0,0,0,0,0,0,0,0,1
"F0638",0,0,0,0,0,0,0,0,0,0,0,0,0,0,0,0,0,0,0,0,0,0,0,11967,0,0,0,0,0,0,0,0,0,0,1
"F0642",0,0,0,0,0,13335,0,0,0,0,0,0,0,0,0,0,0,0,0,0,0,0,0,24445,0,0,0,0,0,0,0,0,0,0,2
"F0644",0,0,0,0,0,0,0,0,0,0,0,0,0,0,0,0,0,0,0,0,0,0,0,17155,0,0,0,0,0,0,0,0,0,0,1
"F0645",0,0,0,0,0,0,0,0,0,0,0,0,0,0,0,0,0,0,0,0,0,0,0,6480,0,0,0,0,0,0,0,0,0,0,1
"F0646",0,0,0,0,0,14484,0,0,0,0,0,0,0,0,0,0,0,0,0,0,0,0,0,0,0,0,0,0,0,0,0,0,0,0,1
"F0647",0,0,0,0,0,0,0,0,0,0,0,0,0,0,0,0,0,12526,0,0,0,0,0,0,0,0,0,0,0,0,0,0,0,0,1
"F0648",0,0,0,0,0,4235,0,0,0,0,0,0,0,0,0,0,0,0,0,0,0,0,0,0,0,0,0,0,0,0,0,0,0,0,1
"F0650",0,0,0,0,0,17889,0,0,0,0,0,0,0,0,0,0,0,2454,0,0,0,36913,0,0,0,0,0,0,0,0,0,0,0,0,3
"F0653",0,0,0,0,0,2523,0,0,0,0,0,0,0,0,0,0,0,0,0,0,0,0,0,0,0,0,0,0,0,0,0,0,0,0,1
"F0656",0,0,0,0,0,2675,0,0,0,0,0,0,0,0,0,0,0,0,0,0,0,0,0,0,0,0,0,0,0,0,0,0,0,0,1
"F0658",0,0,0,0,0,16097,0,0,0,0,0,0,0,0,0,0,0,0,0,0,0,0,0,0,0,0,0,0,0,0,0,0,0,0,1
"F0660",0,0,0,0,0,15875,0,0,0,0,0,0,0,0,0,0,0,0,0,0,0,0,0,0,0,0,0,0,0,0,0,0,0,0,1
"F0661",0,0,0,0,0,8063,0,0,0,0,0,0,0,0,0,0,0,0,0,0,0,0,0,0,0,0,0,0,0,0,0,0,0,0,1
"F0662",0,0,10901,0,0,13710,0,0,0,0,0,0,0,0,0,0,0,0,0,12656,0,0,0,0,0,0,0,0,0,0,0,0,0,0,3
"F0665",0,0,0,0,0,11510,0,0,0,0,0,0,0,0,0,0,0,0,0,0,0,0,0,0,0,0,0,0,0,0,0,0,0,0,1
"F0666",0,0,0,0,0,17265,0,0,0,0,0,0,0,0,0,0,0,0,0,0,0,0,0,0,0,0,0,0,0,0,0,0,0,0,1
"F0868",0,0,0,0,0,4514,0,0,0,0,0,0,0,0,0,0,0,0,0,0,0,0,0,0,0,0,0,0,0,0,5437,0,0,0,2
"F0870",0,0,0,0,0,54085,0,0,0,0,0,0,0,0,0,0,0,0,0,0,0,0,0,0,0,0,0,0,0,0,0,0,0,0,1
"F0871",0,0,0,0,0,47390,0,0,0,0,0,0,0,0,0,0,0,0,0,0,0,0,0,0,0,0,0,0,0,0,0,0,0,0,1
"F0872",0,11450,0,0,0,106265,0,0,0,0,46960,0,0,0,0,0,0,0,0,0,0,0,0,13280,0,0,0,0,0,0,0,0,0,0,4
"F0874",0,0,0,0,0,14710,0,0,0,0,0,0,0,0,0,0,0,0,0,0,0,0,0,0,0,0,0,0,0,0,0,0,0,0,1
"F0875",0,0,0,0,0,32923,0,0,0,0,0,0,0,0,0,0,0,0,0,0,0,0,0,0,0,0,0,0,0,0,0,0,0,0,1
"F0877",0,0,0,0,0,6164,0,11281,0,0,0,0,0,0,0,0,0,0,0,0,0,0,0,0,0,0,0,0,0,0,0,0,0,0,2
"F0860",0,0,0,0,0,71725,0,0,0,0,0,12160,0,0,0,0,0,12590,0,0,0,0,0,0,0,0,0,0,0,0,0,0,0,0,3
"F0878",0,0,0,0,0,24555,0,0,0,0,0,0,0,0,0,0,0,76400,0,27045,0,0,0,0,0,0,6965,0,0,0,0,0,0,0,4
"F0880",0,0,0,0,0,9985,0,0,0,0,0,0,0,0,0,0,0,0,0,0,0,0,0,16425,0,0,0,0,0,0,0,0,0,0,2
"F0881",0,0,0,0,0,0,0,0,0,0,0,0,0,0,0,0,0,0,0,0,0,0,0,0,0,0,0,0,0,0,13837,0,0,0,1
"F0883",0,0,0,0,0,20908,0,0,0,0,0,0,0,0,0,0,0,0,0,0,0,0,0,4436,0,0,0,0,0,0,0,0,0,0,2
"F0884",0,0,0,0,0,6016,0,0,0,0,0,0,0,0,0,0,0,0,0,0,0,0,0,0,0,0,0,0,0,0,0,0,0,0,1
"F0885",0,0,0,0,0,2816,0,5700,0,0,0,0,0,0,7095,0,0,0,0,0,0,0,0,0,0,0,0,0,0,0,0,0,0,0,3
"F0886",0,0,0,0,0,17280,0,27880,0,0,0,0,0,0,0,0,0,0,0,0,0,0,0,11050,0,0,0,0,0,0,0,0,0,0,3
"F0887",0,0,0,0,0,8378,0,10106,0,0,0,0,0,0,0,0,0,0,0,0,0,0,0,0,0,0,0,0,0,0,0,0,0,0,2
"F0862",0,0,0,0,0,49570,0,0,0,0,0,0,0,0,12160,0,0,6945,0,0,0,0,0,0,0,0,0,0,0,0,0,0,0,0,3
"F0863",0,0,0,0,0,0,0,0,0,0,0,0,0,0,0,0,0,0,0,0,0,0,0,5585,0,0,0,0,0,0,0,0,0,0,1
"F0865",0,0,0,0,0,115450,0,0,0,0,0,0,0,0,0,0,0,0,0,0,0,0,0,0,0,0,0,0,0,0,0,0,0,0,1
"F0866",0,22185,0,0,0,46220,0,23890,0,0,0,0,0,0,0,0,0,0,0,0,0,0,0,18230,0,0,0,0,0,0,0,0,0,0,4
"F0867",0,0,0,0,0,4390,0,0,0,0,0,0,0,0,0,0,0,0,0,0,0,0,0,0,0,0,0,0,0,0,0,0,0,0,1
"F1076",0,0,0,0,0,0,0,0,0,0,0,0,0,0,0,0,0,0,0,0,0,0,0,138920,0,0,0,0,0,0,0,0,0,0,1
"F1078",0,0,0,0,0,0,0,0,0,0,0,0,0,0,0,0,0,12810,0,0,0,0,0,0,0,0,0,0,0,0,0,0,0,0,1
"F1079",0,0,0,0,0,33178,0,0,0,0,0,0,0,0,0,0,0,0,0,0,0,0,0,0,0,0,0,0,0,0,0,0,0,0,1
"F1081",0,0,0,0,0,0,0,219820,0,0,0,0,0,0,0,0,0,21800,0,0,0,0,0,0,0,0,0,0,0,0,0,0,0,0,2
"F1082",0,0,0,0,0,22447,0,0,0,0,0,0,0,0,0,0,0,0,0,0,0,0,0,0,0,0,0,0,0,0,0,0,0,0,1
"F1553",0,0,0,0,0,0,0,9906,0,0,0,0,0,0,0,0,0,0,0,0,0,0,0,0,0,0,0,0,0,0,0,0,0,0,1
"F1554",0,0,0,0,0,6865,0,0,0,0,8425,0,0,0,0,0,0,0,0,0,0,0,0,0,0,0,0,0,0,0,0,0,0,0,2
"F1555",0,0,0,0,0,7505,0,0,0,0,0,0,0,0,0,0,0,12195,0,0,0,0,0,8715,0,0,0,0,0,0,0,0,0,0,3
"F1556",0,0,0,0,0,0,0,0,0,0,6202,0,0,0,0,0,0,0,0,0,0,0,0,0,0,0,0,0,0,0,0,0,0,0,1
"F1557",0,0,0,0,0,34130,0,0,0,0,0,0,0,0,0,0,0,0,0,0,0,0,0,49040,0,0,0,22670,0,0,0,0,0,0,3
"F1561",0,0,0,0,0,2173,0,0,0,0,0,0,0,0,0,0,0,0,0,0,0,0,0,0,0,0,0,0,0,0,0,0,0,0,1
"F1563",0,0,0,0,0,35275,0,0,0,0,0,0,0,0,0,0,0,0,0,0,0,0,0,5588,0,0,0,0,0,0,0,0,0,0,2
"F1564",0,0,0,0,0,13495,0,0,0,0,0,0,0,0,0,0,0,0,0,0,0,0,0,6870,0,0,0,0,0,0,0,0,0,0,2
"F1565",0,0,0,0,0,21655,0,0,0,0,0,0,0,0,0,0,0,0,0,0,0,0,0,0,0,0,0,0,0,0,0,0,0,0,1
"F1566",0,0,0,0,0,0,0,11322,0,0,0,0,0,0,0,0,0,0,0,0,0,0,0,0,0,0,0,0,0,0,0,0,0,0,1
"F1573",0,0,0,0,0,9010,0,0,0,0,0,0,0,0,0,0,0,0,0,0,0,0,0,0,0,0,0,0,0,0,0,0,0,0,1
"F1574",0,0,0,0,0,0,0,0,0,0,0,0,0,0,0,0,0,0,0,0,0,0,0,13250,0,0,0,0,0,0,0,0,0,0,1
"F1575",0,0,0,0,0,0,0,0,0,0,0,0,0,0,0,0,0,0,0,15930,0,0,0,0,0,0,0,0,0,0,0,0,0,0,1
"F1578",0,0,0,0,0,21700,0,0,0,0,0,0,0,0,0,0,0,0,0,0,0,0,0,0,0,0,0,0,0,0,0,0,0,0,1
"F1579",0,0,0,0,0,26985,0,0,0,0,0,0,0,0,0,0,0,0,0,0,0,0,0,0,0,0,0,0,0,0,0,0,0,0,1
"F1580",0,0,0,0,0,71470,0,0,0,0,0,0,0,0,0,0,0,0,0,0,0,0,0,0,0,0,0,0,0,0,0,0,0,0,1
"F1581",0,0,0,0,0,78885,0,0,0,0,0,0,0,0,0,0,0,29115,0,0,0,0,0,7575,0,0,0,0,0,0,0,0,0,0,3
"F1583",0,0,0,0,0,8615,0,0,0,0,0,0,0,0,0,0,0,0,0,0,0,0,0,5611,0,0,0,0,0,0,0,0,0,0,2
"F1585",0,0,0,0,0,54740,0,0,0,0,0,0,0,0,0,0,0,0,0,0,0,0,0,0,0,0,0,0,0,0,0,0,0,0,1
"F1586",0,0,0,0,0,4822,0,0,0,0,0,0,0,0,0,0,0,5496,0,0,0,0,0,0,0,0,0,0,0,0,0,0,0,0,2
"F1587",0,0,0,0,0,48115,0,0,0,0,0,0,0,0,0,0,0,0,0,0,0,0,0,9280,0,0,0,0,0,0,0,0,0,0,2
"F1588",0,0,0,0,0,8894,0,0,0,0,0,0,0,0,0,0,0,0,0,0,0,0,0,0,0,0,0,0,0,0,0,0,0,0,1
"F1589",0,0,0,0,0,15087,0,0,0,0,0,0,0,0,0,0,0,0,0,0,0,0,0,0,0,0,0,0,0,0,0,0,0,0,1
"F1605",0,0,0,0,0,7118,0,0,0,0,0,0,0,0,0,0,0,0,0,22356,0,0,0,0,0,0,0,0,0,0,0,0,0,0,2
"F1606",0,0,0,0,0,0,0,0,0,0,0,0,0,0,0,0,0,0,0,0,0,0,0,6688,0,0,0,0,0,0,0,0,0,0,1
"F1607",0,0,0,16290,0,0,0,0,0,0,0,0,0,0,0,0,0,0,0,0,0,0,0,0,0,0,0,0,0,0,0,0,0,0,1
"F1608",0,0,0,0,0,7842,0,0,0,0,0,0,0,0,0,7469,0,0,0,0,0,0,0,0,0,0,0,0,0,0,0,0,0,0,2
"F1609",0,0,0,0,0,51385,0,0,0,0,8675,0,0,0,0,8230,0,7255,0,8265,0,0,0,0,0,0,0,0,0,0,0,0,0,0,5
"F1610",0,0,0,0,0,13823,0,0,0,0,0,0,0,0,0,0,0,0,0,0,0,0,0,2064,0,0,0,0,0,0,0,0,0,0,2
"F1612",0,0,0,0,0,15465,0,0,0,0,0,0,0,0,0,0,0,0,0,0,0,0,0,2094,0,0,0,0,0,0,0,0,0,0,2
"F1613",0,0,0,0,0,33005,0,0,0,0,0,0,0,0,0,0,0,0,0,0,0,0,0,14725,0,0,0,0,0,0,0,0,0,0,2
"F1616",0,0,0,0,0,0,0,0,0,0,11210,0,0,0,0,0,0,0,0,33175,0,0,0,0,0,0,0,0,0,0,0,0,0,0,2
"F1617",0,0,0,0,0,22185,0,0,0,0,0,0,0,0,0,9690,0,0,0,0,0,0,0,0,0,0,0,0,0,0,0,0,0,0,2
"F1618",0,0,0,0,0,39820,0,0,0,0,0,0,0,0,0,0,0,0,0,0,0,0,0,0,0,0,0,0,0,0,0,0,0,0,1
"F1620",0,0,0,0,0,9842,0,0,0,0,0,0,0,0,0,0,0,0,0,0,0,0,0,0,0,0,0,0,0,0,0,0,0,0,1
"F1623",0,0,0,0,0,33840,0,0,0,0,0,0,0,0,0,0,0,0,0,0,0,0,0,0,0,0,0,0,0,0,0,0,0,0,1
"F1624",0,0,0,0,0,28695,0,0,0,0,0,0,0,0,0,0,0,0,0,0,0,0,0,1492,0,0,0,0,0,0,0,0,0,0,2
"F1626",0,0,0,0,0,19104,0,0,0,0,0,0,0,0,0,0,0,0,0,0,0,0,0,0,0,0,0,0,0,0,0,0,0,0,1
"F1371",0,0,0,0,0,0,0,0,0,0,0,0,0,0,0,0,0,0,0,0,0,0,0,0,3175,0,0,0,0,0,0,0,0,0,1
"F1383",0,0,0,0,0,0,0,0,0,0,0,0,0,0,0,0,0,0,0,0,0,0,0,2359,0,0,0,0,0,0,0,0,0,0,1
"F1384",0,0,0,0,0,40750,0,0,0,0,0,0,0,0,20215,0,0,0,0,0,0,0,0,0,0,0,0,0,0,0,0,0,0,0,2
"F1387",0,0,0,0,0,42540,0,0,0,0,0,0,0,0,0,0,0,13135,0,0,0,0,0,9750,0,0,0,0,0,0,0,0,0,0,3
"F1393",0,0,0,0,0,0,0,0,0,0,0,0,0,0,0,0,0,0,0,0,0,0,0,4064,0,0,0,0,0,0,0,0,0,0,1
"F1394",0,0,0,0,0,8922,0,0,0,0,0,0,0,0,0,0,0,0,0,0,0,0,0,0,0,0,0,0,0,0,0,0,0,0,1
"F1397",0,0,0,0,0,0,0,0,0,0,7824,0,0,0,0,0,0,0,0,0,0,0,0,0,0,0,0,0,0,0,0,0,0,0,1
"F1414",0,0,0,0,0,10347,0,0,0,0,0,0,0,0,0,0,0,0,0,0,0,0,0,0,0,0,0,0,0,0,0,0,0,0,1
"F1292",0,0,0,0,0,0,0,0,0,0,2858,0,0,0,0,0,0,0,0,0,0,0,0,0,0,0,0,0,0,0,0,0,0,0,1
"F1312",0,0,0,0,0,38970,0,0,0,0,0,0,0,0,0,7665,0,6950,0,0,0,0,0,0,0,0,0,0,0,0,0,0,0,0,3
"F1313",0,0,0,0,0,38982,0,0,0,0,0,0,0,0,0,0,0,1486,0,0,0,0,0,4339,0,0,0,0,0,0,0,0,0,0,3
"F1314",0,0,0,0,0,4314,0,0,0,0,0,0,0,0,0,0,0,0,0,0,0,0,0,0,0,0,0,0,0,0,0,0,0,0,1
"F1318",0,0,0,0,0,4378,0,0,0,0,0,0,0,0,0,0,0,0,0,0,0,0,0,0,0,0,0,0,0,0,0,0,0,0,1
"F1321",0,0,0,0,0,3385,0,0,0,0,0,0,0,0,0,0,0,0,0,0,0,0,0,0,0,0,0,0,0,0,0,0,0,0,1
"F1322",0,0,0,0,0,9513,0,0,0,0,0,0,0,0,0,0,0,0,0,0,0,0,0,7010,0,0,0,0,0,0,0,0,0,0,2
"F1727",0,0,0,0,0,4461,0,0,0,0,0,0,0,0,0,0,0,0,0,0,0,0,0,0,0,0,0,0,0,0,0,0,0,0,1
"F1734",0,0,0,0,0,0,0,0,0,0,0,0,0,4454,0,0,0,0,0,0,0,0,0,0,0,0,0,0,0,0,0,0,0,0,1
"F1848",0,0,0,0,0,13272,0,0,0,0,0,0,0,0,0,0,0,0,0,0,0,0,0,0,0,0,0,0,0,0,0,0,0,0,1
"F1858",0,0,0,0,0,5931,0,0,0,0,0,0,0,0,0,0,0,0,0,0,0,0,0,9700,0,0,0,0,0,0,0,0,0,0,2
"F1861",0,0,0,0,0,4593,0,9520,0,0,0,0,0,0,0,0,0,0,0,0,0,0,0,0,0,0,0,0,0,0,0,0,0,0,2
"F1863",0,0,0,0,0,30507,0,0,0,0,0,0,0,0,0,0,0,0,0,0,0,0,0,5688,0,0,0,0,0,0,0,0,0,0,2
"F1872",0,0,0,0,0,9280,0,0,0,0,0,0,0,0,0,0,0,0,0,0,0,0,0,0,0,0,0,0,0,0,0,0,0,0,1
"F1874",0,0,0,0,0,15926,0,0,0,0,0,0,0,0,0,0,0,0,0,0,0,0,0,0,0,0,0,0,0,0,0,0,0,0,1
