"","Microbotryomycetes_ord_Incertae_sedis","Chaetothyriales","Tritirachiales","Cystobasidiales","other","Cystobasidiomycetes_ord_Incertae_sedis","Malasseziales","Pucciniales","Amylocorticiales","other","Helotiales","Verrucariales","Trichosphaeriales","Corticiales","Hymenochaetales","Sporidiobolales","Onygenales","Pneumocystidales","Agaricomycetes_ord_Incertae_sedis","Dothideales","Tilletiales","Ustilaginales","Xylariales","Erythrobasidiales","Eurotiales","Trichosporonales","Mucorales","Filobasidiales","Myrmecridiales","Microascales","other","other","Diaporthales","Atheliales","Cystofilobasidiales","Teloschistales","Saccharomycetales","Glomerellales","Georgefischeriales","Robbauerales","Pleosporales","other","Coniochaetales","Trechisporales","Entylomatales","Pezizales","Lichenostigmatales","Botryosphaeriales","Sordariales","other","Hypocreales","Tremellales","Polyporales","Agaricostilbales","Caliciales","Gloeophyllales","Russulales","Agaricales","Capnodiales","diversity"
"F0012",0,0,0,0,0,0,0,0,0,0,0,0,0,0,0,0,0,0,0,0,0,0,0,0,1,0,0,0,0,0,0,0,0,0,0,0,0,0,0,0,0,0,0,0,0,0,0,0,0,0,0,0,0,0,0,0,0,0,0,1
"F0013",0,0,0,0,0,0,0.378297635323308,0,0,0,0,0,0,0,0,0,0,0,0,0,0,0,0,0,0,0,0,0.240906712576164,0,0,0,0,0,0,0,0,0,0,0,0,0,0,0,0,0,0,0,0,0,0,0,0,0,0,0,0,0,0,0.380795652100528,3
"F0014",0,0,0,0,0,0,0,0,0,0,0,0,0,0,0,0,0,0,0,0,0,0,0,0,0.103059494173251,0,0,0.102897138940001,0,0,0,0,0,0,0,0,0,0,0,0,0,0,0,0,0,0,0,0,0,0,0,0,0,0,0,0,0,0,0.794043366886748,3
"F0015",0,0,0,0,0,0,0,0,0,0,0,0,0,0,0,0,0,0,0,0,0,0,0,0,0,0,0,1,0,0,0,0,0,0,0,0,0,0,0,0,0,0,0,0,0,0,0,0,0,0,0,0,0,0,0,0,0,0,0,1
"F0017",0,0,0,0,0,0,0,0,0,0,0,0,0,0,0,0,0,0,0,0,0,0,0,0,0,0,0,1,0,0,0,0,0,0,0,0,0,0,0,0,0,0,0,0,0,0,0,0,0,0,0,0,0,0,0,0,0,0,0,1
"F0019",0,0,0,0,0,0,0.307207974780608,0,0,0,0,0,0,0,0,0,0,0,0,0,0,0,0,0,0.0544943341569396,0,0,0,0,0,0,0,0,0,0,0,0,0,0,0.139959103689188,0,0,0,0,0,0,0,0,0,0,0.155900144841101,0,0,0,0,0,0,0,0.342438442532163,5
"F0020",0,0,0,0,0,0,0.416741107682313,0,0,0,0,0,0,0,0,0,0,0,0,0,0,0,0,0,0.283762384278058,0,0,0,0,0,0,0,0,0,0,0,0,0,0,0,0,0,0,0,0,0,0,0,0,0,0,0,0,0,0,0,0,0,0.29949650803963,3
"F0021",0,0,0,0,0,0,0.190083492700219,0,0,0,0,0,0,0,0,0.0128177620224824,0,0,0,0,0,0,0,0,0.33753439992537,0,0,0.160343299594197,0,0,0,0,0,0,0,0,0,0,0,0,0,0,0,0,0,0,0,0,0,0,0.00785484397593171,0,0,0,0,0,0,0,0.2913662017818,6
"F0023",0,0,0,0,0,0,0,0,0,0,0,0,0,0,0,0.294617563739377,0,0,0,0,0,0,0,0,0,0,0,0,0,0,0,0,0,0,0,0,0.705382436260623,0,0,0,0,0,0,0,0,0,0,0,0,0,0,0,0,0,0,0,0,0,0,2
"F0026",0,0,0,0,0,0,0,0,0,0,0,0,0,0,0,0,0,0,0,0,0,0,0,0,0,0,0,0,0,0,0,0,0,0,0,0,1,0,0,0,0,0,0,0,0,0,0,0,0,0,0,0,0,0,0,0,0,0,0,1
"F0027",0,0,0,0,0,0,0,0,0,0,0,0,0,0,0,0,0,0,0,0,0,0,0,0,0,0,0,0,0,0,0,0,0,0,0,0,1,0,0,0,0,0,0,0,0,0,0,0,0,0,0,0,0,0,0,0,0,0,0,1
"F0003",0,0,0,0,0,0,0.108277196939678,0,0,0,0,0,0,0,0,0.279353491632883,0,0,0,0,0,0,0,0,0,0,0,0,0,0,0,0,0,0,0,0,0.612369311427439,0,0,0,0,0,0,0,0,0,0,0,0,0,0,0,0,0,0,0,0,0,0,3
"F0030",0,0,0,0,0,0,0,0,0,0,0,0,0,0,0,0.302558326629123,0,0,0,0,0,0,0,0,0,0,0,0,0,0,0,0,0,0,0,0,0.697441673370877,0,0,0,0,0,0,0,0,0,0,0,0,0,0,0,0,0,0,0,0,0,0,2
"F0031",0,0,0,0,0,0,0,0,0,0,0,0,0,0,0,0,0,0,0,0,0,0,0,0,0,0,0,0,0,0,0,0,0,0,0,0,0,0,0,0,1,0,0,0,0,0,0,0,0,0,0,0,0,0,0,0,0,0,0,1
"F0034",0,0,0,0,0,0,0,0,0,0,0,0,0,0,0,0,0,0,0,0,0,0,0,0,0.340864030053219,0,0,0,0,0,0,0,0,0,0,0,0,0,0,0,0.659135969946781,0,0,0,0,0,0,0,0,0,0,0,0,0,0,0,0,0,0,2
"F0035",0,0,0,0,0,0,0.0870184823836355,0,0,0,0,0,0,0,0,0,0,0,0,0,0,0,0,0,0,0,0,0,0,0,0,0,0,0,0,0,0,0,0,0,0,0,0,0,0,0.694810462388459,0,0,0,0,0,0,0,0,0,0,0,0.176021135252461,0.0421499199754445,4
"F0004",0,0,0,0,0,0,0,0,0,0,0,0,0,0,0,0,0,0,0,0,0,0,0,0,1,0,0,0,0,0,0,0,0,0,0,0,0,0,0,0,0,0,0,0,0,0,0,0,0,0,0,0,0,0,0,0,0,0,0,1
"F0039",0,0,0,0.0940236595483177,0,0,0.0151438667339727,0,0,0,0,0,0,0,0,0,0,0,0,0.0435587355237071,0,0,0.136133851297471,0,0,0,0,0,0,0,0,0,0,0,0,0,0.0255177812406265,0.0473337283907264,0,0,0.509675248191149,0,0,0,0,0,0,0,0,0,0,0,0.0779726239858365,0,0,0,0,0,0.0506405050881929,9
"F0041",0,0,0,0.0863964273445551,0,0,0,0,0,0,0,0,0,0,0,0,0,0,0,0,0,0.146837665559754,0,0,0,0,0,0.544810870643918,0,0,0,0,0,0,0,0,0,0,0,0,0,0,0,0,0,0,0,0,0,0,0,0.221955036451773,0,0,0,0,0,0,0,4
"F0042",0,0,0,0,0,0,0.0706182348043297,0,0,0,0,0,0,0,0,0.114696086594505,0,0,0,0,0,0,0,0,0,0,0,0,0,0,0,0,0,0,0,0,0,0,0,0,0,0,0,0,0,0,0,0,0,0,0,0,0,0,0,0,0.0272912453907458,0.054827822053051,0.732566611157369,5
"F0044",0,0,0,0,0,0,0,0,0,0,0,0,0,0,0,0,0,0,0,0,0,0,0,0,0.79668593360376,0,0,0,0,0,0,0,0,0,0,0,0,0,0,0,0,0,0,0,0,0,0,0,0,0,0.20331406639624,0,0,0,0,0,0,0,0,2
"F0045",0,0,0,0,0,0,0.563309564997257,0,0,0,0,0,0,0,0,0,0,0,0,0,0,0,0,0,0,0,0,0,0,0,0,0,0,0,0,0,0,0,0,0,0.436690435002743,0,0,0,0,0,0,0,0,0,0,0,0,0,0,0,0,0,0,2
"F0046",0,0,0,0,0,0,0.242167631981892,0,0,0,0,0,0,0,0,0,0,0,0,0,0,0,0,0,0,0.225244657479529,0,0,0,0,0,0,0,0,0,0,0,0,0,0,0.532587710538579,0,0,0,0,0,0,0,0,0,0,0,0,0,0,0,0,0,0,3
"F0005",0,0,0,0,0,0,0,0,0,0,0,0,0,0,0,0,0,0,0,0,0,0,0,0,1,0,0,0,0,0,0,0,0,0,0,0,0,0,0,0,0,0,0,0,0,0,0,0,0,0,0,0,0,0,0,0,0,0,0,1
"F0049",0,0,0,0,0,0,0,0,0,0,0,0,0,0,0,0,0,0,0,0,0,0,0,0,0,0,0,0,0,0,0,0,0,0,0,0,1,0,0,0,0,0,0,0,0,0,0,0,0,0,0,0,0,0,0,0,0,0,0,1
"F0050",0,0,0,0,0,0,0,0,0,0,0,0,0,0,0,0,0,0,0,0,0,0,0,0,0,0,0,0,0,0,0,0,0,0,0,0,0.939415821208073,0,0,0,0,0,0,0,0,0,0,0,0,0,0,0,0,0,0,0,0,0,0.0605841787919269,2
"F0006",0,0,0,0,0,0,0.13382105133369,0,0,0,0,0,0,0,0,0,0,0,0,0,0,0,0,0,0.866178948666311,0,0,0,0,0,0,0,0,0,0,0,0,0,0,0,0,0,0,0,0,0,0,0,0,0,0,0,0,0,0,0,0,0,0,2
"F0059",0,0,0,0,0,0,0,0,0,0,0,0,0,0,0,0,0,0,0,0,0,0,0,0,0,0,0,0,0,0,0,0,0,0,0,0,0,1,0,0,0,0,0,0,0,0,0,0,0,0,0,0,0,0,0,0,0,0,0,1
"F0061",0,0,0,0,0,0,1,0,0,0,0,0,0,0,0,0,0,0,0,0,0,0,0,0,0,0,0,0,0,0,0,0,0,0,0,0,0,0,0,0,0,0,0,0,0,0,0,0,0,0,0,0,0,0,0,0,0,0,0,1
"F0068",0,0,0,0,0,0,0,0,0,0,0,0,0,0,0,0,0,0,0,0.67621752094278,0,0,0,0,0,0,0,0,0,0,0,0,0,0,0,0,0,0,0,0,0,0,0,0,0,0,0,0,0,0,0.32378247905722,0,0,0,0,0,0,0,0,2
"F0071",0,0,0,0,0,0,0,0,0,0,0,0,0,0,0,0,0,0,0,0,0,0,0,0,0,0,0,0,0,0,0,0,0,0,0,0,1,0,0,0,0,0,0,0,0,0,0,0,0,0,0,0,0,0,0,0,0,0,0,1
"F0072",0,0,0,0,0,0,0,0,0,0,0,0,0,0,0,0,0,0,0,0,0,0,0,0,0,0,0,0,0,0,0,0,0,0,0,0,1,0,0,0,0,0,0,0,0,0,0,0,0,0,0,0,0,0,0,0,0,0,0,1
"F0074",0,0,0,0,0,0,0,0,0,0,0,0,0,0,0,0,0,0,0,0,0,0,0,0,0,0,0,0,0,0,0,0,0,0,0,0,1,0,0,0,0,0,0,0,0,0,0,0,0,0,0,0,0,0,0,0,0,0,0,1
"F0008",0,0,0,0,0,0,0,0,0,0,0,0,0,0,0,0,0,0,0,0,0,0,0,0,0,0,0,0,0,0,0,0,0,0,0,0,0.411277782859233,0,0,0,0,0,0,0,0,0,0,0,0,0,0.0366322143967804,0,0,0,0,0,0,0,0.552090002743986,3
"F0076",0,0,0,0,0,0,0,0,0,0,0,0,0,0,0,0,0,0,0,0,0,0,0,0,0,0,0,0,1,0,0,0,0,0,0,0,0,0,0,0,0,0,0,0,0,0,0,0,0,0,0,0,0,0,0,0,0,0,0,1
"F0078",0,0,0,0,0,0,0.0435013182217643,0,0,0,0,0,0,0,0,0,0,0,0,0,0,0,0,0,0,0,0,0,0,0,0,0,0,0,0,0,0.956498681778236,0,0,0,0,0,0,0,0,0,0,0,0,0,0,0,0,0,0,0,0,0,0,2
"F0109",0,0,0,0,0,0,0,0,0,0,0,0,0,0,0,0,0,0,0,0,0,0,0,0,0,0,0,0,0,0,0,0,0,0,0,0,0,0,0,0,0.767596022616494,0,0,0,0,0,0,0,0,0,0.232403977383506,0,0,0,0,0,0,0,0,2
"F0110",0,0,0,0,0,0,0,0,0,0,0,0,0,0,0,0,0,0,0,0,0,0,0,0,0.637994519609522,0,0,0,0,0,0,0,0,0,0,0,0,0,0,0,0,0,0,0,0,0,0,0,0,0,0,0,0,0,0,0,0,0,0.362005480390478,2
"F0114",0,0,0,0,0,0,0,0,0,0,0,0,0,0,0,0,0,0,0,0,0,0,0,0,1,0,0,0,0,0,0,0,0,0,0,0,0,0,0,0,0,0,0,0,0,0,0,0,0,0,0,0,0,0,0,0,0,0,0,1
"F0118",0,0,0,0,0,0,0.246174016085521,0,0,0,0,0,0,0,0,0,0,0,0,0,0,0,0,0,0.0322214658497844,0,0,0,0,0,0,0,0,0,0.312255754733631,0,0.1547538007715,0,0,0,0.254594962559564,0,0,0,0,0,0,0,0,0,0,0,0,0,0,0,0,0,0,5
"F0123",0,0,0,0,0,0,0,0,0,0,0,0,0,0,0,0.586508507069255,0,0,0,0,0,0,0,0,0.413491492930745,0,0,0,0,0,0,0,0,0,0,0,0,0,0,0,0,0,0,0,0,0,0,0,0,0,0,0,0,0,0,0,0,0,0,2
"F0125",0,0,0,0,0,0,0.55566370284632,0,0,0,0,0,0,0,0,0,0,0,0,0,0,0,0,0,0.173488714684064,0,0,0,0,0,0,0,0,0,0,0,0,0,0,0,0,0,0,0,0,0,0,0,0,0,0.0712895249118746,0,0,0,0,0,0,0,0.199558057557742,4
"F0127",0,0,0,0,0,0,0.0792420646692376,0,0,0,0,0,0,0,0,0.0598338771877781,0,0,0,0,0,0,0,0,0.0101972708395135,0,0,0,0,0,0,0,0,0,0,0,0.850726787303471,0,0,0,0,0,0,0,0,0,0,0,0,0,0,0,0,0,0,0,0,0,0,4
"F0129",0,0,0,0,0,0,0.136025192815778,0,0,0,0,0,0,0,0,0,0,0,0,0,0,0,0,0,0.863974807184222,0,0,0,0,0,0,0,0,0,0,0,0,0,0,0,0,0,0,0,0,0,0,0,0,0,0,0,0,0,0,0,0,0,0,2
"F0132",0,0,0,0,0,0,0.664073324096771,0,0,0,0,0,0,0,0,0.233542932253366,0,0,0,0,0,0,0,0,0.102383743649863,0,0,0,0,0,0,0,0,0,0,0,0,0,0,0,0,0,0,0,0,0,0,0,0,0,0,0,0,0,0,0,0,0,0,3
"F0134",0,0,0,0,0,0,0.725056241259804,0,0,0,0,0,0,0,0,0,0,0,0,0,0,0,0,0,0.0520763665106098,0,0,0,0,0,0,0,0,0,0,0,0,0,0,0,0.163738067732717,0,0,0,0,0,0,0,0,0,0,0,0,0,0,0,0,0,0.0591293244968687,4
"F0136",0,0,0,0,0,0,0.354995589672682,0,0,0,0,0,0,0,0,0,0,0,0,0,0,0,0,0,0.0734975087610556,0,0,0,0,0,0,0,0,0,0,0,0.118852361313086,0.0295253534221756,0,0,0.287410303478199,0,0,0,0,0,0,0,0,0,0,0,0,0,0,0,0,0,0.135718883352802,6
"F0138",0,0,0,0,0,0,0,0,0,0,0,0,0,0,0,0,0,0,0,0,0,0,0,0,0.724987021733335,0,0,0,0,0,0,0,0,0,0,0,0.168254458209981,0,0,0,0.106758520056683,0,0,0,0,0,0,0,0,0,0,0,0,0,0,0,0,0,0,3
"F0140",0,0.0948660714285714,0,0,0,0,0.399210164835165,0,0,0,0,0,0,0,0,0,0,0,0,0,0,0,0,0,0,0,0,0,0,0,0,0,0,0,0,0,0.505923763736264,0,0,0,0,0,0,0,0,0,0,0,0,0,0,0,0,0,0,0,0,0,0,3
"F0142",0,0,0,0,0,0,0,0,0,0,0,0,0,0,0,0,0,0,0,0,0,0,0,0,0,0,0,0,0,0,0,0,0,0,0,0,0.122769296925392,0,0,0,0,0,0,0,0,0,0,0,0.651365297785423,0,0.225865405289185,0,0,0,0,0,0,0,0,3
"F0146",0,0,0,0,0,0,0.45100193189136,0,0,0,0,0,0,0,0,0,0,0,0,0,0,0.161331868631388,0,0,0.195310428425319,0,0,0,0,0,0,0,0,0,0,0,0,0,0,0,0,0,0.192355771051934,0,0,0,0,0,0,0,0,0,0,0,0,0,0,0,0,4
"F0148",0,0,0,0,0,0,0.630559540889527,0,0,0,0,0,0,0,0,0,0,0,0,0,0,0,0,0,0.369440459110473,0,0,0,0,0,0,0,0,0,0,0,0,0,0,0,0,0,0,0,0,0,0,0,0,0,0,0,0,0,0,0,0,0,0,2
"F0151",0,0,0,0,0,0,0,0,0,0,0,0,0,0,0,0,0,0,0,0,0,0,0,0,0,0,0,0,0,0,0,0,0,0,0,0,0.146347109854762,0,0,0,0,0,0,0,0,0,0,0.0485183741105371,0,0,0,0.115642362803392,0,0,0,0,0,0.0361389999025246,0.653353153328785,5
"F0153",0,0,0,0,0,0,0,0,0,0,0,0,0,0,0,0,0,0,0,0,0,0,0,0,1,0,0,0,0,0,0,0,0,0,0,0,0,0,0,0,0,0,0,0,0,0,0,0,0,0,0,0,0,0,0,0,0,0,0,1
"F0155",0,0,0,0,0,0,0,0,0,0,0,0,0,0,0,0,0,0,0,0,0,0,0,0,0,0,0,0,0,0,0,0,0,0,0,0,1,0,0,0,0,0,0,0,0,0,0,0,0,0,0,0,0,0,0,0,0,0,0,1
"F0157",0,0,0,0,0,0,0.431670732340271,0,0,0,0,0,0,0,0,0,0,0,0,0,0,0,0,0,0.0545492292520891,0,0,0,0,0,0,0,0,0,0,0,0,0,0,0,0,0,0,0,0,0,0,0,0,0,0,0,0,0,0,0,0,0,0.51378003840764,3
"F0163",0,0,0,0,0,0,0,0,0,0,0,0,0,0,0,0,0,0,0,0,0,0,0,0,0,0,0,0,0,0,0,0,0,0,0,0,1,0,0,0,0,0,0,0,0,0,0,0,0,0,0,0,0,0,0,0,0,0,0,1
"F0166",0,0,0,0,0,0,0.112433283751859,0,0,0,0,0,0,0,0,0,0,0,0,0,0,0,0,0,0,0,0,0,0,0,0,0,0,0,0,0,0,0,0,0,0,0,0,0,0,0,0,0,0,0,0,0.887566716248141,0,0,0,0,0,0,0,2
"F0168",0,0,0,0,0,0,0,0,0,0,0,0,0,0,0,0,0,0,0,0,0,0,0,0,0.207577204711875,0,0,0,0,0,0,0,0,0,0,0,0,0,0,0,0,0,0,0,0,0,0,0,0,0,0,0.792422795288125,0,0,0,0,0,0,0,2
"F0169",0,0,0,0,0,0,1,0,0,0,0,0,0,0,0,0,0,0,0,0,0,0,0,0,0,0,0,0,0,0,0,0,0,0,0,0,0,0,0,0,0,0,0,0,0,0,0,0,0,0,0,0,0,0,0,0,0,0,0,1
"F0177",0,0,0,0,0,0,0.0996732026143791,0,0,0,0,0,0,0,0,0,0,0,0,0,0,0,0,0,0,0,0,0.199239840863882,0,0,0,0,0,0,0,0,0.0445439045183291,0,0,0,0,0,0,0,0,0,0,0,0,0,0,0.486040068201193,0,0,0,0,0,0,0.170502983802217,5
"F0179",0,0,0,0,0,0,0,0,0,0,0,0,0,0,0,0,0,0,0,0,0,0,0,0,0,0,0,0,0,0,0,0,0,0,0,0,0,0,0,0,0.291025806729568,0,0,0,0,0,0,0,0,0,0,0.708974193270432,0,0,0,0,0,0,0,2
"F0182",0,0,0,0,0,0,0,0,0,0,0,0,0,0,0,0,0,0,0,0,0,0.442338802865727,0,0,0,0,0,0,0,0,0,0,0,0,0,0,0.305407903859487,0,0,0,0,0,0,0,0,0,0,0,0,0,0,0,0.252253293274786,0,0,0,0,0,0,3
"F0184",0,0,0,0,0,0,0,0,0,0,0,0,0,0,0,0,0,0,0,0,0,0,0,0,0,0,0,0,0,0,0,0,0,0,0,0,0,0,0,0,0,0,0,0,0,0,0,0,0,0,0,1,0,0,0,0,0,0,0,1
"F0186",0,0,0,0,0,0,0,0,0,0,0,0,0,0,0,0,0,0,0,0,0,0,0,0,0,0,0,0,0,0,0,0,0,0,0,0,0,0,0,0,0,0,0,0,0,0,0,0,0,0,0,1,0,0,0,0,0,0,0,1
"F0291",0,0,0,0,0,0,1,0,0,0,0,0,0,0,0,0,0,0,0,0,0,0,0,0,0,0,0,0,0,0,0,0,0,0,0,0,0,0,0,0,0,0,0,0,0,0,0,0,0,0,0,0,0,0,0,0,0,0,0,1
"F0299",0,0,0,0,0,0,1,0,0,0,0,0,0,0,0,0,0,0,0,0,0,0,0,0,0,0,0,0,0,0,0,0,0,0,0,0,0,0,0,0,0,0,0,0,0,0,0,0,0,0,0,0,0,0,0,0,0,0,0,1
"F0300",0,1,0,0,0,0,0,0,0,0,0,0,0,0,0,0,0,0,0,0,0,0,0,0,0,0,0,0,0,0,0,0,0,0,0,0,0,0,0,0,0,0,0,0,0,0,0,0,0,0,0,0,0,0,0,0,0,0,0,1
"F0302",0,0,0,0,0,0,1,0,0,0,0,0,0,0,0,0,0,0,0,0,0,0,0,0,0,0,0,0,0,0,0,0,0,0,0,0,0,0,0,0,0,0,0,0,0,0,0,0,0,0,0,0,0,0,0,0,0,0,0,1
"F0313",0,0,0,0,0,0,0,0,0,0,0,0,0,0,0,0,0,0,0,0,0,0,0,0,0,0,0,0,0,0,0,0,0,0,0,0,1,0,0,0,0,0,0,0,0,0,0,0,0,0,0,0,0,0,0,0,0,0,0,1
"F0317",0,0,0,0,0,0,0,0,0,0,0,0,0,0,0,0,0,0,0,0,0,0,0,0,0,0,0,0,0,0,1,0,0,0,0,0,0,0,0,0,0,0,0,0,0,0,0,0,0,0,0,0,0,0,0,0,0,0,0,1
"F0318",0,0,0,0,0,0,0,0,0,0,0,0,0,0,0,0,0,0,0,0,0,0,0,0,0,0,0,0,0,0,0,0,0,0,0,0,1,0,0,0,0,0,0,0,0,0,0,0,0,0,0,0,0,0,0,0,0,0,0,1
"F0323",0,0,0,0,0,0,1,0,0,0,0,0,0,0,0,0,0,0,0,0,0,0,0,0,0,0,0,0,0,0,0,0,0,0,0,0,0,0,0,0,0,0,0,0,0,0,0,0,0,0,0,0,0,0,0,0,0,0,0,1
"F0332",0,0,0,0,0,0,0,0,0,0,0,0,0,0,0,0,0,0,0,0,0,0,0,0,0,0,0,0,0,0,0,0,0,0,0,0,1,0,0,0,0,0,0,0,0,0,0,0,0,0,0,0,0,0,0,0,0,0,0,1
"F0333",0,0,0,0,0,0,0,0,0,0,0,0,0,0,0,0,0,0,0,0,0,0,0,0,0,0,0,0,0,0,0,0,0,0,0,0,1,0,0,0,0,0,0,0,0,0,0,0,0,0,0,0,0,0,0,0,0,0,0,1
"F0334",0,0,0,0,0,0,0,0,0,0,0,0,0,0,0,0,0,0,0,0,0,0,0,0,0,0,0,0,0,0,0,0,0,0,0,0,0,0,0,0,0.182760322421451,0,0,0,0,0,0,0,0,0,0,0,0,0,0,0,0,0,0.817239677578549,2
"F0336",0,0,0,0,0,0,0,0,0,0,0,0,0,0,0,0,0,0,0,0,0,0,0,0,0,0,0,0,0,0,0,0,0,0,0,0,1,0,0,0,0,0,0,0,0,0,0,0,0,0,0,0,0,0,0,0,0,0,0,1
"F0339",0,0,0,0,0,0,0,0,0,0,0,0,0,0,0,0,0,0,0,0,0,0,0,0,0,0,0,0,0,0,0,0,0,0,0,0,0.98432110042448,0,0,0,0,0,0,0,0,0,0,0,0,0,0,0,0,0,0,0,0,0,0.0156788995755199,2
"F0340",0,0,0,0,0,0,0,0,0,0,0,0,0,0,0,0,0,0,0,0,0,0,0,0,0,0,0,0,0,0,0,0,0,0,0,0,1,0,0,0,0,0,0,0,0,0,0,0,0,0,0,0,0,0,0,0,0,0,0,1
"F0341",0,0,0,0,0,0,0,0,0,0,0,0,0,0,0,0,0,0,0,0,0,0,0,0,0,0,0,0,0,0,0,0,0,0,0,0,1,0,0,0,0,0,0,0,0,0,0,0,0,0,0,0,0,0,0,0,0,0,0,1
"F0344",0,0,0,0,0,0,0,0,0,0,0,0,0,0,0,0,0,0,0,0,0,0,0,0,0,0,0,0,0,0,0,0,0,0,0,0,0.976289595236033,0,0,0,0,0,0,0,0,0,0,0,0,0,0,0,0,0,0,0,0,0,0.0237104047639675,2
"F0345",0,0,0,0,0,0,0,0,0,0,0,0,0,0,0,0,0,0,0,0,0,0,0,0,0,0,0,0,0,0,0,0,0,0,0,0,1,0,0,0,0,0,0,0,0,0,0,0,0,0,0,0,0,0,0,0,0,0,0,1
"F0346",0,0,0,0,0,0,0,0,0,0,0,0,0,0,0,0,0,0,0,0,0,0,0,0,0,0,0,0,0,0,0,0,0,0,0,0,1,0,0,0,0,0,0,0,0,0,0,0,0,0,0,0,0,0,0,0,0,0,0,1
"F0351",0,0,0,0,0,0,0.0228399968650985,0,0,0,0,0,0,0,0,0,0,0,0,0,0,0,0,0,0,0,0,0,0,0,0,0,0,0,0,0,0.977160003134901,0,0,0,0,0,0,0,0,0,0,0,0,0,0,0,0,0,0,0,0,0,0,2
"F0353",0,0,0,0,0,0,0,0,0,0,0,0,0,0,0,0,0,0,0,0,0,0,0,0,0,0,0,0,0,0,0,0,0,0,0,0,1,0,0,0,0,0,0,0,0,0,0,0,0,0,0,0,0,0,0,0,0,0,0,1
"F0356",0,0,0,0,0,0,0,0,0,0,0,0,0,0,0,0.0164312162030172,0,0,0,0,0,0,0,0,0,0,0,0,0,0,0,0,0,0,0,0,0.983568783796983,0,0,0,0,0,0,0,0,0,0,0,0,0,0,0,0,0,0,0,0,0,0,2
"F0368",0,0,0,0,0,0,0.0828951042442293,0,0,0,0,0,0,0,0,0,0,0,0,0,0,0.102952810871184,0,0,0,0,0,0,0,0,0,0,0,0,0,0,0.526677680565897,0,0,0,0.182671723752792,0,0,0,0,0,0,0,0,0,0,0,0,0,0,0,0,0,0.104802680565897,5
"F0369",0,0,0,0,0,0,0.0278879120458159,0,0,0,0,0,0,0,0,0,0,0,0,0,0,0,0,0,0,0,0,0,0,0,0,0,0,0,0,0,0,0,0,0,0,0,0,0,0,0,0,0.972112087954184,0,0,0,0,0,0,0,0,0,0,0,2
"F0374",0,0,0,0,0,0,0,0,0,0,0,0,0,0,0,0,0,0,0,0,0,0,0,0,0,0,0,0,0,0,0,0,0,0,0,0,0,0,0,0,0,0,0,0,0,0,0,0,0,0,0,0,0,0,0,0,0,0,1,1
"F0376",0,0,0,0,0,0,0,0,0,0,0,0,0,0,0,0,0,0,0,0,0,0,0,0,0,0,0,0,0,0,0,0,0,0,0,0,1,0,0,0,0,0,0,0,0,0,0,0,0,0,0,0,0,0,0,0,0,0,0,1
"F0388",0,0,0,0,0,0,0,0,0,0,0,0,0,0,0,0,0,0,0,0,0,0,0,0,0.717707302880419,0,0,0,0,0,0,0,0,0,0,0,0,0,0,0,0,0,0,0,0,0,0,0,0,0,0.0975269130055281,0,0,0,0,0,0,0,0.184765784114053,3
"F0391",0,0,0,0,0,0,0,0,0,0,0,0,0,0,0,0,0,0,0,0,0,0,0,0,0.200615746819396,0,0,0,0,0,0,0,0,0,0,0,0,0,0,0,0,0,0,0,0,0,0,0,0,0,0,0,0,0,0,0,0,0,0.799384253180604,2
"F0396",0,0,0,0,0,0,0,0,0,0,0,0,0,0,0,0,0,0,0,0,0,0,0,0,0,0,0,0,0,0,0,0,0,0,0,0,0.192214700193424,0,0,0,0.318786266924565,0,0,0,0,0,0,0,0,0,0,0,0,0,0,0,0,0,0.488999032882012,3
"F0397",0,0,0,0,0,0,1,0,0,0,0,0,0,0,0,0,0,0,0,0,0,0,0,0,0,0,0,0,0,0,0,0,0,0,0,0,0,0,0,0,0,0,0,0,0,0,0,0,0,0,0,0,0,0,0,0,0,0,0,1
"F0398",0,0,0,0,0,0,0.0546051692131943,0,0,0,0,0,0,0,0,0,0,0,0,0,0,0,0,0,0.131086677138369,0,0,0,0,0,0,0,0,0,0,0,0.814308153648436,0,0,0,0,0,0,0,0,0,0,0,0,0,0,0,0,0,0,0,0,0,0,3
"F0405",0,0,0,0,0,0,0.862292187729881,0,0,0,0,0,0,0,0,0,0,0,0,0,0,0,0,0,0.137707812270119,0,0,0,0,0,0,0,0,0,0,0,0,0,0,0,0,0,0,0,0,0,0,0,0,0,0,0,0,0,0,0,0,0,0,2
"F0411",0,0,0,0,0,0,1,0,0,0,0,0,0,0,0,0,0,0,0,0,0,0,0,0,0,0,0,0,0,0,0,0,0,0,0,0,0,0,0,0,0,0,0,0,0,0,0,0,0,0,0,0,0,0,0,0,0,0,0,1
"F0414",0,0,0,0,0,0,1,0,0,0,0,0,0,0,0,0,0,0,0,0,0,0,0,0,0,0,0,0,0,0,0,0,0,0,0,0,0,0,0,0,0,0,0,0,0,0,0,0,0,0,0,0,0,0,0,0,0,0,0,1
"F0415",0,0,0,0,0,0,1,0,0,0,0,0,0,0,0,0,0,0,0,0,0,0,0,0,0,0,0,0,0,0,0,0,0,0,0,0,0,0,0,0,0,0,0,0,0,0,0,0,0,0,0,0,0,0,0,0,0,0,0,1
"F0416",0,0,0,0,0,0,1,0,0,0,0,0,0,0,0,0,0,0,0,0,0,0,0,0,0,0,0,0,0,0,0,0,0,0,0,0,0,0,0,0,0,0,0,0,0,0,0,0,0,0,0,0,0,0,0,0,0,0,0,1
"F0419",0,0,0,0,0,0,1,0,0,0,0,0,0,0,0,0,0,0,0,0,0,0,0,0,0,0,0,0,0,0,0,0,0,0,0,0,0,0,0,0,0,0,0,0,0,0,0,0,0,0,0,0,0,0,0,0,0,0,0,1
"F0420",0,0,0,0,0,0,1,0,0,0,0,0,0,0,0,0,0,0,0,0,0,0,0,0,0,0,0,0,0,0,0,0,0,0,0,0,0,0,0,0,0,0,0,0,0,0,0,0,0,0,0,0,0,0,0,0,0,0,0,1
"F0422",0,0,0,0,0,0,1,0,0,0,0,0,0,0,0,0,0,0,0,0,0,0,0,0,0,0,0,0,0,0,0,0,0,0,0,0,0,0,0,0,0,0,0,0,0,0,0,0,0,0,0,0,0,0,0,0,0,0,0,1
"F0424",0,0,0,0,0,0,1,0,0,0,0,0,0,0,0,0,0,0,0,0,0,0,0,0,0,0,0,0,0,0,0,0,0,0,0,0,0,0,0,0,0,0,0,0,0,0,0,0,0,0,0,0,0,0,0,0,0,0,0,1
"F0430",0,0,0,0,0,0,0.722223722223722,0,0,0,0,0,0,0,0,0,0,0,0,0,0,0,0,0,0,0,0,0,0,0,0,0,0,0,0,0,0,0,0,0,0,0,0,0,0,0,0,0,0,0,0,0,0,0,0,0,0,0,0.277776277776278,2
"F0432",0,0,0,0,0,0,0,0,0,0,0,0,0,0,0,0,0,0,0,0,0,0,0,0,0,0,0,0,0,0,0,0,0,0,0,0,1,0,0,0,0,0,0,0,0,0,0,0,0,0,0,0,0,0,0,0,0,0,0,1
"F0435",0,0,0,0,0,0,0,0,0,0,0,0,0,0,0,0,0,0,0,0,0,0,0,0,0,0,0,0,0,0,0,0,0,0,0,0,0,0,0,0,0.213233436339961,0,0,0,0,0,0,0,0,0,0.786766563660039,0,0,0,0,0,0,0,0,2
"F0439",0,0,0,0,0,0,0,0,0,0,0,0,0,0,0,0,0,0,0,0,0,0,0,0,0,0,0,0,0,0,0,0,0,0,0,0,0.685096887397009,0,0,0,0,0,0,0,0,0,0,0,0,0,0,0,0,0,0,0,0,0,0.314903112602991,2
"F0444",0,0,0,0,0,0,0,0,0,0,0,0,0,0,0,0,0,0,0,0,0,0,0,0,0,0,0,1,0,0,0,0,0,0,0,0,0,0,0,0,0,0,0,0,0,0,0,0,0,0,0,0,0,0,0,0,0,0,0,1
"F0212",0,0,0,0,0,0,1,0,0,0,0,0,0,0,0,0,0,0,0,0,0,0,0,0,0,0,0,0,0,0,0,0,0,0,0,0,0,0,0,0,0,0,0,0,0,0,0,0,0,0,0,0,0,0,0,0,0,0,0,1
"F0446",0,0,0,0,0,0,1,0,0,0,0,0,0,0,0,0,0,0,0,0,0,0,0,0,0,0,0,0,0,0,0,0,0,0,0,0,0,0,0,0,0,0,0,0,0,0,0,0,0,0,0,0,0,0,0,0,0,0,0,1
"F0458",0,0,0,0,0,0,0,0,0,0,0,0,0,0,0,1,0,0,0,0,0,0,0,0,0,0,0,0,0,0,0,0,0,0,0,0,0,0,0,0,0,0,0,0,0,0,0,0,0,0,0,0,0,0,0,0,0,0,0,1
"F0216",0,0,0,0,0,0,0.0385455806694029,0,0,0,0,0,0,0,0,0.380010405225736,0,0,0,0,0,0,0,0,0.0337707381929591,0,0,0,0,0.120781548066362,0,0,0,0,0,0,0.141106422336551,0,0,0,0.0784900861321464,0,0,0,0.0598069252557951,0,0,0,0,0,0,0,0,0,0,0,0.147488294121047,0,0,8
"F0219",0,0,0,0,0,0,1,0,0,0,0,0,0,0,0,0,0,0,0,0,0,0,0,0,0,0,0,0,0,0,0,0,0,0,0,0,0,0,0,0,0,0,0,0,0,0,0,0,0,0,0,0,0,0,0,0,0,0,0,1
"F0221",0,0,0,0,0,0.0492553245564988,0.0226960809230926,0,0,0,0,0,0,0,0,0.0444772022569003,0,0,0,0.411325166471814,0,0,0,0.0485182737762416,0,0,0,0,0,0,0,0,0,0,0,0,0.0756112438367305,0,0.0531439028109592,0,0.162735729171962,0,0,0,0,0,0,0,0,0,0,0,0,0,0,0,0,0,0.132237076195801,9
"F0230",0,0,0,0,0,0,0.219950253912323,0,0,0,0,0,0,0,0,0.375023318478599,0,0,0,0,0,0,0,0,0,0,0.0933775520779355,0,0,0,0,0,0,0,0,0,0,0,0.0243548554254327,0,0.176681521401181,0,0,0,0,0,0,0,0,0,0,0.0824126852523578,0,0,0,0,0,0.0281998134521712,0,7
"F0232",0,0,0,0,0,0,0,0,0,0,0,0,0,0,0,0,0,0,0,0,0,0,0,0,0,0,0,0,0,0,0,0,0,0,0,0,0,0,0.317801905952195,0,0,0,0,0,0,0,0,0,0,0,0.271481018590845,0.41071707545696,0,0,0,0,0,0,0,3
"F0235",0,0,0,0,0,0,0.0374745845894973,0,0,0,0,0,0,0,0,0.322802005188249,0,0,0,0,0,0,0,0,0,0,0,0,0,0,0,0,0,0,0,0,0.0637138049498703,0,0,0,0.410160905840286,0,0,0,0,0,0,0,0,0,0,0.165848699432097,0,0,0,0,0,0,0,5
"F0236",0,0,0,0,0,0,0.103984400614312,0,0,0,0,0,0,0,0,0.135493779227278,0,0,0,0,0,0,0,0,0,0,0,0,0,0,0,0,0,0,0,0,0,0,0,0,0,0,0,0,0,0,0,0,0,0,0,0,0,0,0,0,0,0,0.76052182015841,3
"F0238",0,0,0,0,0,0,0.211014940382129,0,0,0,0,0,0,0,0,0,0,0,0,0,0,0,0,0,0,0,0,0,0,0,0,0,0,0,0,0,0,0,0.152402672029881,0,0,0,0,0,0,0,0,0,0,0,0,0,0,0,0,0,0,0.0850272949288895,0.551555092659101,4
"F0240",0,0,0,0,0,0,0.0766326077298978,0,0,0,0,0,0,0,0,0.137790611580038,0,0,0,0,0,0,0,0,0,0,0,0,0,0,0,0,0,0,0,0,0,0,0,0,0,0,0,0,0,0,0,0,0,0,0,0,0,0,0,0,0,0,0.785576780690064,3
"F0248",0,0,0,0,0,0,0.215874593903673,0,0,0,0,0,0,0,0,0.237391041914467,0,0,0,0,0,0,0,0,0.0507110014379804,0,0,0,0,0,0,0,0,0,0,0,0.137815334907419,0,0,0,0,0,0,0,0,0,0,0,0,0,0,0,0,0,0,0,0,0,0.358208027836461,5
"F0259",0,0,0,0,0,0,0.22677986706143,0,0,0,0,0,0,0,0,0,0,0,0,0,0,0,0,0,0,0,0,0,0,0,0,0,0,0,0,0,0,0.20529009235113,0,0,0,0,0,0,0,0,0,0,0,0,0,0,0,0,0,0,0,0,0.567930040587439,3
"F0267",0,0,0,0,0,0,0,0,0,0,0,0,0,0,0,0,0,0,0,0,0,0,0,0,0,0,0,0,0,0,0,0,0,0,0,0,0,0,0,0,0,0,0,0,0,0,0,0,0,0,0,0,0,0,0,0,0,0,1,1
"F0273",0,0,0,0,0,0,0,0,0,0,0,0,0,0,0,0,0,0,0,0,0,0,0,0,1,0,0,0,0,0,0,0,0,0,0,0,0,0,0,0,0,0,0,0,0,0,0,0,0,0,0,0,0,0,0,0,0,0,0,1
"F0278",0,0,0,0,0,0,0,0,0,0,0,0,0,0,0,0,0,0,0,0,0,0,0,0,0,0,0,0.591706395610327,0,0,0,0,0,0,0,0,0,0,0,0,0,0,0,0,0,0,0,0,0,0,0,0,0,0,0,0,0,0,0.408293604389673,2
"F0489",0,0,0,0,0,0,0.239185327928766,0,0,0,0,0,0,0,0,0.287161937670277,0,0,0,0,0,0,0,0,0.136000177198928,0,0,0.142822335924868,0,0,0,0,0,0,0,0,0,0,0,0,0,0,0,0,0.0291492236471969,0,0,0,0,0,0,0,0,0,0,0,0,0.165680997629964,0,6
"F0494",0,0,0,0,0,0,0.684034449629426,0,0,0,0,0,0,0,0,0,0,0,0,0,0,0,0,0,0.315965550370574,0,0,0,0,0,0,0,0,0,0,0,0,0,0,0,0,0,0,0,0,0,0,0,0,0,0,0,0,0,0,0,0,0,0,2
"F0496",0,0,0,0,0,0,0.0835355285961872,0,0,0,0,0,0,0,0,0,0,0,0,0,0,0,0,0,0,0,0,0,0,0,0,0,0,0,0,0,0,0,0,0,0,0,0,0,0,0,0,0,0,0,0,0,0,0,0,0,0,0,0.916464471403813,2
"F0497",0,0,0,0,0,0,0.101306928158943,0,0,0,0,0,0,0,0,0.113075147036083,0,0,0,0,0,0,0,0,0.611072896837458,0,0,0,0,0,0,0,0,0,0,0,0,0,0,0,0.0869685772026085,0,0,0,0,0,0,0,0,0,0,0,0,0,0,0,0,0,0.0875764507649076,5
"F0500",0,0,0,0,0,0,0.0957839988173156,0,0,0,0,0,0,0,0,0.0228069939656215,0,0,0,0,0,0,0,0,0.141760855833457,0,0,0,0,0,0,0,0,0,0,0,0.081121399868292,0,0,0,0,0,0,0,0,0,0,0,0,0,0,0,0,0,0,0,0.47488811536549,0,0.183638636149825,6
"F0501",0,0,0,0,0,0,0,0,0,0,0,0,0,0,0,0,0,0,0,0,0,0,0,0,0.239756897022671,0,0,0,0,0,0,0,0,0,0,0,0.760243102977329,0,0,0,0,0,0,0,0,0,0,0,0,0,0,0,0,0,0,0,0,0,0,2
"F0506",0,0,0,0,0,0,0.103779851336391,0,0,0,0,0,0,0,0,0,0,0,0,0,0,0,0,0,0,0,0,0,0,0,0,0,0,0,0,0,0,0,0,0,0,0,0,0,0,0,0,0,0,0,0,0,0.341973746639254,0,0,0,0,0,0.554246402024355,3
"F0507",0,0,0,0,0,0,0.43087764503787,0,0,0,0,0,0,0,0,0,0,0,0,0,0,0,0,0,0.204712266729133,0,0,0,0,0,0,0,0,0,0,0,0,0,0,0,0,0,0,0,0,0,0,0,0,0,0.364410088232998,0,0,0,0,0,0,0,0,3
"F0510",0,0,0,0,0,0,0,0,0,0,0,0,0,0,0,0,0,0,0,0,0,0,0,0,0.987406432106893,0,0,0,0,0,0,0,0,0,0,0,0,0,0,0,0,0,0,0,0,0,0,0,0,0,0,0,0,0,0,0,0,0.0125935678931071,0,2
"F0513",0,0,0,0,0,0,0,0,0,0,0,0,0,0,0,0,0,0,0,0,0,0,0,0,0.3366780529462,0,0,0,0,0,0,0,0,0,0,0,0,0,0,0,0,0,0,0,0,0,0,0,0,0,0,0,0,0,0,0,0,0,0.6633219470538,2
"F0478",0,0,0,0,0,0,0.636848657300373,0,0,0,0,0,0,0,0,0,0,0,0,0,0,0,0,0,0,0,0,0,0,0,0,0,0,0,0,0,0.363151342699627,0,0,0,0,0,0,0,0,0,0,0,0,0,0,0,0,0,0,0,0,0,0,2
"F0514",0,0,0,0,0,0,0.623936380726229,0,0,0,0.186937271198179,0,0,0,0,0.0327124765014346,0,0,0,0,0,0,0,0,0.12955130107846,0,0,0,0,0,0,0,0,0,0,0,0.0268625704956961,0,0,0,0,0,0,0,0,0,0,0,0,0,0,0,0,0,0,0,0,0,0,5
"F0515",0,0,0,0,0,0,0.109929609105886,0,0,0,0,0,0,0,0,0.336405843669585,0,0,0,0,0,0,0,0,0.553664547224529,0,0,0,0,0,0,0,0,0,0,0,0,0,0,0,0,0,0,0,0,0,0,0,0,0,0,0,0,0,0,0,0,0,0,3
"F0516",0,0,0,0,0,0,0.585328226407065,0,0,0,0,0,0,0,0,0,0,0,0,0,0,0,0,0,0.0875359080753272,0,0,0,0,0,0,0,0,0,0,0,0,0,0,0,0,0,0,0,0,0,0,0,0,0,0,0,0,0,0,0,0,0,0.327135865517608,3
"F0517",0,0,0,0,0,0,0.736096494778596,0,0,0,0,0,0,0,0,0.0959685906257589,0,0,0,0,0,0,0,0,0.167934914595645,0,0,0,0,0,0,0,0,0,0,0,0,0,0,0,0,0,0,0,0,0,0,0,0,0,0,0,0,0,0,0,0,0,0,3
"F0519",0,0,0,0,0,0,0,0,0,0,0,0,0,0,0,0,0,0,0,0,0,0,0,0,0,0,0,1,0,0,0,0,0,0,0,0,0,0,0,0,0,0,0,0,0,0,0,0,0,0,0,0,0,0,0,0,0,0,0,1
"F0522",0,0,0,0,0,0,0.0338097686375321,0,0,0,0,0,0,0,0,0,0,0,0,0,0,0,0,0,0.0334190231362468,0,0,0,0,0,0,0,0,0,0,0,0.932771208226221,0,0,0,0,0,0,0,0,0,0,0,0,0,0,0,0,0,0,0,0,0,0,3
"F0479",0,0,0,0,0,0,0,0,0,0,0,0,0,0,0,0,0,0,0,0,0,0,0.0993123504637434,0,0.0126928402185185,0,0,0,0,0,0,0,0.262424906005782,0,0,0,0.374470648893214,0,0,0,0,0,0,0,0,0,0,0,0,0,0,0.251099254418742,0,0,0,0,0,0,0,5
"F0525",0,0,0,0,0,0,0.18791749247596,0,0,0,0,0,0,0,0,0,0,0,0,0,0,0,0,0,0.278964496317502,0,0,0,0,0,0,0,0,0,0,0,0.025765249944946,0,0,0,0,0,0,0,0,0,0,0,0,0,0,0,0,0,0,0,0,0,0.507352761261592,4
"F0538",0,0,0,0,0,0,1,0,0,0,0,0,0,0,0,0,0,0,0,0,0,0,0,0,0,0,0,0,0,0,0,0,0,0,0,0,0,0,0,0,0,0,0,0,0,0,0,0,0,0,0,0,0,0,0,0,0,0,0,1
"F0541",0,0,0,0,0,0,0,0,0,0,0,0,0,0,0,0,0,0,0,0,0,0,0,0,0,0,0,0,0,0,0,0,0,0,0,0,0.442302803392729,0,0,0,0,0,0,0,0,0,0,0,0,0,0,0,0,0,0,0,0,0,0.557697196607271,2
"F0545",0,0,0,0,0,0,0.184638604729163,0,0,0,0,0,0,0,0,0,0,0,0,0,0,0,0,0,0,0,0,0,0,0,0,0,0,0,0,0,0,0,0,0,0,0,0,0,0,0,0,0,0,0,0,0,0,0,0,0,0,0,0.815361395270837,2
"F0546",0,0,0,0,0,0,0.276059706415966,0,0,0,0,0,0,0,0,0,0,0,0,0,0,0,0,0,0,0,0,0,0,0,0,0,0,0,0,0,0,0,0,0,0.184809500247402,0,0,0,0,0,0,0,0,0,0,0,0.154750123701138,0,0,0,0,0,0.384380669635494,4
"F0482",0,0,0,0,0,0,0,0,0,0,0,0,0,0,0,0,0,0,0,0,0,0,0,0,0,0,0,0,0,0,0,0,0,0,0,0,1,0,0,0,0,0,0,0,0,0,0,0,0,0,0,0,0,0,0,0,0,0,0,1
"F0560",0,0,0,0,0,0,0,0,0,0,0,0,0,0,0,0,0,0,0,0,0,0,0,0,0,0,0,0,0,0,0,0,0,0,0,0,0,0,0,0,0,0,0,0,0,0,0,0,0,0,0,0,0,0,0,0,0,0,1,1
"F0563",0,0,0,0,0,0,0,0,0,0,0,0,0,0,0,0,0,0,0,0,0,0,0,0,0,0,0,0,0,0,0,0,0,0,0,0,0,0,0,0,0,0,0,0,0,0,0,0,0,0,0,0,0,0,0,0,0,0,1,1
"F0483",0,0,0,0,0,0,0,0,0,0,0,0,0,0,0,0,0,0,0,0,0,0,0,0,0.359373359005776,0.640626640994224,0,0,0,0,0,0,0,0,0,0,0,0,0,0,0,0,0,0,0,0,0,0,0,0,0,0,0,0,0,0,0,0,0,2
"F0566",0,0,0,0,0,0,0.159602192732828,0,0,0,0,0,0,0,0,0,0,0,0,0,0,0,0,0,0,0,0,0,0,0,0,0,0,0,0,0,0.167570320222868,0,0,0,0.672827487044304,0,0,0,0,0,0,0,0,0,0,0,0,0,0,0,0,0,0,3
"F0567",0,0,0,0,0,0,0.144385561443856,0,0,0,0,0,0,0,0,0,0,0,0,0,0,0,0,0,0,0,0,0,0,0,0,0,0,0,0,0,0,0,0,0,0,0,0,0,0,0,0,0,0,0,0,0,0,0,0,0,0,0,0.855614438556144,2
"F0568",0,0,0,0,0,0,0.473964739647396,0,0,0,0,0,0,0,0,0,0,0,0,0,0,0,0,0,0,0,0,0,0,0,0,0,0,0,0,0,0.526035260352604,0,0,0,0,0,0,0,0,0,0,0,0,0,0,0,0,0,0,0,0,0,0,2
"F0569",0,0,0,0,0,0,0,0,0,0,0,0,0,0,0,0,1,0,0,0,0,0,0,0,0,0,0,0,0,0,0,0,0,0,0,0,0,0,0,0,0,0,0,0,0,0,0,0,0,0,0,0,0,0,0,0,0,0,0,1
"F0580",0,0,0,0,0,0,0.163755579840338,0,0,0,0,0,0,0,0,0,0,0,0,0,0,0,0,0,0,0,0,0,0,0,0,0,0,0,0,0,0.836244420159662,0,0,0,0,0,0,0,0,0,0,0,0,0,0,0,0,0,0,0,0,0,0,2
"F0770",0,0,0,0,0,0,0.866221182759773,0,0,0,0,0,0,0,0,0,0,0,0,0,0,0,0,0,0,0,0,0,0,0,0,0,0,0,0,0,0.133778817240227,0,0,0,0,0,0,0,0,0,0,0,0,0,0,0,0,0,0,0,0,0,0,2
"F0581",0,0,0,0,0,0,0,0,0,0,0,0,0,0,0,0.704601823599736,0,0,0,0,0,0,0,0,0.036293560301911,0,0,0,0,0,0,0,0,0,0,0,0.0317256392412969,0,0,0,0,0,0,0,0,0,0,0,0,0,0,0,0,0,0,0,0,0,0.227378976857056,4
"F0777",0,0,0,0,0,0,0.273450626089713,0,0,0,0,0,0,0,0,0,0,0,0,0,0,0,0,0,0,0,0,0,0,0,0,0,0,0,0,0,0,0,0,0,0,0,0,0,0,0,0,0,0,0,0,0,0,0,0,0,0,0,0.726549373910287,2
"F0781",0,0,0,0,0,0,0,0,0,0,0,0,0,0,0,0,0,0,0,0,0,0,0,0,0,0,0,0,0,0,0,0,0,0,0,0,0,0,0,0,0,0,0,0,0,0,0,0,0,0,0,0,0,0,0,0,0,0,1,1
"F0582",0,0,0,0,0,0,0,0,0,0,0,0,0,0,0,0,0,0,0,0,0,0,0,0,0,0,0,0,0,0,0,0,0,0,0,0,0.244923331951927,0,0,0,0,0,0,0,0,0,0,0,0,0,0,0,0,0,0,0,0,0,0.755076668048073,2
"F0786",0,0,0,0,0,0,1,0,0,0,0,0,0,0,0,0,0,0,0,0,0,0,0,0,0,0,0,0,0,0,0,0,0,0,0,0,0,0,0,0,0,0,0,0,0,0,0,0,0,0,0,0,0,0,0,0,0,0,0,1
"F0790",0,0,0,0,0,0,0,0,0,0,0,0,0,0,0,0,0,0,0,0,0,0,0,0,0.0114832991852099,0,0,0.98851670081479,0,0,0,0,0,0,0,0,0,0,0,0,0,0,0,0,0,0,0,0,0,0,0,0,0,0,0,0,0,0,0,2
"F0794",0,0,0,0,0.0089309674856965,0,0,0,0,0,0,0,0,0,0,0.711659635676639,0,0,0,0,0,0,0,0,0,0,0,0,0,0,0,0,0,0,0.0373125516589916,0,0,0,0,0,0,0,0,0,0,0,0,0,0,0,0,0,0,0,0,0,0,0,0.242096845178673,4
"F0800",0,0,0,0,0,0,0,0,0,0,0,0,0,0,0,0,0,0,0,0,0,0,0,0,0,0,0,0,0,0,0,0,0,0,0,0,1,0,0,0,0,0,0,0,0,0,0,0,0,0,0,0,0,0,0,0,0,0,0,1
"F0809",0,0,0,0,0,0,0.0117934671888087,0,0,0,0,0,0,0,0,0,0,0,0,0,0,0,0,0,0,0,0,0,0,0,0,0,0,0,0,0,0,0,0,0,0.929691921135432,0,0,0,0,0,0,0,0,0,0.0585146116757589,0,0,0,0,0,0,0,0,3
"F0811",0,0,0,0,0,0,0.0412138130807281,0,0,0,0,0,0,0,0,0,0,0,0,0,0,0,0,0,0,0,0,0,0,0,0,0,0,0,0,0,0.958786186919272,0,0,0,0,0,0,0,0,0,0,0,0,0,0,0,0,0,0,0,0,0,0,2
"F0812",0,0,0,0,0,0,0.551639527102387,0,0,0,0,0,0,0,0,0,0,0,0,0,0,0,0,0,0,0,0,0,0,0,0.448360472897613,0,0,0,0,0,0,0,0,0,0,0,0,0,0,0,0,0,0,0,0,0,0,0,0,0,0,0,0,2
"F0813",0,0,0,0,0,0,0,0,0,0,0,0,0,0,0,0,0,0,0,0,0,0,0,0,0,0,0,0.038464014419982,0,0,0,0,0,0,0,0,0.961535985580018,0,0,0,0,0,0,0,0,0,0,0,0,0,0,0,0,0,0,0,0,0,0,2
"F0817",0,0,0,0,0,0,0,0,0,0,0,0,0,0,0,0,0,0,0,0,0,0,0,0,0,0,0,0,0,0,0,0,0,0,0,0,1,0,0,0,0,0,0,0,0,0,0,0,0,0,0,0,0,0,0,0,0,0,0,1
"F0818",0,0,0,0,0,0,1,0,0,0,0,0,0,0,0,0,0,0,0,0,0,0,0,0,0,0,0,0,0,0,0,0,0,0,0,0,0,0,0,0,0,0,0,0,0,0,0,0,0,0,0,0,0,0,0,0,0,0,0,1
"F0586",0,0,0,0,0,0,0,0,0,0,0,0,0,0,0,0,0,0,0,0,0,0,0,0,0.530001750393839,0,0,0,0,0,0,0,0,0,0,0,0,0,0,0,0.0436373183966392,0,0,0,0,0,0,0,0,0,0,0,0,0,0,0,0,0,0.426360931209522,3
"F0826",0,0,0,0,0.0296341599021461,0,0,0,0,0,0,0,0,0,0,0,0,0,0,0,0,0,0,0,0,0,0,0,0,0,0.0815356388302013,0,0,0,0,0,0,0,0,0,0,0,0.50233514956077,0,0,0,0,0,0,0,0,0,0,0,0,0,0.31252084954965,0,0.0739742021572334,5
"F0827",0,0,0,0,0,0,0,0,0,0,0,0,0,0,0,0,0,0,0,0,0,0,0,0,0,0,0,0,0,0,0,0,0,0,0,0,0,0,0,0,0,0,0,0,0,0,0,0,0,0,0,0.0723955379088675,0,0,0,0,0,0,0.927604462091133,2
"F0829",0,0,0,0,0,0,0,0,0,0,0,0,0,0,0,0,0,0,0,0,0,0.66327474560592,0,0,0,0,0,0,0,0,0.066518270120259,0,0,0,0,0,0.203052728954672,0,0,0,0,0,0,0,0,0,0,0,0,0,0,0.0671542553191489,0,0,0,0,0,0,0,4
"F0830",0,0,0,0,0,0,1,0,0,0,0,0,0,0,0,0,0,0,0,0,0,0,0,0,0,0,0,0,0,0,0,0,0,0,0,0,0,0,0,0,0,0,0,0,0,0,0,0,0,0,0,0,0,0,0,0,0,0,0,1
"F0832",0,0,0,0,0,0,0,0,0,0,0,0,0,0,0,0,0,0,0,0,0,0,0,0,1,0,0,0,0,0,0,0,0,0,0,0,0,0,0,0,0,0,0,0,0,0,0,0,0,0,0,0,0,0,0,0,0,0,0,1
"F0833",0,0,0,0,0,0,0,0,0,0,0,0,0,0,0,1,0,0,0,0,0,0,0,0,0,0,0,0,0,0,0,0,0,0,0,0,0,0,0,0,0,0,0,0,0,0,0,0,0,0,0,0,0,0,0,0,0,0,0,1
"F0836",0,0,0,0,0,0,0,0,0,0,0,0,0,0,0,0,0,0,0,0,0,0,0,0,0,0,0,0,0,0,0,0,0,0,0,0,0,0,0,0,0,0,0,0,0,0,0,0,0,0,0,0,0.317371408566928,0,0,0,0,0,0.682628591433072,2
"F0837",0,0,0,0,0,0,0,0,0,0,0,0,0,0,0,0,0,0,0,0,0,0,0,0,1,0,0,0,0,0,0,0,0,0,0,0,0,0,0,0,0,0,0,0,0,0,0,0,0,0,0,0,0,0,0,0,0,0,0,1
"F0839",0,0,0,0,0,0,0.27851202005241,0,0,0,0,0,0,0,0,0,0,0,0,0,0,0,0,0,0,0,0,0,0,0,0,0,0,0,0,0,0,0,0,0,0,0,0,0,0,0,0,0,0,0,0,0,0,0,0,0,0,0,0.72148797994759,2
"F0840",0,0,0,0,0,0,0,0,0,0,0,0,0,0,0,0,0,0,0,0,0,0,0,0,1,0,0,0,0,0,0,0,0,0,0,0,0,0,0,0,0,0,0,0,0,0,0,0,0,0,0,0,0,0,0,0,0,0,0,1
"F0841",0,0,0,0,0,0,0.0491572693100521,0,0,0,0,0,0,0,0,0.950842730689948,0,0,0,0,0,0,0,0,0,0,0,0,0,0,0,0,0,0,0,0,0,0,0,0,0,0,0,0,0,0,0,0,0,0,0,0,0,0,0,0,0,0,0,2
"F0845",0,0,0,0,0,0,0,0,0,0,0,0,0,0,0,0,0,0,0,0,0,0,0,0,1,0,0,0,0,0,0,0,0,0,0,0,0,0,0,0,0,0,0,0,0,0,0,0,0,0,0,0,0,0,0,0,0,0,0,1
"F0848",0,0,0,0,0,0,0,0,0,0,0,0,0,0,0,0,0,0,0,0,0,0,0,0,0,0,0,0,0,0,0,0,0,0,0,0,1,0,0,0,0,0,0,0,0,0,0,0,0,0,0,0,0,0,0,0,0,0,0,1
"F0850",0.261398238407619,0,0,0,0,0,0,0,0,0,0,0,0,0,0,0.542088161363497,0,0,0,0,0,0,0,0,0.0211309341344287,0,0,0,0,0,0,0,0,0,0,0,0,0,0,0,0,0,0,0,0,0,0,0,0,0,0,0,0,0,0,0,0,0,0.175382666094456,4
"F0851",0,0,0,0,0,0,0.194714999576522,0,0,0,0,0,0,0,0,0,0,0,0,0,0,0,0,0,0,0,0,0,0,0,0,0,0,0,0.805285000423478,0,0,0,0,0,0,0,0,0,0,0,0,0,0,0,0,0,0,0,0,0,0,0,0,2
"F0854",0,0,0,0,0,0,0.277499496576722,0,0,0,0,0,0,0,0,0,0,0,0,0,0,0,0,0,0,0,0,0,0,0,0,0,0,0,0,0,0.722500503423278,0,0,0,0,0,0,0,0,0,0,0,0,0,0,0,0,0,0,0,0,0,0,2
"F0856",0,0,0,0,0,0,0,0,0,0,0,0,0,0,0,0,0,0,0,0,0,0,0,0,1,0,0,0,0,0,0,0,0,0,0,0,0,0,0,0,0,0,0,0,0,0,0,0,0,0,0,0,0,0,0,0,0,0,0,1
"F0858",0,0,0,0,0,0,1,0,0,0,0,0,0,0,0,0,0,0,0,0,0,0,0,0,0,0,0,0,0,0,0,0,0,0,0,0,0,0,0,0,0,0,0,0,0,0,0,0,0,0,0,0,0,0,0,0,0,0,0,1
"F0670",0,0,0,0,0,0,0,0,0,0,0,0,0,0,0,0,0,0,0,0,0,0,0,0,0,0,0,0,0,0,0,0,0,0,0,0,0,0,0,0,0,0,0,0,0,0,0,0,0,0,0,0,0,0,0,0,0,0,1,1
"F0671",0,0,0,0,0,0,1,0,0,0,0,0,0,0,0,0,0,0,0,0,0,0,0,0,0,0,0,0,0,0,0,0,0,0,0,0,0,0,0,0,0,0,0,0,0,0,0,0,0,0,0,0,0,0,0,0,0,0,0,1
"F0672",0,0,0,0,0,0,1,0,0,0,0,0,0,0,0,0,0,0,0,0,0,0,0,0,0,0,0,0,0,0,0,0,0,0,0,0,0,0,0,0,0,0,0,0,0,0,0,0,0,0,0,0,0,0,0,0,0,0,0,1
"F0673",0,0,0,0,0,0,1,0,0,0,0,0,0,0,0,0,0,0,0,0,0,0,0,0,0,0,0,0,0,0,0,0,0,0,0,0,0,0,0,0,0,0,0,0,0,0,0,0,0,0,0,0,0,0,0,0,0,0,0,1
"F0674",0,0,0,0,0,0,0,0,0,0,0,0,0,0,0,0,0,0,0,0,0,0,0,0,0,0,0,0,0,0,0,0,0,0,0,0,0,0,0,0,1,0,0,0,0,0,0,0,0,0,0,0,0,0,0,0,0,0,0,1
"F0675",0,0,0,0,0,0,1,0,0,0,0,0,0,0,0,0,0,0,0,0,0,0,0,0,0,0,0,0,0,0,0,0,0,0,0,0,0,0,0,0,0,0,0,0,0,0,0,0,0,0,0,0,0,0,0,0,0,0,0,1
"F0676",0,0,0,0,0,0,0,0,0,0,0,0,0,1,0,0,0,0,0,0,0,0,0,0,0,0,0,0,0,0,0,0,0,0,0,0,0,0,0,0,0,0,0,0,0,0,0,0,0,0,0,0,0,0,0,0,0,0,0,1
"F0681",0,0,0,0,0,0,0,0,0,0,0,0,0,0,0,0,0,0,0,0,0,0,0,0,0,0,0,0,0,0,0,0,0,0,0,0,0,0,0,0,1,0,0,0,0,0,0,0,0,0,0,0,0,0,0,0,0,0,0,1
"F0683",0,0,0,0,0,0,0,0,0,0,0,0,0,0,0,0,0,0,0,0,0,0,0,0,0,0,0,0,0,0,0,0,0,0,0,0,0,0,0,0,0,0,0,0,0,0,0,0,0,0,0,0,0,0,0,0,0,0,1,1
"F0689",0,0,0,0,0,0,0,0,0,0,0,0,0,0,0,0,0,0,0,0,0,0,0,0,0,0,0,0,0,0,0,0,0,0,0,0,1,0,0,0,0,0,0,0,0,0,0,0,0,0,0,0,0,0,0,0,0,0,0,1
"F0698",0,0,0,0,0,0,0,0,0,0,0,0,0,0,0,0,0,0,0,0,0,0,0,0,0,0,0,0,0,0,0,0,0,0,0,0,1,0,0,0,0,0,0,0,0,0,0,0,0,0,0,0,0,0,0,0,0,0,0,1
"F0699",0,0,0,0,0,0,1,0,0,0,0,0,0,0,0,0,0,0,0,0,0,0,0,0,0,0,0,0,0,0,0,0,0,0,0,0,0,0,0,0,0,0,0,0,0,0,0,0,0,0,0,0,0,0,0,0,0,0,0,1
"F0701",0,0,0,0,0,0,0,0,0,0,0,0,0,0,0,0,0,0,0,0,0,0,0,0,0,0,0,1,0,0,0,0,0,0,0,0,0,0,0,0,0,0,0,0,0,0,0,0,0,0,0,0,0,0,0,0,0,0,0,1
"F0716",0,0,0,0,0,0,0,0,0,0,0,0,0,0,0,0,0,0,0,0,0,0,0,0,0.0346386474826084,0,0,0,0,0,0,0,0,0,0,0,0.0539396816877567,0,0,0,0,0,0,0,0,0,0,0,0,0,0.223334640711764,0,0,0,0,0,0.157484053423611,0,0.530602976694259,5
"F0726",0,0,0,0,0,0,0,0,0,0,0,0,0,0,0,0,0,0,0,0,0,0,0,0,1,0,0,0,0,0,0,0,0,0,0,0,0,0,0,0,0,0,0,0,0,0,0,0,0,0,0,0,0,0,0,0,0,0,0,1
"F0729",0,0,0,0,0,0,0,0,0,0,0,0,0,0,0,0,0,0,0,0,0,0,0,0,0,0,0,0,0,0,0,0,0,0,0,0,1,0,0,0,0,0,0,0,0,0,0,0,0,0,0,0,0,0,0,0,0,0,0,1
"F0733",0,0,0,0,0,0,0,0,0,0,0,0,0,0,0,0,0,0,0,0,0,0,0,0,0,0,0,0,0,0.305251030370696,0,0,0,0,0,0,0.694748969629304,0,0,0,0,0,0,0,0,0,0,0,0,0,0,0,0,0,0,0,0,0,0,2
"F0735",0,0,0,0,0,0,0,0,0,0,0,0,0,0,0,0,0,0,0,0,0,0,0,0,0,0,0,0,0,0,0,0,0,0,0,0,1,0,0,0,0,0,0,0,0,0,0,0,0,0,0,0,0,0,0,0,0,0,0,1
"F0737",0,0,0,0,0,0,0,0,0,0,0,0,0,0,0,0,0,0,0,0,0,0,0,0,0,0,0,0,0,0,0,0,0,0,0,0,1,0,0,0,0,0,0,0,0,0,0,0,0,0,0,0,0,0,0,0,0,0,0,1
"F0740",0,0,0,0,0,0,1,0,0,0,0,0,0,0,0,0,0,0,0,0,0,0,0,0,0,0,0,0,0,0,0,0,0,0,0,0,0,0,0,0,0,0,0,0,0,0,0,0,0,0,0,0,0,0,0,0,0,0,0,1
"F0741",0,0,0,0,0,0,0,0,0,0,0,0,0,0,0,0,0,0,0,0,0,0,0,0,0,0,0,0,0,0,0,0,0,0,0,0,1,0,0,0,0,0,0,0,0,0,0,0,0,0,0,0,0,0,0,0,0,0,0,1
"F0755",0,0,0,0,0,0,0.128478159490129,0,0,0,0,0,0,0,0,0,0,0,0,0,0,0,0,0,0,0,0,0.871521840509871,0,0,0,0,0,0,0,0,0,0,0,0,0,0,0,0,0,0,0,0,0,0,0,0,0,0,0,0,0,0,0,2
"F0602",0,0,0,0,0,0,0,0,0,0,0,0,0,0,0,0,0,0,0,0,0,0,0,0,0,0,0,0,0,0,0,0,0,0,0,0,0,0,0,0,0,0,0,0,0,0,0,0,0,0,0,0,0,0,0,0,0.803576952822893,0,0.196423047177108,2
"F0605",0,0,0,0.358634323133314,0,0,0,0,0,0,0,0,0,0,0,0.239487665252667,0,0,0,0,0,0,0,0,0,0,0,0,0,0,0,0,0,0,0,0,0,0,0,0,0,0,0,0,0,0,0,0,0,0,0,0,0,0,0,0,0,0,0.401878011614019,3
"F0607",0,0,0,0.128802138529919,0,0,0,0,0,0,0,0,0,0,0,0,0,0,0,0,0,0,0,0,0,0,0,0,0,0,0,0,0,0,0,0,0,0,0.125274829566125,0,0,0,0,0,0,0,0,0,0,0,0,0,0,0,0,0,0,0,0.745923031903956,3
"F0608",0,0,0,0,0,0,0,0,0,0,0,0,0,0,0,0,0,0,0,0,0,0,0,0,0,0,0,0,0,0,0,0,0,0,0,0,0,0,0,0,0,0,0,0,0,0,0,0,0,0,0,0,0.162583357494926,0.310687880545086,0,0,0.103490142070165,0,0.423238619889823,4
"F0609",0,0,0,0,0,0,0.0188121588678187,0,0,0,0,0,0,0,0,0,0,0,0,0.426401743144996,0,0,0,0,0,0,0,0,0,0,0,0,0,0,0,0,0.155416046426337,0,0,0,0.240022220783984,0,0,0,0,0,0,0,0,0,0,0,0,0,0,0,0,0.144122279032641,0.0152255517442237,6
"F0574",0,0,0,0,0,0,0.013892893653831,0,0,0,0,0,0,0,0,0,0,0,0,0,0,0,0,0,0.0508270203675064,0,0,0,0,0,0,0,0,0,0,0,0.935280085978663,0,0,0,0,0,0,0,0,0,0,0,0,0,0,0,0,0,0,0,0,0,0,3
"F0612",0,0,0,0,0,0,0,0,0,0,0,0,0,0,0,0,0,0,0,0.26249498498535,0,0,0,0,0.169404155471533,0,0,0,0,0,0,0,0,0,0,0,0.100020667939163,0,0,0,0,0,0,0,0,0,0,0,0,0,0.202302651575019,0,0,0,0,0,0.0575176589303734,0.208259881098562,0,6
"F0613",0,0,0,0.0845378617437668,0,0,0,0,0,0,0,0,0,0,0,0,0,0,0,0,0,0.0332080007396678,0,0,0.311608161001017,0,0,0,0,0,0,0,0,0,0,0,0,0,0,0,0.144959472370327,0,0,0,0,0,0,0,0,0,0.0366983080099855,0,0,0,0,0,0,0,0.388988196135236,6
"F0616",0,0,0,0,0,0,0,0,0,0,0,0,0,0,0,0,0,0,0,0.0719505389868641,0,0,0,0,0,0,0,0,0,0.100826416999566,0,0,0,0,0,0,0,0,0,0,0.702268439373943,0,0,0,0,0,0,0,0,0,0,0,0.0593992754457603,0,0,0,0,0,0.065555329193867,5
"F0575",0,0,0,0,0,0,0,0,0,0,0,0,0,0,0,0.0137077135899576,0,0,0,0,0,0,0,0,0.986292286410042,0,0,0,0,0,0,0,0,0,0,0,0,0,0,0,0,0,0,0,0,0,0,0,0,0,0,0,0,0,0,0,0,0,0,2
"F0623",0,0,0,0,0,0,0,0,0,0,0,0,0,0,0,0,0,0,0,0,0,0.277741319651593,0,0,0,0,0,0,0,0,0,0,0,0,0,0,0,0,0,0,0,0,0,0,0,0,0,0,0,0,0,0,0,0,0,0,0,0,0.722258680348407,2
"F0624",0,0,0,0,0,0,0,0,0,0,0,0,0,0,0,0,0,0,0,0,0,0,0,0,0.546061269146608,0,0,0,0,0,0.453938730853392,0,0,0,0,0,0,0,0,0,0,0,0,0,0,0,0,0,0,0,0,0,0,0,0,0,0,0,0,2
"F0625",0,0,0,0,0,0,1,0,0,0,0,0,0,0,0,0,0,0,0,0,0,0,0,0,0,0,0,0,0,0,0,0,0,0,0,0,0,0,0,0,0,0,0,0,0,0,0,0,0,0,0,0,0,0,0,0,0,0,0,1
"F0629",0,0,0,0,0,0,0,0,0,0,0,0,0,0,0,0,0,0,0,0,0,0,0,0,0,0,0,0,0,0,0,0,0,0,0,0,1,0,0,0,0,0,0,0,0,0,0,0,0,0,0,0,0,0,0,0,0,0,0,1
"F0576",0,0,0,0,0,0,0.0818809426119842,0,0,0,0,0,0,0,0,0,0,0,0,0,0,0,0,0,0.10548192018838,0,0,0,0,0,0,0,0,0,0,0,0.436386178354175,0,0,0,0,0,0,0,0,0,0,0,0,0,0,0,0,0,0,0,0,0,0.376250958845461,4
"F0630",0,0,0,0,0,0,0,0,0,0,0,0,0,0,0,0,0,0,0,0,0,0,0,0,0.3537554223327,0,0,0,0,0,0.6462445776673,0,0,0,0,0,0,0,0,0,0,0,0,0,0,0,0,0,0,0,0,0,0,0,0,0,0,0,0,2
"F0634",0,0,0,0,0,0,0.0518124970614509,0,0,0,0.106069866942498,0,0,0,0,0,0,0,0,0,0,0,0,0,0,0,0,0,0,0,0,0,0,0,0,0,0.461845878978795,0,0,0,0,0,0,0,0.108514739762095,0,0,0,0,0,0,0,0,0,0,0,0,0.0679862710987823,0.203770746156378,6
"F0637",0,0,0,0,0,0,0.438958781658666,0,0,0,0,0,0,0,0,0,0,0,0,0,0,0,0,0,0.0974590299619268,0,0,0,0,0,0,0,0,0,0,0,0.134787286873034,0,0,0,0,0,0,0,0,0,0,0,0,0,0,0,0,0,0,0,0.165701042873696,0,0.163093858632677,5
"F0641",0,0,0,0,0,0,0,0,0,0,0,0,0,0,0,0,0,0,0,0,0,0,0,0,0,0,0,0,0,0,0,0,0,0,0,0,0.908185527285091,0,0,0,0,0,0,0,0,0,0,0,0,0,0.091814472714909,0,0,0,0,0,0,0,0,2
"F0643",0,0,0,0,0,0,0,0,0,0,0,0,0,0,0,0.43692788568877,0,0,0,0,0,0,0,0,0.358562179057825,0,0,0,0,0,0,0,0,0,0,0,0,0,0,0,0.204509935253405,0,0,0,0,0,0,0,0,0,0,0,0,0,0,0,0,0,0,3
"F0644",0,0,0,0,0.150365886271364,0,0.0834123453188438,0,0,0,0,0,0,0,0.0886879148129239,0,0,0,0,0,0,0,0,0,0.423990469938978,0,0,0,0,0,0,0,0,0,0,0,0,0.034935453285683,0,0,0.0760703085114142,0,0,0,0,0,0,0,0,0,0.06654024748985,0,0,0,0,0,0,0,0.075997374370943,8
"F0646",0,0,0,0,0,0,0.0816699370728737,0,0,0,0,0,0,0,0,0,0,0,0,0,0,0,0,0,0.0727496222116968,0,0,0,0,0,0,0,0,0,0,0,0.236952206960327,0,0,0,0.338971964724722,0,0,0,0,0,0,0,0,0,0,0,0,0,0,0,0,0,0.269656269030381,5
"F0648",0,0,0,0,0,0,0.290745393634841,0,0,0,0,0,0,0,0,0,0,0,0,0,0,0,0.709254606365159,0,0,0,0,0,0,0,0,0,0,0,0,0,0,0,0,0,0,0,0,0,0,0,0,0,0,0,0,0,0,0,0,0,0,0,0,2
"F0651",0,0.831686451356191,0,0,0,0,0,0,0,0,0,0,0,0,0,0,0,0,0,0,0,0,0,0,0.168313548643809,0,0,0,0,0,0,0,0,0,0,0,0,0,0,0,0,0,0,0,0,0,0,0,0,0,0,0,0,0,0,0,0,0,0,2
"F0653",0,0,0,0,0,0,1,0,0,0,0,0,0,0,0,0,0,0,0,0,0,0,0,0,0,0,0,0,0,0,0,0,0,0,0,0,0,0,0,0,0,0,0,0,0,0,0,0,0,0,0,0,0,0,0,0,0,0,0,1
"F0656",0,0,0,0,0,0,1,0,0,0,0,0,0,0,0,0,0,0,0,0,0,0,0,0,0,0,0,0,0,0,0,0,0,0,0,0,0,0,0,0,0,0,0,0,0,0,0,0,0,0,0,0,0,0,0,0,0,0,0,1
"F0658",0,0,0,0,0,0,0.47710364859658,0,0,0,0,0,0,0,0,0,0,0,0,0,0,0,0,0,0.52289635140342,0,0,0,0,0,0,0,0,0,0,0,0,0,0,0,0,0,0,0,0,0,0,0,0,0,0,0,0,0,0,0,0,0,0,2
"F0660",0,0,0,0,0,0,0.227451823196504,0,0,0,0,0,0,0,0,0,0,0,0,0,0,0,0,0,0,0,0,0,0,0,0,0,0,0,0,0,0,0,0,0,0,0,0,0,0,0,0,0,0,0,0,0,0,0,0,0,0,0,0.772548176803496,2
"F0661",0,0,0,0,0,0,0.81493834647261,0,0,0,0,0,0,0,0,0,0,0,0,0,0,0,0,0,0,0,0,0,0,0,0,0,0,0,0,0,0,0,0,0,0,0,0,0,0,0,0,0,0,0,0.18506165352739,0,0,0,0,0,0,0,0,2
"F0666",0,0,0,0,0,0,0.118929530894813,0,0,0,0,0,0,0,0,0,0,0,0,0,0,0,0,0,0.153165254529173,0,0,0,0,0,0,0,0,0,0,0,0,0,0,0,0,0,0,0,0,0,0,0,0,0,0.277330026865055,0.45057518771096,0,0,0,0,0,0,0,4
"F0868",0,0,0,0,0,0,0.260217905113276,0,0,0,0,0,0,0,0,0,0,0,0,0,0,0,0,0,0.162333544705136,0,0,0,0,0,0,0,0,0,0,0,0,0,0,0,0,0,0,0,0.313425952614285,0,0,0,0,0,0.264022597567303,0,0,0,0,0,0,0,0,4
"F0871",0,0,0,0,0,0,0.325092795279338,0,0,0,0,0,0,0,0,0,0,0,0,0,0,0,0,0,0.148186923003712,0,0,0,0,0,0,0,0,0,0,0,0,0,0,0,0.061411439992386,0,0,0,0,0,0,0,0,0,0.0437327495955078,0.0553678500047587,0.0373322546873513,0,0,0,0.104454173408204,0,0.224421814028743,8
"F0875",0,0.0428133375557083,0,0,0,0,0.254292533347751,0,0,0,0,0,0,0,0,0.0615591377086407,0,0,0,0,0,0,0,0,0.271424047455375,0,0,0,0,0,0,0,0,0,0.0339386262348516,0,0.0657300203137431,0.0399786821555739,0,0,0,0,0,0,0,0,0,0,0,0,0.0503827170983015,0.0662320709976906,0,0,0,0,0,0,0.113648827132364,10
"F0877",0,0,0,0,0,0,0.288930673243633,0,0,0,0,0,0,0,0,0,0,0,0,0,0,0,0,0,0.255671412175527,0,0,0,0,0,0,0,0,0,0,0,0.275475568362189,0,0,0,0,0,0,0,0,0,0,0,0,0,0,0,0.179922346218652,0,0,0,0,0,0,4
"F0860",0,0.0198478764730846,0,0,0,0,0.11707145888421,0,0,0,0,0,0,0,0,0.0424297326412692,0,0,0,0,0,0,0,0,0.0841657689419907,0,0,0,0,0,0,0,0,0,0.014477850683903,0,0.0205497339470506,0,0,0,0.0550305226389841,0,0,0,0,0,0,0,0,0,0,0,0,0,0,0,0,0,0.646427055789508,8
"F0878",0,0,0,0,0,0,0.0881576821584361,0,0,0,0,0,0,0,0,0,0,0,0,0,0,0,0,0,0.0365842712765003,0,0,0,0,0,0,0,0,0,0,0.0301936919956199,0.302170283806344,0.0377869926580143,0,0,0.269786561832445,0,0,0,0,0,0,0,0,0,0,0,0.0334966880284345,0,0,0,0.0805284793652503,0.0250058340962536,0.0962895147827024,10
"F0880",0,0,0,0,0,0,0.164817900499881,0,0,0,0,0,0,0,0,0.0557248274220424,0,0,0,0,0,0,0,0,0.270316591287789,0,0,0,0,0,0.0468221851940014,0,0,0,0,0,0,0,0,0,0.106284218043323,0,0,0,0,0,0,0,0,0,0.0459890502261366,0,0,0,0,0,0,0.0460604617948108,0.263984765532016,8
"F0883",0,0,0,0,0,0,0.587753641910289,0,0,0,0,0,0,0,0,0,0,0,0,0,0,0,0,0,0.102430590059026,0,0,0,0,0,0,0,0,0,0,0,0.138621141959974,0,0,0,0,0,0,0,0,0,0,0,0,0,0,0,0,0,0,0,0,0,0.171194626070712,4
"F0885",0,0,0,0,0,0,0.093093384035944,0,0,0,0,0,0,0,0,0,0,0,0,0,0,0,0,0,0.0830537827134778,0,0,0,0,0,0,0,0,0,0,0,0.211679362503482,0,0,0,0.10582151550749,0,0,0,0,0,0,0,0,0,0.0501616751238298,0.202451164424206,0.0886367214464777,0,0,0,0.165102394245092,0,0,8
"F0887",0,0,0,0,0,0,0.462202959198924,0,0,0,0,0,0,0,0,0,0,0,0,0,0,0,0,0,0,0,0,0,0,0,0,0,0,0,0,0,0.302077417426394,0,0,0,0,0,0,0,0,0,0,0,0,0,0,0,0,0,0,0,0,0,0.235719623374682,3
"F0901",0,0,0,0,0,0,0,0,0,0,0,0,0,0,0,0,0,0,0,0,0,0,0,0,0,0,0,0,0,0,0,0,0,0,0,0,0,0,0,0,0,0,0,0,0,0,0,0,0,0,0,0,0,0,0,0,0,0,1,1
"F0902",0,0,0,0,0,0,1,0,0,0,0,0,0,0,0,0,0,0,0,0,0,0,0,0,0,0,0,0,0,0,0,0,0,0,0,0,0,0,0,0,0,0,0,0,0,0,0,0,0,0,0,0,0,0,0,0,0,0,0,1
"F0903",0,0,0,0,0,0,1,0,0,0,0,0,0,0,0,0,0,0,0,0,0,0,0,0,0,0,0,0,0,0,0,0,0,0,0,0,0,0,0,0,0,0,0,0,0,0,0,0,0,0,0,0,0,0,0,0,0,0,0,1
"F0904",0,0,0,0,0,0,0,0,0,0,0,0,0,0,0,0,0,0,0,0,0,0,0,0,0,0,0,0,0,0,0,0,0,0,0,0,0,0,0,0,0.453212567223323,0,0,0,0,0,0,0,0,0,0,0,0,0,0,0,0,0,0.546787432776677,2
"F0907",0,0,0,0,0,0,1,0,0,0,0,0,0,0,0,0,0,0,0,0,0,0,0,0,0,0,0,0,0,0,0,0,0,0,0,0,0,0,0,0,0,0,0,0,0,0,0,0,0,0,0,0,0,0,0,0,0,0,0,1
"F0863",0,0,0,0,0,0,0.0141778427954484,0,0,0,0,0,0.0423145317413737,0,0,0.00932487714288217,0,0,0,0,0,0,0,0,0.0135734120553273,0,0,0,0,0,0,0,0,0,0,0,0.876591010625717,0.00745902572772585,0,0,0,0,0,0,0,0,0,0,0,0,0,0,0,0,0,0,0,0,0.0365592999115254,7
"F0909",0,0,0,0,0,0,0,0,0,0.507669014548088,0,0,0,0,0,0,0,0,0,0,0,0,0,0,0,0,0,0,0,0,0,0,0,0,0,0,0,0,0,0,0,0,0,0,0,0,0,0,0,0,0,0,0,0,0,0,0,0,0.492330985451912,2
"F0922",0,0,0,0,0,0,0.170950113624067,0,0,0,0,0,0,0,0,0,0,0,0,0,0,0,0,0,0,0,0,0,0,0,0,0,0,0,0,0,0,0,0,0,0.53819932907694,0,0,0,0,0,0,0,0,0,0,0,0,0,0,0,0,0,0.290850557298994,3
"F0923",0,0,0,0,0,0,1,0,0,0,0,0,0,0,0,0,0,0,0,0,0,0,0,0,0,0,0,0,0,0,0,0,0,0,0,0,0,0,0,0,0,0,0,0,0,0,0,0,0,0,0,0,0,0,0,0,0,0,0,1
"F0928",0,0,0,0,0,0,0.570973866428412,0,0,0,0,0,0,0,0,0,0,0,0,0,0,0,0,0,0,0,0,0,0,0,0,0,0,0,0,0,0,0,0,0,0.429026133571588,0,0,0,0,0,0,0,0,0,0,0,0,0,0,0,0,0,0,2
"F0930",0,0,0,0,0,0,0,0,0,0,0,0,0,0,0,0,0,0,0,0,0,0,0,0,0,0,0,0,0,0,0,0,0,0,0,0,0,0,0,0,1,0,0,0,0,0,0,0,0,0,0,0,0,0,0,0,0,0,0,1
"F0931",0,0,0,0,0,0,0,0,0,0,0,0,0,0,0,0,0,0,0,0.4522732288678,0,0,0,0,0,0,0,0,0,0,0,0,0,0,0,0,0,0,0,0,0,0,0,0,0,0,0,0,0,0,0,0,0,0,0,0,0,0,0.5477267711322,2
"F0866",0,0,0,0,0,0,0.23589555083592,0,0,0,0,0,0,0,0,0.0201900560910527,0,0,0,0,0,0.0321570549474487,0,0,0.319977672493601,0,0,0,0,0,0,0,0,0,0,0,0.0650492838860753,0,0,0,0.0952186461907096,0,0,0,0,0,0,0,0,0,0,0,0,0,0,0,0.147470456897021,0,0.0840412786581713,8
"F0944",0,0,0,0,0,0,0.67206829197714,0,0,0,0,0,0,0,0,0,0,0,0,0,0,0,0,0,0,0,0,0,0,0,0,0,0,0,0,0,0,0,0,0,0,0,0,0,0,0,0,0,0,0,0,0,0,0,0,0,0,0,0.32793170802286,2
"F0945",0,0,0,0,0,0,0,0,0,0,0,0,0,0,0,0,0,0,0,0,0,0,0,0,0,0,0,0,0,0,0,0,0,0,0,0,0,0.447882820155758,0,0,0,0,0,0,0,0,0,0,0,0,0,0,0,0,0,0,0,0,0.552117179844242,2
"F0946",0,0,0,0,0,0,0.0398180458624128,0,0,0,0,0,0,0,0,0,0,0,0,0,0,0,0,0,0,0,0,0,0,0,0,0,0,0,0,0,0,0,0,0,0,0,0,0.297217721834497,0,0,0,0,0,0,0,0,0,0,0,0,0,0,0.662964232303091,3
"F0947",0,0,0,0,0,0,1,0,0,0,0,0,0,0,0,0,0,0,0,0,0,0,0,0,0,0,0,0,0,0,0,0,0,0,0,0,0,0,0,0,0,0,0,0,0,0,0,0,0,0,0,0,0,0,0,0,0,0,0,1
"F0948",0,0,0,0,0,0,0,0,0,0,0,0,0,0,0,0,0,0,0,0.383525296990894,0,0,0,0,0,0,0,0,0,0,0,0,0,0,0,0,0,0,0,0,0,0,0,0,0,0,0,0,0,0,0,0,0,0,0,0,0,0,0.616474703009106,2
"F0950",0,0,0,0,0,0,0,0,0,0,0,0,0,0,0,0,0,0,0,0,0,0,0,0,0,0,0,0,0,0,0,0,0,0,0,0,0,0,0,0,0,0,0,0,0,0,0,0,0,0,0,0,0,0,0,0,0,0,1,1
"F0951",0,0,0,0,0,0,0.629527423249396,0,0,0,0,0,0,0,0,0,0,0,0,0,0,0,0,0,0,0,0,0,0,0,0,0,0,0,0,0,0,0,0,0,0,0,0,0,0,0,0,0,0.370472576750604,0,0,0,0,0,0,0,0,0,0,2
"F0952",0,0,0,0,0,0,0.458837772397094,0,0,0,0,0,0,0,0,0,0,0,0,0,0,0,0,0,0,0,0,0,0,0,0,0,0,0,0,0,0,0,0,0,0,0,0,0,0,0,0,0,0,0,0,0,0,0,0,0,0,0,0.541162227602906,2
"F0953",0,0,0,0,0,0,0,0,0,0,0,0,0,0,0,0,0,0,0,0.415487684729064,0,0,0,0,0.232394088669951,0,0,0,0,0,0,0,0,0,0,0,0,0,0,0,0.352118226600985,0,0,0,0,0,0,0,0,0,0,0,0,0,0,0,0,0,0,3
"F1150",0,0,0,0,0,0,0.329628025600308,0,0,0,0,0,0,0,0,0,0,0,0,0,0,0,0,0,0,0,0,0,0,0,0,0,0,0,0,0,0,0,0,0,0,0,0,0,0,0,0,0,0,0,0,0,0.670371974399692,0,0,0,0,0,0,2
"F1151",0,0,0,0,0,0,1,0,0,0,0,0,0,0,0,0,0,0,0,0,0,0,0,0,0,0,0,0,0,0,0,0,0,0,0,0,0,0,0,0,0,0,0,0,0,0,0,0,0,0,0,0,0,0,0,0,0,0,0,1
"F1152",0,0,0,0,0,0,0.212729819773392,0,0,0,0,0,0,0,0,0,0,0,0,0,0,0,0,0,0,0,0,0,0,0,0,0,0,0,0,0,0,0,0,0.342982195091855,0.444287985134753,0,0,0,0,0,0,0,0,0,0,0,0,0,0,0,0,0,0,3
"F1153",0,0,0,0,0,0,0,0,0,0,0,0,0,0,0,0,0,0,0,0,0,0,0,0,0,0,0,0,0,0,0,0,0,0,0,0,0,0,0,0,0,0,0,0,0,0,0,0,0,0,0,0,0,0,0,0,0,0,1,1
"F1156",0,0,0,0,0,0,0,0,0,0,0,0,0,0,0,0,0,0,0,0,0,0,0,0,0,0,0,0,0,0,0,0,0,0,0,0,0,0,0,0,1,0,0,0,0,0,0,0,0,0,0,0,0,0,0,0,0,0,0,1
"F1157",0,0,0,0,0,0,0,0,0,0,0,0,0,0,0,0,0,0,0,0,0,0,0,0,0,0,0,0,0,0,0,0,0,0,0,0,1,0,0,0,0,0,0,0,0,0,0,0,0,0,0,0,0,0,0,0,0,0,0,1
"F1158",0,0,0,0,0,0,0,0,0,0,0,0,0,0,0,0,0,0,0,0,0,0,0,0,0.0913934426229508,0.908606557377049,0,0,0,0,0,0,0,0,0,0,0,0,0,0,0,0,0,0,0,0,0,0,0,0,0,0,0,0,0,0,0,0,0,2
"F1159",0,0,0,0,0,0,1,0,0,0,0,0,0,0,0,0,0,0,0,0,0,0,0,0,0,0,0,0,0,0,0,0,0,0,0,0,0,0,0,0,0,0,0,0,0,0,0,0,0,0,0,0,0,0,0,0,0,0,0,1
"F1162",0,0,0,0,0,0,1,0,0,0,0,0,0,0,0,0,0,0,0,0,0,0,0,0,0,0,0,0,0,0,0,0,0,0,0,0,0,0,0,0,0,0,0,0,0,0,0,0,0,0,0,0,0,0,0,0,0,0,0,1
"F1164",0,0,0,0,0,0,0,0,0,0,0,0,0,0,0,0,0,0,0,0,0,0,0,0,0,0,0,0,0,0,0,0,0,0,0,0,1,0,0,0,0,0,0,0,0,0,0,0,0,0,0,0,0,0,0,0,0,0,0,1
"F1165",0,0,0,0,0,0,0.318510525518704,0,0,0,0,0,0,0,0,0,0,0,0,0,0,0,0,0,0,0,0,0.240222247463274,0,0,0,0,0,0,0,0,0.441267227018022,0,0,0,0,0,0,0,0,0,0,0,0,0,0,0,0,0,0,0,0,0,0,3
"F1166",0,0,0,0,0,0,1,0,0,0,0,0,0,0,0,0,0,0,0,0,0,0,0,0,0,0,0,0,0,0,0,0,0,0,0,0,0,0,0,0,0,0,0,0,0,0,0,0,0,0,0,0,0,0,0,0,0,0,0,1
"F1167",0,0,0,0,0,0,0,0,0,0,0,0,0,0,0,0,0,0,0,0,0,0,0,0,0,0,0,0,0,0,0,0,0,0,0,0,0,0,0,0,0,0,1,0,0,0,0,0,0,0,0,0,0,0,0,0,0,0,0,1
"F1168",0,0,0,0,0,0,0,0,0,0,0,0,0,0,0,0,0,0,0,0,0,0,0,0,0,0,0,0,0,0,0,0,0,0,0,0,1,0,0,0,0,0,0,0,0,0,0,0,0,0,0,0,0,0,0,0,0,0,0,1
"F1169",0,0,0,0,0,0,1,0,0,0,0,0,0,0,0,0,0,0,0,0,0,0,0,0,0,0,0,0,0,0,0,0,0,0,0,0,0,0,0,0,0,0,0,0,0,0,0,0,0,0,0,0,0,0,0,0,0,0,0,1
"F1170",0,0,0,0,0,0,0.740217292618709,0,0,0,0,0,0,0,0,0,0,0,0,0,0,0,0,0,0,0,0,0,0,0,0,0,0,0,0,0,0.259782707381291,0,0,0,0,0,0,0,0,0,0,0,0,0,0,0,0,0,0,0,0,0,0,2
"F1173",0,0,0,0,0,0,1,0,0,0,0,0,0,0,0,0,0,0,0,0,0,0,0,0,0,0,0,0,0,0,0,0,0,0,0,0,0,0,0,0,0,0,0,0,0,0,0,0,0,0,0,0,0,0,0,0,0,0,0,1
"F1182",0,0,0,0,0,0,0,0,0,0,0,0,0,0,0,0,0,0,0,0,0,0,0,0,0,0,0,0,0,0,0,0,0,0,0,0,0,0,0,0,0,0,0,0,0,0,0,0,0,0,0,0,0,0,0,0,0,0,1,1
"F1186",0,0,0,0,0,0,0,0,0,0,0,0,0,0,0,0,0,0,0,0,0,0,0,0,0,0.941043582155143,0,0,0,0,0,0,0,0,0,0,0,0,0,0,0,0,0,0,0,0,0,0,0,0,0,0,0,0,0,0,0,0,0.0589564178448566,2
"F1193",0,0,0,0,0,0,0,0,0,0,0,0,0,0,0,1,0,0,0,0,0,0,0,0,0,0,0,0,0,0,0,0,0,0,0,0,0,0,0,0,0,0,0,0,0,0,0,0,0,0,0,0,0,0,0,0,0,0,0,1
"F1218",0,0,0,0,0,0,0.0228643053184362,0,0,0,0,0,0.0126207507617833,0,0,0,0,0,0,0,0,0,0,0,0.0412983813454931,0,0,0,0,0,0,0,0,0,0.0152068520879707,0,0.348857144915321,0,0,0,0.392806460210778,0,0,0,0,0,0,0,0,0,0.134448454462285,0,0,0,0,0,0,0,0.0318976508979318,8
"F1219",0,0,0,0,0,0,0,0,0,0,0,0,0,0,0,0.951765482816882,0,0,0,0,0,0,0,0,0,0,0,0,0,0,0,0,0,0,0,0,0,0,0,0,0.0482345171831179,0,0,0,0,0,0,0,0,0,0,0,0,0,0,0,0,0,0,2
"F1222",0,0,0,0,0,0,1,0,0,0,0,0,0,0,0,0,0,0,0,0,0,0,0,0,0,0,0,0,0,0,0,0,0,0,0,0,0,0,0,0,0,0,0,0,0,0,0,0,0,0,0,0,0,0,0,0,0,0,0,1
"F1223",0,0,0,0,0,0,0,0,0,0,0,0,0,0,0,0,0,0,0,0,0,0,0,0,0,0,0,0,0,0,0,0,0,0,0,0,0.962112386975093,0,0,0,0,0,0,0,0,0,0,0,0,0,0,0,0,0,0,0,0,0,0.0378876130249071,2
"F1224",0,0,0,0,0,0,1,0,0,0,0,0,0,0,0,0,0,0,0,0,0,0,0,0,0,0,0,0,0,0,0,0,0,0,0,0,0,0,0,0,0,0,0,0,0,0,0,0,0,0,0,0,0,0,0,0,0,0,0,1
"F1229",0,0,0,0,0,0,1,0,0,0,0,0,0,0,0,0,0,0,0,0,0,0,0,0,0,0,0,0,0,0,0,0,0,0,0,0,0,0,0,0,0,0,0,0,0,0,0,0,0,0,0,0,0,0,0,0,0,0,0,1
"F1230",0,0,0,0,0,0,1,0,0,0,0,0,0,0,0,0,0,0,0,0,0,0,0,0,0,0,0,0,0,0,0,0,0,0,0,0,0,0,0,0,0,0,0,0,0,0,0,0,0,0,0,0,0,0,0,0,0,0,0,1
"F1232",0,0,0,0,0,0,0,0,0,0,0,0,0,0,0,0,0,0,0,0,0,0,0,0,0,0,0,0,0,0,0,0,0,0,0,0,1,0,0,0,0,0,0,0,0,0,0,0,0,0,0,0,0,0,0,0,0,0,0,1
"F1235",0,0,0,0,0,0,0,0,0,0,0,0,0,0,0,0,0.167514635725707,0,0,0,0,0,0,0,0.633664151392211,0,0,0,0,0,0,0,0,0,0,0,0,0,0,0,0,0,0,0,0,0,0,0,0,0,0.198821212882082,0,0,0,0,0,0,0,0,3
"F1238",0,0,0,0,0,0,1,0,0,0,0,0,0,0,0,0,0,0,0,0,0,0,0,0,0,0,0,0,0,0,0,0,0,0,0,0,0,0,0,0,0,0,0,0,0,0,0,0,0,0,0,0,0,0,0,0,0,0,0,1
"F1239",0,0,0,0,0,0,0,0,0,0,0,0,0,0,0,0,0,0,0,0,0,0,0,0,0.162127426547011,0,0,0,0,0,0,0,0,0,0,0,0,0,0,0,0,0,0,0,0,0,0,0,0,0,0,0,0,0,0,0,0,0,0.837872573452989,2
"F1051",0,0,0,0,0,0,0.0677102477977058,0,0,0,0,0,0,0,0,0,0,0,0,0,0,0,0,0,0,0,0,0,0,0,0.932289752202294,0,0,0,0,0,0,0,0,0,0,0,0,0,0,0,0,0,0,0,0,0,0,0,0,0,0,0,0,2
"F1052",0,0,0,0,0,0,0.371325639227189,0,0,0,0,0,0,0,0,0,0,0,0,0,0,0,0,0,0,0,0,0,0,0,0,0,0,0,0,0,0,0,0,0,0,0,0,0,0,0,0,0,0,0,0,0,0,0,0,0,0,0,0.628674360772811,2
"F1053",0,0,0,0,0,0,0,0,0,0,0,0,0,0,0,0,0,0,0,0,0,0,0,0,0,0,0,0,0,0,0,0,0,0,0,0,0,0,0,0,0,0,0,0,0,0,0,0,0,0,0,0,0,0,0,0,0.26506864400558,0.73493135599442,0,2
"F1054",0,0,0,0,0,0,0,0,0,0,0,0,0,0,0,0,0,0,0,0,0,0,0,0,1,0,0,0,0,0,0,0,0,0,0,0,0,0,0,0,0,0,0,0,0,0,0,0,0,0,0,0,0,0,0,0,0,0,0,1
"F1058",0,0,0,0,0,0,0,0,0,0,0,0,0,0,0,0,0,0,0,0,0,0,0,0,0,0,0,0,0,0,0,0,0,0,0,0,0,0,0,0,0.269443059611139,0,0,0,0,0,0,0,0,0,0,0,0,0,0,0,0.261653372266933,0,0.468903568121929,3
"F1061",0,0,0,0,0,0,0,0,0,0,0,0,0,0,0,0,0,0,0,0,0,0,0,0,0,0,0,0,0,0,0,0,0,0,0,0,1,0,0,0,0,0,0,0,0,0,0,0,0,0,0,0,0,0,0,0,0,0,0,1
"F1063",0,0,0,0,0,0,0.862289507772021,0,0,0,0,0,0,0,0,0,0,0,0,0,0,0,0,0,0,0,0,0,0,0,0,0,0,0,0,0,0.137710492227979,0,0,0,0,0,0,0,0,0,0,0,0,0,0,0,0,0,0,0,0,0,0,2
"F1064",0,0,0,0,0,0,0.383599848427435,0,0,0,0,0,0,0,0,0,0,0,0,0,0,0,0,0,0,0,0,0,0,0,0,0,0,0,0,0,0,0,0,0,0,0,0,0,0,0,0,0,0,0,0,0,0,0,0,0,0,0,0.616400151572565,2
"F1065",0,0,0,0,0,0,0.609683572710952,0,0,0,0,0,0,0,0,0,0,0,0,0,0,0,0,0,0,0,0,0,0,0,0,0,0,0,0,0,0,0,0,0,0,0,0,0,0,0,0,0,0,0,0.390316427289048,0,0,0,0,0,0,0,0,2
"F1066",0,0,0,0,0,0,0,0,0,0,0,0,0,0,0,0,0,0,0,0,0,0,0,0,0,0,0,0,0,0,0,0,0,0,0,0,0,0,0,0,0,0,0,0,0,0,0,0,0,0,0,0,0,0,0,0,0,0,1,1
"F1070",0,0,0,0,0,0,0,0,0,0,0,0,0,0,0,0,0,0,0,0,0,0,0,0,0,0,0,0,0,0,0,0,0,0,0,0,1,0,0,0,0,0,0,0,0,0,0,0,0,0,0,0,0,0,0,0,0,0,0,1
"F1074",0,0,0,0,0,0,0,0,0,0,0,0,0,0,0,0,0,0,0,0,0,0,0,0,0,0,0,0,0,0,0,0,0,0,0,0,1,0,0,0,0,0,0,0,0,0,0,0,0,0,0,0,0,0,0,0,0,0,0,1
"F1076",0,0,0,0,0,0,0.886308536429756,0,0,0,0,0,0,0,0,0,0,0,0,0,0,0,0,0,0,0,0,0,0,0,0,0,0,0,0,0,0,0,0,0,0,0,0,0,0,0,0,0,0,0,0,0,0,0,0,0,0,0,0.113691463570244,2
"F1077",0,0,0,0,0,0,0,0,0,0,0,0,0,0,0,0,0,0,0,0,0,0,0,0,0,0,0,0,0,0,0,0,0,0,0,0,0,0,0,0,0,0,0,0,0,0,0,0,0,0,0,0,0,0,0,0,0,0,1,1
"F1078",0,0,0,0,0,0,0,0,0,0,0,0,0,0,0,0,0,0,0,0,0,0,0,0,0,0,0,0,0,0,0,0,0,0,0,0,0.437574722459436,0,0,0,0,0,0,0,0,0,0,0,0,0,0,0,0,0,0,0,0,0,0.562425277540564,2
"F1079",0,0,0,0,0,0,0.180614605732328,0,0,0.819385394267672,0,0,0,0,0,0,0,0,0,0,0,0,0,0,0,0,0,0,0,0,0,0,0,0,0,0,0,0,0,0,0,0,0,0,0,0,0,0,0,0,0,0,0,0,0,0,0,0,0,2
"F1081",0,0,0,0,0,0,0,0,0,0,0,0,0,0,0,0,0,0,0,0,0,0,0,0,0.260171400803993,0,0,0,0,0,0,0,0,0,0,0,0.739828599196007,0,0,0,0,0,0,0,0,0,0,0,0,0,0,0,0,0,0,0,0,0,0,2
"F1082",0,0,0,0,0,0,0.421025977679827,0,0,0,0,0,0,0,0,0,0,0,0,0,0,0,0,0,0,0,0,0,0,0,0,0,0,0,0,0,0,0,0,0,0,0,0,0,0,0,0,0,0,0,0,0,0,0,0,0,0,0,0.578974022320173,2
"F1083",0,0,0,0,0,0,0,0,0,0,0,0,0,0,0,0,0,0,0,0,0,0,0,0,0,0,0,0,0,0,0,0,0,0,0,0,0,0,0,0,0,0,1,0,0,0,0,0,0,0,0,0,0,0,0,0,0,0,0,1
"F1092",0,0,0,0,0,0,0,0,0,0,0,0,0,0,0,0,0,0,0,0.793516659663539,0,0,0,0,0,0,0,0,0,0,0,0,0,0,0,0,0,0,0,0,0,0,0,0,0,0,0,0,0,0,0,0,0,0,0,0,0,0,0.206483340336461,2
"F1094",0,0,0,0,0,0,1,0,0,0,0,0,0,0,0,0,0,0,0,0,0,0,0,0,0,0,0,0,0,0,0,0,0,0,0,0,0,0,0,0,0,0,0,0,0,0,0,0,0,0,0,0,0,0,0,0,0,0,0,1
"F1120",0,0,0,0,0,0,0.881119438686015,0,0,0,0,0,0,0,0,0,0,0,0,0,0,0,0,0,0,0,0,0,0,0,0,0,0,0,0,0,0,0,0,0,0,0,0,0,0,0,0,0,0,0,0.118880561313985,0,0,0,0,0,0,0,0,2
"F1123",0,0,0,0,0,0,0,0,0,0,0,0,0,0,0,0,0,0,0,0,0,0,0,0,0,0,0,0,0,0,0,0,0,0,0,0,0,0,0,0,0,0,0,0,0,0,0,0,0,0,0,0,0.75451030927835,0,0,0,0.245489690721649,0,0,2
"F1129",0,0,0,0,0,0,0.211108878395124,0,0,0,0,0,0,0,0,0,0,0,0,0,0,0,0,0,0,0,0,0,0,0,0,0,0,0,0,0,0.0317827120801098,0,0,0,0,0,0,0,0,0,0,0,0,0,0,0,0,0,0,0,0,0,0.757108409524766,3
"F1137",0,0,0,0,0,0,0,0,0,0,0,0,0,0,0,0,0,0,0,0,0,0,0,0,0,0,0,0,0,0,0,0,0,0,0,0,0,0,0,0,0,0,0,0,0,0,0,0,0,0,0,0,0,0,0,0,0,0,1,1
"F1138",0,0,0,0,0,0,0,0,0,0,0,0,0,0,0,0,0,0,0,0,0,0,0,0,0,0,0,0,0,0,0,0,0,0,0.420156995875948,0,0.579843004124052,0,0,0,0,0,0,0,0,0,0,0,0,0,0,0,0,0,0,0,0,0,0,2
"F1145",0,0,0,0.346297238540173,0,0,0,0,0,0,0,0,0,0,0,0,0,0,0,0,0,0,0,0,0,0,0,0.653702761459827,0,0,0,0,0,0,0,0,0,0,0,0,0,0,0,0,0,0,0,0,0,0,0,0,0,0,0,0,0,0,0,2
"F1147",0,0,0,0,0,0,1,0,0,0,0,0,0,0,0,0,0,0,0,0,0,0,0,0,0,0,0,0,0,0,0,0,0,0,0,0,0,0,0,0,0,0,0,0,0,0,0,0,0,0,0,0,0,0,0,0,0,0,0,1
"F1551",0,0,0,0,0,0,0,0,0,0,0,0,0,0,0,0,0,0,0,0,0,0,0,0,1,0,0,0,0,0,0,0,0,0,0,0,0,0,0,0,0,0,0,0,0,0,0,0,0,0,0,0,0,0,0,0,0,0,0,1
"F1553",0,0,0,0,0,0,0,0,0,0,0,0,0,0,0,0,0,0,0,0,0,0,0,0,0.197317814784237,0,0,0,0,0,0,0,0,0,0,0,0.199472423028131,0,0,0,0.198928736835746,0,0,0,0,0,0,0,0,0,0,0,0,0,0,0,0.186262862205755,0,0.218018163146131,5
"F1555",0,0,0,0,0,0,0.157904984423676,0,0,0,0,0,0,0,0,0,0,0,0,0,0,0,0,0,0.0829926012461059,0,0,0,0,0,0,0,0,0,0,0,0.118720794392523,0,0,0,0,0,0,0,0,0,0,0,0,0,0,0,0,0,0,0,0.229507398753894,0,0.410874221183801,5
"F1557",0,0,0,0,0,0,0.402715277248112,0,0,0,0,0,0,0,0,0.133399435588437,0,0,0,0,0,0,0,0,0,0,0,0,0,0,0,0,0,0,0,0,0,0,0,0,0,0,0,0,0.0504919533216383,0,0,0,0,0,0,0.0633437571504843,0,0,0,0,0,0.0864541224925635,0.263595454198764,6
"F1558",0,0,0,0,0,0,0,0,0,0,0,0,0,0,0,0,0,0,0,0,0,0,0,0,1,0,0,0,0,0,0,0,0,0,0,0,0,0,0,0,0,0,0,0,0,0,0,0,0,0,0,0,0,0,0,0,0,0,0,1
"F1561",0,0,0,0,0,0,0.0504926108374384,0,0,0,0,0,0,0,0,0.215284877776745,0,0,0,0,0,0,0,0,0.362533692722372,0,0,0,0,0,0.371688818663445,0,0,0,0,0,0,0,0,0,0,0,0,0,0,0,0,0,0,0,0,0,0,0,0,0,0,0,0,4
"F1563",0,0,0,0,0,0,0.322555711391616,0,0,0,0,0,0,0,0,0,0,0,0,0,0,0,0,0,0.185395044413277,0,0,0,0,0,0,0,0,0,0,0,0,0,0,0,0.291089294062646,0,0,0,0,0,0,0,0,0,0.0680691912108462,0,0,0,0,0,0.0704441327723235,0,0.0624466261492909,6
"F1565",0,0,0,0,0,0,0.15146534237952,0,0,0,0,0,0,0,0,0.0694201580751207,0,0,0,0,0,0,0,0,0,0,0,0,0,0,0,0,0,0,0,0,0.0700846331398195,0,0,0,0.528537455410226,0,0,0,0,0,0,0,0,0,0.0585437504371546,0,0,0,0,0,0,0,0.121948660558159,6
"F1573",0,0,0,0,0,0,0.0524566473988439,0.199293513166346,0,0,0.0640976236351959,0,0,0,0,0.0783558124598587,0,0,0,0,0,0,0,0,0.126284521515735,0,0,0,0,0,0,0,0,0,0,0,0.287989723827874,0,0,0,0,0,0,0,0,0,0,0,0,0,0.101188182402055,0,0,0,0,0,0,0,0.0903339755940912,8
"F1575",0,0,0,0,0,0,0,0,0,0,0.275651314977158,0,0,0,0,0.302753426348932,0,0,0,0,0,0,0,0,0,0,0,0,0,0,0,0,0,0,0,0,0,0,0,0,0.303802938634399,0,0,0,0,0,0,0,0,0,0,0,0.117792320039511,0,0,0,0,0,0,4
"F1577",0,0,0,0,0,0,0,0,0,0,0,0,0,0,0,0,0,0,0,0,0,0,0,0,0,0,0,0,0,0,0,0,0,0,0,0,0,0,0,0,0,0,0,0,0,0,0,0,0,0,0,0,0,0,0,0,0,0,1,1
"F1579",0,0,0,0,0,0,0.298506637168142,0,0,0,0,0,0,0.114325221238938,0,0,0,0,0,0,0,0,0,0,0.242699115044248,0,0,0,0,0,0,0,0,0,0,0,0,0,0,0,0,0,0,0,0,0,0,0,0,0,0,0,0,0,0,0,0,0.101216814159292,0.243252212389381,5
"F1581",0,0,0,0,0,0.0444353143814295,0.375630106031636,0,0,0,0,0,0,0,0,0,0,0,0,0,0,0,0,0,0.259975032789217,0,0,0,0,0,0,0,0,0,0,0,0.0920152331589842,0,0,0,0.0448935733135281,0,0,0,0,0,0,0,0,0,0,0,0,0,0,0,0,0,0.183050740325206,6
"F1583",0,0,0,0,0,0,0.473836725177364,0,0,0,0,0,0,0,0,0,0,0,0,0,0,0,0,0,0,0,0,0,0,0,0,0,0,0,0,0,0.526163274822636,0,0,0,0,0,0,0,0,0,0,0,0,0,0,0,0,0,0,0,0,0,0,2
"F1586",0,0,0,0,0,0,0.219067630961689,0,0,0,0,0,0,0,0,0,0,0,0,0,0,0,0,0,0,0,0,0,0,0,0,0,0,0,0,0,0.134284597341673,0,0,0,0.220997849882721,0,0,0,0,0,0,0,0,0,0.140881548084441,0,0,0,0,0,0,0.160721266614543,0.124047107114934,6
"F1588",0,0,0,0,0,0,0.20173165566214,0,0,0,0,0,0,0,0,0,0,0,0,0,0,0,0,0,0.331169801918525,0,0,0,0,0,0,0,0,0,0,0,0,0.247489722187617,0,0,0,0,0,0,0,0,0,0,0,0,0,0,0,0,0,0,0,0,0.219608820231718,4
"F1605",0,0,0,0,0,0,0.128732389271698,0,0,0,0,0,0,0,0,0,0,0,0,0,0,0,0,0,0.126453619807209,0,0,0,0,0,0.122926952778833,0,0,0,0,0,0,0,0,0,0.502088872009115,0,0,0,0,0,0,0,0,0,0.119798166133145,0,0,0,0,0,0,0,0,5
"F1608",0,0,0,0,0,0,0.287379067722076,0.280636177074172,0,0,0,0,0,0,0,0,0,0,0,0,0,0,0,0,0,0,0,0,0,0,0,0,0,0,0,0,0.27371005570214,0,0,0,0,0,0,0,0,0,0,0,0,0,0,0,0,0,0,0,0,0,0.158274699501612,4
"F1609",0,0,0,0,0,0,0.399494655004859,0,0,0,0,0,0,0,0,0.0831486880466472,0,0,0,0.067444120505345,0,0,0,0,0.132866861030126,0,0,0,0,0,0,0,0,0,0,0,0.120388726919339,0,0,0,0.0642565597667639,0,0,0,0,0,0,0,0,0,0,0,0,0,0,0,0,0,0.132400388726919,7
"F1613",0,0,0,0,0,0,0.580584540823896,0,0,0,0,0,0,0,0,0.08970871865882,0,0,0,0,0,0,0,0,0.117748874932001,0,0,0,0,0,0,0,0,0,0,0,0,0,0,0,0,0,0,0,0,0,0,0,0,0,0,0,0.211957865585283,0,0,0,0,0,0,4
"F1615",0,0,0,0,0,0,0,0,0,0,0,0,0,0,0,0,0,0,0,0,0,0,0,0,0,0,0,0,0,0,0,0,0,0,0,0,0,0,0,0,0,0,0,0,0,0,0,0,1,0,0,0,0,0,0,0,0,0,0,1
"F1616",0,0,0,0,0,0,0,0,0,0,0,0,0,0,0,0.0785573545789429,0,0,0,0.0960335817698963,0,0,0,0,0.171164225134927,0,0,0,0,0,0,0,0,0,0,0,0.0896084982438105,0,0,0,0.284202861303864,0,0,0,0,0,0,0,0,0,0,0.137282618007367,0.0647220080527714,0,0,0,0,0,0.0784288529084211,8
"F1618",0,0,0,0,0,0,0.321777777777778,0,0,0,0,0,0,0,0,0.179636363636364,0,0,0,0,0,0,0,0,0.161777777777778,0,0,0,0,0,0,0,0,0,0,0,0,0,0,0,0.106262626262626,0,0,0,0,0,0,0,0,0,0,0,0,0,0,0,0,0.230545454545455,0,5
"F1622",0,0,0,0,0,0,0.189068100358423,0,0,0,0,0,0,0,0,0.094030017921147,0,0,0,0,0,0,0,0,0,0,0,0,0,0,0,0,0,0,0,0,0,0,0,0,0,0,0,0,0,0,0,0,0,0,0,0,0,0,0,0,0,0,0.71690188172043,3
"F1624",0,0,0,0,0,0,0.553159129223778,0,0,0,0,0,0,0,0,0,0,0,0,0,0,0,0,0,0,0,0,0,0,0,0,0,0,0,0,0,0.446840870776222,0,0,0,0,0,0,0,0,0,0,0,0,0,0,0,0,0,0,0,0,0,0,2
"F1625",0,0,0,0,0,0,0,0,0,0,0,0,0,0,0,0,0,0,0,0,0,0,0,0,1,0,0,0,0,0,0,0,0,0,0,0,0,0,0,0,0,0,0,0,0,0,0,0,0,0,0,0,0,0,0,0,0,0,0,1
"F1252",0,0,0,0,0,0,0,0,0,0,0,0,0,0,0,0,0,0,0,0,0,0,0,0,0,0,0,0.216768435885392,0,0,0,0,0,0,0,0,0,0,0,0,0,0,0,0,0,0,0,0,0,0,0,0.534581963363081,0,0,0,0,0,0,0.248649600751527,3
"F1353",0,0,0,0,0,0,0,0,0,0,0,0,0,0,0,0,0,0,0,0,0,0,0,0,0,0,0,0,0,0,0,0,0,0,0,0,1,0,0,0,0,0,0,0,0,0,0,0,0,0,0,0,0,0,0,0,0,0,0,1
"F1355",0,0,0,0,0,0,0,0,0,0,0,0,0,0,0,0,0,0,0,0,0,0,0,0,0,0,0,0,0,0,0,0,0,0,0,0,1,0,0,0,0,0,0,0,0,0,0,0,0,0,0,0,0,0,0,0,0,0,0,1
"F1371",0,0,0,0,0,0,0,0,0,0,0,0,0,0,0,0,0,0,0,0,0,0,0,0,0.177115248644827,0,0,0,0,0,0,0,0,0,0,0,0.582842328541127,0,0,0,0,0,0,0,0,0,0,0,0,0,0.151661560216828,0,0,0,0,0,0,0,0.0883808625972189,4
"F1256",0,0,0,0,0,0,0,0,0,0,0,0,0,0,0,0.0415537856720917,0,0,0,0,0,0,0,0,0,0,0,0,0,0,0,0,0,0,0,0,0,0,0,0,0,0,0,0,0,0,0,0,0,0,0,0.958446214327908,0,0,0,0,0,0,0,2
"F1383",0,0,0,0,0,0,0.0205216090194168,0,0,0,0,0,0,0,0,0,0,0,0,0,0,0,0,0,0,0,0,0,0,0,0,0,0,0,0,0,0.964028464054562,0,0,0,0,0,0,0,0,0,0,0,0,0,0,0,0,0,0,0,0,0,0.0154499269260213,3
"F1387",0,0,0,0,0,0,0.251312113772962,0,0,0,0,0,0,0,0,0,0,0,0,0,0,0,0,0,0.116989757047321,0,0,0,0,0,0,0,0,0,0,0,0.119063743333616,0,0,0,0.0861974096334547,0,0,0,0,0,0,0,0,0,0,0,0,0,0,0,0,0,0.426436976212647,5
"F1393",0,0,0,0,0,0,1,0,0,0,0,0,0,0,0,0,0,0,0,0,0,0,0,0,0,0,0,0,0,0,0,0,0,0,0,0,0,0,0,0,0,0,0,0,0,0,0,0,0,0,0,0,0,0,0,0,0,0,0,1
"F1397",0,0,0,0,0,0,0,0,0,0,0,0,0,0,0,0,0,0,0,0.161160088984098,0,0,0,0,0.0627832248496333,0,0,0,0,0,0,0,0,0,0,0,0,0,0,0,0.263903765345637,0,0,0,0,0,0,0,0,0,0,0,0,0,0,0,0,0,0.512152920820631,4
"F1414",0,0,0,0,0,0,0.736493700619261,0,0,0,0,0,0,0,0,0,0,0,0,0,0,0,0,0,0,0,0,0,0,0,0,0,0,0,0,0,0,0,0,0,0,0,0,0,0,0,0,0,0,0,0,0,0,0,0,0,0,0,0.263506299380739,2
"F1427",0,0,0,0,0,0,0,0,0,0,0,0,0,0,0,0,0,0,0,1,0,0,0,0,0,0,0,0,0,0,0,0,0,0,0,0,0,0,0,0,0,0,0,0,0,0,0,0,0,0,0,0,0,0,0,0,0,0,0,1
"F1261",0,0,0,0,0,0.266067538126362,0.135026737967914,0,0,0,0,0,0,0,0,0,0,0,0,0,0,0,0,0,0.0478807684690038,0,0,0,0,0,0,0,0,0,0,0,0,0,0,0,0,0,0,0,0,0,0,0,0,0,0,0.55102495543672,0,0,0,0,0,0,0,4
"F1437",0,0,0,0,0,0,0,0,0,0,0,0,0,0,0,0,0,0,0,0,0,0,0,0,0.402128369307873,0,0,0,0,0,0,0,0,0,0,0,0,0,0,0,0,0,0,0,0,0,0,0,0,0,0.597871630692127,0,0,0,0,0,0,0,0,2
"F1441",0,0,0,0,0,0,0,0,0,0,0,0,0,0,0,0,0,0,0,0,0,0,0,0,0,0,0,0,0,0,0,0,0,0,0,0,0,0,1,0,0,0,0,0,0,0,0,0,0,0,0,0,0,0,0,0,0,0,0,1
"F1262",0,0,0,0,0,0,0,0,0,0,0,0,0,0,0,0,0,0,0,0,0,0,0,0,0,0,0,0,0,0,0,0,0,0,0,0,0,0,0,0,0,0,1,0,0,0,0,0,0,0,0,0,0,0,0,0,0,0,0,1
"F1442",0,0,0,0,0,0,0,0,0,0,0,0,0,0,0,0,0,0,0,0,0,0,0,0,0,0,0,0,0,0,0,0,0,0,0,0,1,0,0,0,0,0,0,0,0,0,0,0,0,0,0,0,0,0,0,0,0,0,0,1
"F1443",0,0,0,0,0,0,0,0,0,0,0,0,0,0,0,0,0,0,0,0,0,0,0,0,0,0,0,0,0,0,0,0,0,0,0,0,0.986538583648552,0,0,0,0,0,0,0,0,0,0,0,0,0,0,0,0,0,0,0,0,0,0.0134614163514482,2
"F1479",0,0,0,0,0,0,0,0,0,0,0,0,0,0,0,0,0,0,0,0,0,0,0,0,0,0,0,0,0,0,0,0,0,0,0,0,0.700625558534406,0.299374441465594,0,0,0,0,0,0,0,0,0,0,0,0,0,0,0,0,0,0,0,0,0,2
"F1483",0,0,0,0,0,0,0,0,0,0,0,0,0,0,0,0,0,0,0,0,0,0,0,0,0,0,0,0,0,0,0,0,0,0,0,0,1,0,0,0,0,0,0,0,0,0,0,0,0,0,0,0,0,0,0,0,0,0,0,1
"F1494",0,0,0,0,0,0,0,0,0,0,0,0,0,0,0,0,0,0,0,0,0,0,0,0,0,0,0,0,0,0,0,0,0,0,0,0,1,0,0,0,0,0,0,0,0,0,0,0,0,0,0,0,0,0,0,0,0,0,0,1
"F1495",0,0,0,0,0,0,0,0,0,0,0,0,0,0,0,0,0,0,0,0,0,0,0,0,0,0,0,0,0,0,0,0,0,0,0,0,1,0,0,0,0,0,0,0,0,0,0,0,0,0,0,0,0,0,0,0,0,0,0,1
"F1527",0.0485607786291158,0,0,0,0,0,0.365603644646925,0,0,0,0,0,0,0,0,0,0,0,0,0,0,0,0,0,0.0757230620556361,0,0,0,0,0,0,0,0,0,0,0,0,0,0,0,0.510112514668323,0,0,0,0,0,0,0,0,0,0,0,0,0,0,0,0,0,0,4
"F1271",0,0,0,0,0,0,0,0,0,0,0,0,0,0,0,0,0,0,0,0,0,0,0,0,0,0,0,0,0,0,0,0,0,0,0,0,0,0,0,0,0,0,0,0,0,1,0,0,0,0,0,0,0,0,0,0,0,0,0,1
"F1274",0,0,0,0,0,0,0.559602880514577,0,0,0,0,0,0,0,0,0,0,0,0,0,0,0,0,0,0,0,0,0,0,0,0,0,0,0,0,0,0.440397119485423,0,0,0,0,0,0,0,0,0,0,0,0,0,0,0,0,0,0,0,0,0,0,2
"F1275",0,0,0,0,0,0,0,0,0,0,0,0,0,0,0,0,0,0,0,0,0,0,0,0,1,0,0,0,0,0,0,0,0,0,0,0,0,0,0,0,0,0,0,0,0,0,0,0,0,0,0,0,0,0,0,0,0,0,0,1
"F1276",0,0,0,0,0,0,1,0,0,0,0,0,0,0,0,0,0,0,0,0,0,0,0,0,0,0,0,0,0,0,0,0,0,0,0,0,0,0,0,0,0,0,0,0,0,0,0,0,0,0,0,0,0,0,0,0,0,0,0,1
"F1277",0,0,0,0,0,0,0,0,0,0,0,0,0,0,0,0,0,0,0,0,0,0,0,0,0,0,0,0,0,0,0.8563649176757,0,0,0,0,0,0,0,0,0,0,0,0,0,0,0,0,0,0,0,0.0772417622311914,0,0,0,0,0,0,0,0.0663933200931087,3
"F1279",0,0,0,0,0,0,0,0,0,0,0,0,0,0,0,1,0,0,0,0,0,0,0,0,0,0,0,0,0,0,0,0,0,0,0,0,0,0,0,0,0,0,0,0,0,0,0,0,0,0,0,0,0,0,0,0,0,0,0,1
"F1280",0,0,0,0,0,0,0.46277892368273,0,0,0,0,0,0,0,0,0,0,0,0,0,0,0,0,0,0,0,0,0,0,0,0,0,0,0,0,0,0.53722107631727,0,0,0,0,0,0,0,0,0,0,0,0,0,0,0,0,0,0,0,0,0,0,2
"F1281",0,0,0,0,0,0,0,0,0,0,0,0,0,0,0,0,0,0,0,0.317152387640449,0,0,0,0,0,0,0,0,0,0,0,0,0,0,0,0,0,0,0,0,0,0,0,0,0,0,0,0,0,0,0,0,0,0,0,0,0,0,0.682847612359551,2
"F1246",0,0,0,0,0,0,0,0,0,0,0,0,0,0,0,0,0,0,0,0,0,0,0,0,0,0,0,0,0,0,0,0,0,0,0,0,1,0,0,0,0,0,0,0,0,0,0,0,0,0,0,0,0,0,0,0,0,0,0,1
"F1282",0,0,0,0,0,0,1,0,0,0,0,0,0,0,0,0,0,0,0,0,0,0,0,0,0,0,0,0,0,0,0,0,0,0,0,0,0,0,0,0,0,0,0,0,0,0,0,0,0,0,0,0,0,0,0,0,0,0,0,1
"F1283",0,0,0,0,0,0,0.136695152497422,0,0,0,0,0,0,0,0,0.460733755709445,0,0,0,0,0,0,0,0,0,0,0,0,0,0,0,0,0,0,0,0,0,0,0,0,0,0,0,0,0,0,0,0,0,0,0,0,0,0,0,0,0,0,0.402571091793134,3
"F1285",0,0,0,0,0,0,0.464211076280042,0,0,0,0,0,0,0,0,0,0,0,0,0,0,0,0,0,0.535788923719958,0,0,0,0,0,0,0,0,0,0,0,0,0,0,0,0,0,0,0,0,0,0,0,0,0,0,0,0,0,0,0,0,0,0,2
"F1288",0,0,0,0,0,0,0,0,0,0,0,0,0,0,0,0,0,0,0,0.294299097452302,0,0,0,0,0,0,0,0,0,0,0,0,0,0,0,0,0,0,0,0,0,0,0,0,0,0,0,0,0,0,0,0,0,0,0,0,0,0,0.705700902547698,2
"F1289",0,0,0,0,0,0,1,0,0,0,0,0,0,0,0,0,0,0,0,0,0,0,0,0,0,0,0,0,0,0,0,0,0,0,0,0,0,0,0,0,0,0,0,0,0,0,0,0,0,0,0,0,0,0,0,0,0,0,0,1
"F1292",0,0,0,0,0,0,0,0,0,0,0,0,0,0,0,0,0,0,0,1,0,0,0,0,0,0,0,0,0,0,0,0,0,0,0,0,0,0,0,0,0,0,0,0,0,0,0,0,0,0,0,0,0,0,0,0,0,0,0,1
"F1306",0,0,0,0,0,0,0,0,0,0,0,0,0,0,0,0,0,0,0,0,0,0,0,0,0.152343904529571,0,0,0,0,0,0,0,0,0,0,0,0.141306784466275,0,0,0,0,0,0,0,0,0,0,0,0,0,0,0,0,0,0,0,0,0.126682930045493,0.57966638095866,4
"F1312",0,0,0,0,0,0,0.483055845393095,0,0,0,0,0,0,0,0,0.133012747811096,0,0,0,0,0,0,0,0,0.0609717370593839,0,0,0,0,0,0,0,0,0,0,0,0.193394728485233,0,0,0,0,0,0,0,0,0,0,0,0,0,0,0,0,0,0,0,0,0,0.129564941251191,5
"F1314",0,0,0,0,0,0,0.352652660835445,0,0,0,0,0,0,0,0,0,0,0,0,0,0,0,0,0,0.647347339164555,0,0,0,0,0,0,0,0,0,0,0,0,0,0,0,0,0,0,0,0,0,0,0,0,0,0,0,0,0,0,0,0,0,0,2
"F1316",0,0,0,0,0,0,0,0,0,0,0,0,0,0,0,0,0,0,0,0,0,0,0,0,1,0,0,0,0,0,0,0,0,0,0,0,0,0,0,0,0,0,0,0,0,0,0,0,0,0,0,0,0,0,0,0,0,0,0,1
"F1319",0,0,0,0,0,0,0,0,0,0,0,0,0,0,0,0,0,0,0,0,0,0,0,0,1,0,0,0,0,0,0,0,0,0,0,0,0,0,0,0,0,0,0,0,0,0,0,0,0,0,0,0,0,0,0,0,0,0,0,1
"F1321",0,0,0,0,0,0,1,0,0,0,0,0,0,0,0,0,0,0,0,0,0,0,0,0,0,0,0,0,0,0,0,0,0,0,0,0,0,0,0,0,0,0,0,0,0,0,0,0,0,0,0,0,0,0,0,0,0,0,0,1
"F1327",0,0,0,0,0,0,0,0,0,0,0,0,0,0,0,0,0,0,0,0,0,0,0,0,0,0,0,0,0,0,0,0,0,0,0,0,0,0,0,0,0,0,0,0,0,0,0,0,0,0,0,0.440474950525987,0,0,0,0,0.559525049474013,0,0,2
"F1251",0,0,0,0,0,0,0,0,0,0,0,0,0,0,0,0.321676026548027,0,0,0,0,0,0,0,0,0,0,0,0,0,0,0,0,0,0,0,0,0,0,0,0,0,0,0,0,0.476478739698053,0,0,0,0,0,0,0,0,0,0,0,0,0,0.20184523375392,3
"F1338",0,0,0,0,0,0,1,0,0,0,0,0,0,0,0,0,0,0,0,0,0,0,0,0,0,0,0,0,0,0,0,0,0,0,0,0,0,0,0,0,0,0,0,0,0,0,0,0,0,0,0,0,0,0,0,0,0,0,0,1
"F1915",0,0,0,0,0,0,0,0,0,0,0,0,0,0,0,0,0,0,0,0,0,0,0,0,0.0939010880171383,0,0,0,0,0,0,0,0,0,0,0,0.275481830920816,0,0,0,0.439498763783629,0,0,0,0,0,0,0,0,0,0,0,0,0,0,0,0,0,0.191118317278416,4
"F1924",0,0,0,0,0,0,0.574081883002377,0,0,0,0,0,0,0,0,0,0,0,0,0,0,0,0,0,0.425918116997623,0,0,0,0,0,0,0,0,0,0,0,0,0,0,0,0,0,0,0,0,0,0,0,0,0,0,0,0,0,0,0,0,0,0,2
"F1925",0,0,0,0,0.193394355021537,0,0.110816708229426,0,0,0,0,0,0,0,0,0,0,0,0,0,0,0,0,0,0.408935048741782,0,0,0,0,0,0,0,0,0,0,0,0,0,0,0,0,0,0,0,0,0,0,0,0,0,0,0,0,0,0,0,0,0,0.286853888007255,4
"F1926",0,0,0,0,0,0,0,0,0,0,0,0,0,0,0,0,0,0,0,0,0,0,0,0,0,0,0,0,0,0,0,0,0,0,0,0,0,0,0,0,0,0,0,0,0,0,0,0,0,0,0,0,0,0,0,0,0,0,1,1
"F1929",0,0,0,0,0,0,0,0,0,0,0,0,0,0,0,0,0,0,0,0,0,0,0,0,0.0561518098636128,0,0,0,0,0,0,0,0,0,0,0,0,0,0,0,0,0,0,0,0,0,0,0,0,0,0,0.286729585083731,0,0,0,0,0,0,0.657118605052656,3
"F1930",0,0,0,0,0,0,0,0,0,0,0,0,0,0,0,0,0,0,0,0,0,0,0,0,0.0564527603870233,0,0,0,0,0,0,0,0,0,0,0,0,0,0,0,0.185673970783533,0,0,0,0,0,0,0,0,0,0.0512236767216847,0,0,0,0,0,0,0,0.706649592107759,4
"F1931",0,0,0,0,0,0,0,0,0,0,0,0,0,0,0.315885732638641,0,0,0,0,0,0,0,0,0,0,0,0,0,0,0,0,0,0,0,0,0,0.451770037827421,0,0,0,0,0,0,0,0,0,0,0,0,0,0,0,0,0,0,0,0,0,0.232344229533938,3
"F1933",0,0,0,0,0,0,0,0,0,0,0,0,0,0,0,0,0,0,0,0,0,0,0,0,0,0,0,0,0,0,0,0,0,0,0,0,0.212368940101734,0,0,0,0,0,0,0,0.153015675282882,0,0,0,0,0,0,0.634615384615385,0,0,0,0,0,0,0,3
"F1916",0,0,0,0,0,0,0.558677700153816,0,0,0,0,0,0,0,0,0,0,0,0,0,0,0,0,0,0.0536636505031236,0,0,0.177042784838408,0,0,0,0,0,0,0,0,0,0,0,0,0,0,0,0,0,0,0,0,0,0,0,0,0,0,0,0,0,0,0.210615864504653,4
"F1935",0,0,0,0,0,0,0,0,0,0,0,0,0,0,0,0.951267818044717,0,0,0,0,0,0,0,0,0,0,0,0.0356224618655232,0,0,0,0,0,0,0,0,0,0,0,0,0.0131097200897602,0,0,0,0,0,0,0,0,0,0,0,0,0,0,0,0,0,0,3
"F1936",0,0,0,0,0,0,0,0,0,0,0,0,0,0,0,0,0,0,0,0,0,0,0,0,0,0,0,0,0,0,0,0,0,0,0,0,0,0,0,0,0,0,0,0,0,0,0,0,0,0,0,0,0,0,0,0,0,0,1,1
"F1917",0,0,0,0,0,0,0,0,0,0,0,0,0,0,0,0,0.507845104791443,0,0,0,0,0,0,0,0.0428744099067253,0,0,0,0,0,0.0463066432529818,0,0,0,0,0,0,0,0,0,0,0,0,0,0,0,0,0,0,0,0,0.209457456270382,0,0,0,0,0,0,0.193516385778467,5
"F1958",0,0,0,0,0,0,0,0,0,0,0,0,0,0,0,0,0,0,0,0,0,0,0,0,0,0,0,0,0,0,0,0,0,0,0,0,1,0,0,0,0,0,0,0,0,0,0,0,0,0,0,0,0,0,0,0,0,0,0,1
"F1959",0,0,0,0.439454637266453,0,0,0,0,0,0,0,0,0,0,0,0,0,0,0,0,0,0,0,0,0.336980306345733,0,0,0,0,0,0,0,0,0,0,0,0,0,0,0,0.223565056387813,0,0,0,0,0,0,0,0,0,0,0,0,0,0,0,0,0,0,3
"F1960",0,0,0,0,0,0.161157175067278,0,0,0,0,0,0,0,0,0,0.0978252963851916,0,0,0,0,0,0.10982616917594,0,0,0,0,0,0,0,0,0,0,0,0,0,0,0,0,0,0,0,0,0,0,0,0,0,0,0,0,0,0.251454651247363,0,0,0,0,0,0.195341479380319,0.184395228743909,6
"F1961",0,0,0,0,0,0.411385272974548,0,0,0,0,0,0,0,0,0,0.419661938993589,0,0,0,0,0,0,0,0,0,0,0,0,0,0,0,0,0,0,0,0,0,0,0,0,0.168952788031863,0,0,0,0,0,0,0,0,0,0,0,0,0,0,0,0,0,0,3
"F1962",0,0,0,0,0,0,0,0,0,0,0,0,0,0,0,0,0,0,0,0,0,0,0,0,0.294675793877163,0,0,0,0,0,0,0,0,0,0,0,0,0,0,0,0,0,0,0,0,0,0,0,0,0,0,0.705324206122837,0,0,0,0,0,0,0,2
"F1963",0,0,0,0,0,0,0.106703945324635,0,0,0,0,0,0,0,0.196408822615719,0,0,0,0,0,0,0,0,0,0.0260702081391737,0,0,0,0,0,0,0,0,0,0,0,0,0,0,0,0.415806150978565,0,0,0,0,0,0,0,0,0,0.0168002485243865,0,0,0,0,0,0,0,0.238210624417521,6
"F1964",0,0,0,0,0,0,0,0,0,0,0,0,0,0,0,0,0,0,0,0,0,0,0,0,0.775406455325884,0,0,0,0,0,0,0,0,0,0,0,0,0,0,0,0,0,0,0,0,0,0,0,0,0,0,0,0,0,0,0,0,0,0.224593544674116,2
"F1965",0,0,0,0,0,0,0,0,0,0,0,0,0,0,0,0,0,0,0,0,0,0,0,0,0.748400827241247,0,0,0,0,0,0,0,0,0,0,0,0,0,0,0,0.0984152558676414,0,0,0,0,0.0552255675259715,0,0,0,0,0,0,0,0,0,0,0,0,0.0979583493651404,4
"F1967",0,0,0,0,0,0,0.0937337346398425,0,0,0,0.0655593020887551,0,0,0,0,0.252212088981421,0,0,0,0,0,0,0,0,0.0282875828826178,0,0,0,0,0,0,0,0,0,0,0,0.29572970648804,0,0,0,0,0,0,0,0,0,0,0,0,0,0,0.264477584919324,0,0,0,0,0,0,0,6
"F1968",0,0,0,0,0,0,0,0,0,0,0,0,0,0,0,0,0,0,0,0,0,0,0,0,0.294663377654774,0,0,0,0,0,0,0,0,0,0,0,0.0387341315203658,0,0,0,0.32563624330666,0,0,0,0.109247337705313,0,0,0,0,0,0.231718909812887,0,0,0,0,0,0,0,0,5
"F1969",0,0,0,0,0,0,0,0,0,0,0,0,0,0,0,0,0,0,0,0,0,0,0,0,0,0,0,0,0,0,0,0,0,0,0,0,0.498560263266146,0,0,0,0.501439736733854,0,0,0,0,0,0,0,0,0,0,0,0,0,0,0,0,0,0,2
"F1970",0,0,0,0,0,0,1,0,0,0,0,0,0,0,0,0,0,0,0,0,0,0,0,0,0,0,0,0,0,0,0,0,0,0,0,0,0,0,0,0,0,0,0,0,0,0,0,0,0,0,0,0,0,0,0,0,0,0,0,1
"F1971",0,0,0,0.0491983092261321,0,0,0.0372576646631829,0,0,0,0,0,0,0,0,0.103274536731527,0,0,0,0,0,0.181963295225526,0,0,0.0706450980042448,0,0,0,0,0,0,0,0,0,0.0140986998162978,0,0,0,0,0,0,0,0,0,0,0,0,0,0,0,0,0,0,0,0,0,0,0,0.54356239633309,7
"F1973",0,0,0,0,0,0,0.292005971769815,0,0,0,0,0,0,0,0,0,0,0,0,0,0,0,0,0,0,0,0,0,0,0,0,0,0,0,0,0,0.707994028230185,0,0,0,0,0,0,0,0,0,0,0,0,0,0,0,0,0,0,0,0,0,0,2
"F1920",0,0,0,0,0,0,0,0,0,0,0,0,0,0,0,0.499776265642118,0,0,0,0,0,0,0,0,0.0461664275023531,0,0,0,0,0,0,0,0,0,0,0,0.264160841858384,0,0,0,0,0,0,0,0,0,0,0,0,0,0,0,0.189896464997145,0,0,0,0,0,0,4
"F1974",0,0,0,0,0,0,0,0,0,0,0,0,0,0,0,0,0,0,0,0,0,0,0,0,0.674026773349746,0,0,0,0,0,0,0,0,0,0,0,0,0,0,0,0.325973226650254,0,0,0,0,0,0,0,0,0,0,0,0,0,0,0,0,0,0,2
"F1975",0,0,0,0,0,0,0,0,0,0,0,0,0,0,0,0,0,0,0,0,0,0,0,0,0,0.309577503395173,0,0,0,0,0,0,0,0,0,0,0.156676343429561,0,0,0,0,0,0,0,0,0,0,0,0,0,0,0.216668120257659,0.159380022676019,0,0,0,0,0,0.157698010241587,5
"F1976",0,0,0,0.204163986198023,0,0,0,0,0,0,0,0,0,0,0,0.795836013801977,0,0,0,0,0,0,0,0,0,0,0,0,0,0,0,0,0,0,0,0,0,0,0,0,0,0,0,0,0,0,0,0,0,0,0,0,0,0,0,0,0,0,0,2
"F1977",0,0.296144333454762,0,0,0,0,0.32515290373296,0,0,0,0,0,0,0,0,0,0,0,0,0,0,0,0,0,0,0,0,0.378702762812278,0,0,0,0,0,0,0,0,0,0,0,0,0,0,0,0,0,0,0,0,0,0,0,0,0,0,0,0,0,0,0,3
"F1979",0,0,0,0,0,0,0,0,0,0,0,0,0,0,0,0,0,0,0,0,0,0,0,0,0,0,0,0,0,0,0,0,0,0,0,0,0,0,0,0,0,0,0,0,0,0,0,0,0,0,0,0,0,0,0,0,0,0,1,1
"F1981",0,0,0,0,0,0,1,0,0,0,0,0,0,0,0,0,0,0,0,0,0,0,0,0,0,0,0,0,0,0,0,0,0,0,0,0,0,0,0,0,0,0,0,0,0,0,0,0,0,0,0,0,0,0,0,0,0,0,0,1
"F1982",0,0,0,0,0,0,0,0,0,0,0,0,0,0,0,0,0,0,0,0,0,0,0,0,0,0,0,0,0,0,0,0,0,0,0,0,0.282717653610544,0,0,0,0,0,0,0,0,0,0,0,0,0,0,0,0,0,0,0,0,0,0.717282346389456,2
"F1921",0,0,0,0,0,0,0.0283916940377443,0,0,0,0,0,0,0,0,0,0,0,0,0,0,0,0,0,0,0,0,0.0538885486834048,0,0,0.0206814006569059,0,0,0,0,0,0.414254300506597,0,0,0,0.454956020709236,0,0,0,0,0,0,0,0,0,0,0,0,0,0,0,0,0.0278280354061126,0,6
"F1984",0,0,0,0,0,0,1,0,0,0,0,0,0,0,0,0,0,0,0,0,0,0,0,0,0,0,0,0,0,0,0,0,0,0,0,0,0,0,0,0,0,0,0,0,0,0,0,0,0,0,0,0,0,0,0,0,0,0,0,1
"F1985",0,0,0,0,0,0,0,0,0,0,0,0,0,0,0,0,0,0,0,0,0,0,0,0,0,0.650054215511774,0,0,0,0,0.349945784488226,0,0,0,0,0,0,0,0,0,0,0,0,0,0,0,0,0,0,0,0,0,0,0,0,0,0,0,0,2
"F1986",0,0,0,0,0,0,1,0,0,0,0,0,0,0,0,0,0,0,0,0,0,0,0,0,0,0,0,0,0,0,0,0,0,0,0,0,0,0,0,0,0,0,0,0,0,0,0,0,0,0,0,0,0,0,0,0,0,0,0,1
"F1987",0,0,0,0,0,0,0,0,0,0,0,0,0,0,0,0,0,0,0,0,0,0,0,0,0,0,0,0,0,0,0,0,0,0,0,0,1,0,0,0,0,0,0,0,0,0,0,0,0,0,0,0,0,0,0,0,0,0,0,1
"F1990",0,0,0,0,0,0,0,0,0,0,0,0,0,0,0,0,0,0,0,0,0,0,0,0,0,0,0,0,0,0,0,0,0,0,0,0,0.0804436173041133,0,0,0,0.919556382695887,0,0,0,0,0,0,0,0,0,0,0,0,0,0,0,0,0,0,2
"F1991",0,0,0,0,0,0,0.0768198276938444,0,0,0,0,0,0,0,0,0,0,0,0,0,0,0,0,0,0,0,0,0,0,0,0,0,0,0,0,0,0,0,0,0,0,0,0,0,0,0,0,0,0,0,0.872705706080659,0,0,0,0,0,0,0,0.0504744662254963,3
"F1992",0,0,0,0,0,0,0,0,0,0,0,0,0,0,0,0,0,0,0,0,0,0,0,0,0.156282058726748,0.224203007955403,0,0,0,0,0,0,0,0,0,0,0.619514933317848,0,0,0,0,0,0,0,0,0,0,0,0,0,0,0,0,0,0,0,0,0,0,3
"F1994",0,0,0,0,0,0,0,0,0,0,0,0,0,0,0,0,0,0,0,0,0,0,0,0,1,0,0,0,0,0,0,0,0,0,0,0,0,0,0,0,0,0,0,0,0,0,0,0,0,0,0,0,0,0,0,0,0,0,0,1
"F1995",0,0,0,0,0,0,0,0,0,0,0,0,0,0,0,0,0,0,0,0,0,0,0,0,0,0,0,0,0,0,0,0,0,0,0,0,1,0,0,0,0,0,0,0,0,0,0,0,0,0,0,0,0,0,0,0,0,0,0,1
"F1996",0,0,0,0,0,0,0.318606236867373,0,0,0,0,0,0,0,0,0,0,0,0,0,0,0.111462087583318,0,0,0,0,0,0,0,0,0,0,0,0,0,0,0,0,0,0,0,0,0,0,0,0,0,0,0,0,0.569931675549309,0,0,0,0,0,0,0,0,3
"F1997",0,0.0269723533378287,0,0.0364261631827377,0,0,0,0,0,0,0,0,0,0,0,0.0225084288604181,0,0,0,0,0,0,0,0,0,0,0,0,0,0,0.113648010788941,0,0,0,0,0,0,0,0,0,0,0,0.0680782198246797,0,0,0,0,0,0,0,0.300391099123399,0.0481321645313554,0,0,0,0,0,0,0.383843560350641,8
"F1998",0,0,0,0,0,0,0.0628020329945009,0,0,0,0,0,0,0,0,0,0,0,0,0,0,0,0,0,0,0,0,0,0,0,0.937197967005499,0,0,0,0,0,0,0,0,0,0,0,0,0,0,0,0,0,0,0,0,0,0,0,0,0,0,0,0,2
"F1999",0,0,0,0,0,0,0,0,0,0,0,0,0,0,0,0,0,0,0,0,0,0,0,0,0.87135657858894,0,0,0,0,0,0,0,0,0,0,0,0.12864342141106,0,0,0,0,0,0,0,0,0,0,0,0,0,0,0,0,0,0,0,0,0,0,2
"F2001",0,0,0,0,0,0,0.205385773762069,0,0,0,0,0,0,0,0,0,0,0,0,0,0,0,0,0,0,0,0,0,0,0,0,0,0,0,0,0,0.0529542032066614,0,0,0,0.741660023031269,0,0,0,0,0,0,0,0,0,0,0,0,0,0,0,0,0,0,3
"F2002",0,0,0,0,0,0,0,0,0,0,0,0,0,0,0,0,0,0,0,0,0,0,0,0,0,0,0,0,0,0,0,0,0,0,0,0,0.554856245033591,0,0,0,0,0,0,0,0,0,0,0,0,0,0.445143754966409,0,0,0,0,0,0,0,0,2
"F2003",0,0,0,0,0,0,0.623572770631594,0,0,0,0,0,0,0,0.376427229368406,0,0,0,0,0,0,0,0,0,0,0,0,0,0,0,0,0,0,0,0,0,0,0,0,0,0,0,0,0,0,0,0,0,0,0,0,0,0,0,0,0,0,0,0,2
"F2004",0,0,0,0,0,0,0.0337420456309173,0,0,0,0,0,0,0,0,0,0,0,0,0,0,0,0,0,0,0.191401521030576,0,0.579776501629676,0,0,0,0,0,0,0,0,0,0,0,0,0,0,0,0,0,0,0,0,0,0,0,0,0,0,0,0,0,0,0.195079931708831,4
"F2005",0,0,0,0,0,0,0,0,0,0,0,0,0,0,0,0,0,0,0,0,0,0,0,0,0,0,0,0,0,0.556492812165855,0,0,0,0,0,0,0,0,0,0,0,0,0,0,0,0,0,0,0,0,0,0.443507187834145,0,0,0,0,0,0,0,2
"F2006",0,0,0,0,0,0,0,0,0,0,0,0,0,0,0,0,0,0,0,0,0,0,0,0,0,0,0,0,0,0,0,0,0,0,0,0,1,0,0,0,0,0,0,0,0,0,0,0,0,0,0,0,0,0,0,0,0,0,0,1
"F2007",0,0,0,0,0,0,0,0,0,0,0,0,0,0,0,0,0,0,0,0,0,0,0,0,0,0,0,0,0,0,0,0,0,0,0,0,1,0,0,0,0,0,0,0,0,0,0,0,0,0,0,0,0,0,0,0,0,0,0,1
"F2009",0,0,0,0,0,0,0.486224804154564,0,0,0,0,0,0,0,0,0,0,0,0,0,0,0,0,0,0,0,0,0,0,0,0,0,0,0,0,0,0,0,0,0,0,0,0,0,0,0,0,0,0,0,0.513775195845436,0,0,0,0,0,0,0,0,2
"F1727",0,0,0,0,0,0,0.0975423098788647,0,0,0,0,0,0,0,0,0,0,0,0,0,0,0,0,0,0,0,0,0,0,0,0,0,0,0,0,0,0.3432238597105,0,0,0,0,0,0,0,0,0,0,0,0,0,0,0.249704814798618,0,0,0,0,0,0,0.309529015612017,4
"F1730",0,0,0,0,0,0,0,0,0,0,0,0,0,0,0,0,0,0,0,0,0,1,0,0,0,0,0,0,0,0,0,0,0,0,0,0,0,0,0,0,0,0,0,0,0,0,0,0,0,0,0,0,0,0,0,0,0,0,0,1
"F1735",0,0,0,0,0,0,0,0,0,0,0,0,0,0,0,0,0,0,0,0,0,0,0,0,0.209807233704293,0,0,0,0,0,0,0,0,0,0,0,0,0,0,0,0,0,0,0,0,0,0,0,0,0,0,0,0,0,0,0,0,0,0.790192766295707,2
"F1638",0,0,0,0,0,0,0,0,0,0,0.27948120138712,0,0,0,0,0,0,0,0,0.0660122907727774,0,0,0.127368194196822,0,0.054694591929364,0,0,0,0.0803275797887972,0,0,0,0,0,0,0,0,0,0,0,0.125239186797542,0,0,0,0,0,0,0,0,0,0.266876955127577,0,0,0,0,0,0,0,0,7
"F1749",0,0,0,0,0,0,0,0,0,0,0,0,0,0,0,0,0,0,0,0,0,0.0741967896498177,0,0,0.0439700057298024,0,0,0,0,0,0,0,0,0,0,0,0,0,0,0,0.235004940916602,0,0,0,0,0,0,0,0,0,0,0,0.138802388248092,0,0,0,0,0.203623892445795,0.30440198300989,6
"F1750",0,0,0,0,0,0,0,0,0,0,0,0,0,0,0,0,0,0,0,0,0,0,0,0,0.408993395869263,0,0,0,0,0,0,0,0,0,0,0,0,0,0,0,0.320258276195684,0,0,0,0,0,0,0,0,0,0,0,0.270748327935052,0,0,0,0,0,0,3
"F1751",0,0,0,0,0,0,0,0,0,0,0,0,0,0,0,0.223730691972016,0,0,0,0,0,0.060123294313223,0,0,0.278693634411581,0,0,0,0,0,0.204439980605389,0,0,0,0,0,0,0,0,0,0.0508069543533975,0,0,0,0,0,0,0,0,0,0,0,0.182205444344393,0,0,0,0,0,0,6
"F1754",0,0,0,0,0,0,0.220086811716852,0,0,0,0,0,0,0,0,0,0,0,0,0,0,0,0,0,0.423138871447681,0,0,0,0,0,0,0,0,0,0,0,0,0,0,0,0,0,0,0,0,0,0,0,0,0,0,0,0,0,0,0,0,0,0.356774316835467,3
"F1755",0,0,0,0,0,0,0.20852513194058,0,0,0,0,0,0,0,0,0.088336958537778,0,0,0,0,0,0,0,0,0.395720572613688,0,0,0,0,0,0,0,0,0,0,0,0.168614160217175,0,0,0,0,0,0,0,0,0,0,0,0,0,0,0,0,0,0,0,0,0.138803176690778,0,5
"F1756",0,0,0,0,0,0,0,0,0,0,0,0,0,0,0,0,0,0,0,0,0,0,0,0,0.790750323415265,0,0,0,0,0,0,0,0,0,0,0,0,0,0,0,0,0,0,0,0,0,0,0,0,0,0,0,0,0.209249676584735,0,0,0,0,0,2
"F1757",0,0,0,0.0918876431480006,0,0,0.0772808157116189,0,0,0,0,0,0,0,0,0,0,0,0,0,0,0.226165653213393,0,0,0.252868418467047,0,0,0,0,0,0,0,0,0,0,0,0,0,0,0,0.0997478193469504,0,0,0.0699119005251034,0,0,0,0,0,0,0,0,0.0924989901856967,0,0,0,0,0,0.0896387594021899,8
"F1758",0,0,0,0,0,0,0.153094793153065,0,0,0,0,0,0,0,0,0,0,0,0,0,0,0,0,0,0.580831208841072,0,0,0,0,0,0,0,0,0,0,0,0,0,0,0,0.0617227194297007,0,0,0,0,0,0,0,0,0,0,0.108316267739759,0,0,0,0,0,0.049680281328549,0.0463547295078542,6
"F1759",0,0,0,0,0,0,0,0,0,0,0,0,0,0,0,0,0,0,0,0,0,0,0,0,0.807489213729152,0,0,0,0,0,0,0,0,0,0,0,0,0,0,0,0.192510786270848,0,0,0,0,0,0,0,0,0,0,0,0,0,0,0,0,0,0,2
"F1760",0,0,0,0,0,0,0,0,0,0,0,0,0,0,0,0,0,0,0,0,0,0.0329109787975603,0,0,0.0541497240778391,0,0,0,0,0,0,0,0,0,0,0,0,0,0,0,0.158873075805983,0,0,0,0,0,0,0,0,0,0,0.171834156259076,0.335372494917223,0,0,0,0,0,0.246859570142318,6
"F1761",0,0,0,0,0,0,0,0,0,0,0.0892427368059137,0,0,0,0,0,0,0,0,0.104714629534124,0,0,0,0,0.612149733539625,0,0,0,0,0,0,0,0,0,0,0,0,0,0,0,0,0,0,0,0,0,0,0,0,0,0,0,0.193892900120337,0,0,0,0,0,0,4
"F1762",0,0,0,0,0,0,0.0582082630275401,0,0,0,0.127260886297031,0,0,0,0,0,0,0,0,0.301708060744205,0,0,0,0,0.109006048765085,0,0,0.0500379897970259,0,0,0,0,0,0,0,0,0,0,0,0,0.257462281558667,0,0,0,0,0,0,0,0,0,0,0,0,0,0,0.0963164698104457,0,0,0,7
"F1764",0,0,0,0,0,0.0182321166664679,0.018935645040125,0,0,0,0,0,0,0,0,0.0564015119897929,0,0,0,0,0,0.0602530317303221,0,0,0.252495140884538,0,0,0.0148575653148588,0,0,0,0,0,0,0,0,0.0711040625782526,0,0,0,0.0708298057546236,0,0,0,0,0,0,0,0,0,0,0,0,0,0,0,0,0,0.436891120041019,9
"F1765",0,0,0,0,0,0,0.0519005150705837,0,0,0,0,0,0,0,0,0.128409958031286,0,0,0,0,0,0.0786078786722625,0,0,0.259741033956505,0,0,0,0,0,0,0,0,0,0,0.0996995421594811,0,0,0,0,0.142085558946967,0,0,0,0,0,0,0,0,0,0,0,0.239555513162915,0,0,0,0,0,0,7
"F1640",0,0,0,0,0,0,0,0,0,0,0,0,0,0,0,0,0,0,0,0,0,0,0,0,0.104961856365975,0,0,0.0931812682280722,0,0,0,0,0,0,0,0,0.526057387383945,0,0,0,0.135031011602287,0,0,0,0,0,0,0,0,0,0.0677351978502019,0,0,0,0,0,0,0,0.0730332785695182,6
"F1766",0,0,0,0,0,0,0.0885884774271881,0,0,0,0,0,0,0,0,0,0,0,0,0,0,0,0,0,0.0744480803115329,0,0,0,0,0,0,0,0,0.0797784917896857,0,0,0,0,0,0,0.302515658083717,0,0,0,0,0,0,0,0,0,0,0.0204924707937871,0.296504138472245,0,0,0,0,0.137672683121844,0,7
"F1767",0,0,0,0,0,0,0,0,0,0,0,0,0,0,0,0,0,0,0,0,0,0,0,0,0.21199830292745,0,0,0,0,0,0,0,0,0,0,0,0.140178192617734,0,0,0,0,0,0,0,0,0,0,0,0,0,0,0,0,0,0,0,0,0,0.647823504454815,3
"F1769",0,0,0,0,0,0,0,0,0,0,0,0,0,0,0,0,0,0,0,0,0,0.0481207324836789,0,0,0.341725855375666,0,0,0,0,0,0,0,0,0,0,0,0.349689805395014,0,0,0,0.157968318957447,0,0,0,0,0,0,0,0,0,0,0,0,0,0,0,0.102495287788194,0,0,5
"F1770",0,0,0,0,0,0,0,0,0,0,0,0,0,0,0,0,0,0,0,0,0,0,0,0,0.176794089569585,0,0,0,0,0,0,0,0,0,0,0,0,0,0,0,0,0,0,0,0,0,0,0,0,0,0,0.213028680529614,0.610177229900801,0,0,0,0,0,0,3
"F1771",0,0,0.240089617309866,0,0,0,0,0,0,0,0,0,0,0,0,0,0,0,0,0,0,0,0,0,0,0,0,0,0,0,0,0,0,0,0,0,0.270850153398999,0,0,0,0.265521556596157,0,0,0,0,0,0,0,0,0,0,0.223538672694978,0,0,0,0,0,0,0,4
"F1772",0,0,0,0,0,0,0,0,0,0,0,0,0,0,0,0,0,0,0,0,0,0,0,0,0.201470459005829,0,0,0,0,0,0,0,0,0,0,0,0,0.338264155364832,0,0,0,0,0,0,0,0,0,0,0,0,0,0,0,0,0,0,0,0,0.460265385629339,3
"F1774",0,0,0,0,0,0,0,0,0,0,0,0,0,0,0,0,0,0,0,0,0,0.0729790861367588,0,0,0.175784480866938,0,0,0,0,0,0,0,0,0,0,0,0,0,0,0,0,0,0,0,0,0,0,0,0,0,0,0.650068362506963,0.01197609844201,0,0,0,0,0,0.0891919720473305,5
"F1775",0,0,0,0,0,0,0,0,0,0,0,0,0,0,0,0,0,0,0,0,0,0,0,0,0.222332325023469,0,0,0.56039428392615,0,0,0,0,0,0,0,0,0,0,0,0,0,0,0,0,0,0,0,0,0,0,0,0,0,0,0,0,0,0.217273391050381,0,3
"F1641",0,0.133066701350502,0,0,0,0,0,0,0,0,0,0,0,0,0,0,0,0,0,0,0,0,0,0,0.0278446164184605,0,0,0,0,0,0,0,0,0,0,0,0,0,0,0,0.285296221629707,0,0,0,0,0.0963560295679695,0,0,0,0,0,0,0.052903687325226,0,0,0,0.0804123040905248,0,0.324120439617611,7
"F1776",0,0,0,0,0,0,0,0,0,0,0,0,0,0,0,0,0,0,0,0,0,0,0,0,0.259275521405049,0,0,0,0,0,0.150603732162459,0,0,0,0,0,0,0,0,0,0,0,0,0,0,0,0,0,0,0,0,0.590120746432492,0,0,0,0,0,0,0,3
"F1778",0,0,0,0,0,0,0.390871442417834,0,0,0,0,0,0,0,0,0,0,0,0,0,0,0,0,0,0.609128557582166,0,0,0,0,0,0,0,0,0,0,0,0,0,0,0,0,0,0,0,0,0,0,0,0,0,0,0,0,0,0,0,0,0,0,2
"F1779",0,0,0,0,0,0,0,0,0,0,0,0,0,0,0,0,0,0,0,0,0,0,0,0,1,0,0,0,0,0,0,0,0,0,0,0,0,0,0,0,0,0,0,0,0,0,0,0,0,0,0,0,0,0,0,0,0,0,0,1
"F1780",0,0,0,0,0,0,0.291025564269892,0,0,0,0,0,0,0,0,0,0,0,0,0,0,0,0,0,0.708974435730108,0,0,0,0,0,0,0,0,0,0,0,0,0,0,0,0,0,0,0,0,0,0,0,0,0,0,0,0,0,0,0,0,0,0,2
"F1781",0,0,0,0,0,0,0,0,0,0,0,0,0,0,0,0,0,0,0,0,0,0,0,0,0.216319888411019,0,0,0,0,0,0,0,0,0,0,0,0,0,0,0,0.0981053121004301,0,0,0,0,0,0,0,0,0,0,0.68557479948855,0,0,0,0,0,0,0,3
"F1642",0,0,0,0.255003582153255,0,0,0.116168467905431,0,0,0,0.183512949102937,0,0,0,0,0,0,0,0,0.271801594439279,0,0.0302272761916376,0,0,0.0253799368931299,0,0,0,0,0,0,0,0,0,0,0,0,0,0,0,0.11790619331433,0,0,0,0,0,0,0,0,0,0,0,0,0,0,0,0,0,0,7
"F1810",0,0,0,0,0,0,1,0,0,0,0,0,0,0,0,0,0,0,0,0,0,0,0,0,0,0,0,0,0,0,0,0,0,0,0,0,0,0,0,0,0,0,0,0,0,0,0,0,0,0,0,0,0,0,0,0,0,0,0,1
"F1811",0,0,0,0,0,0,0,0,0,0,0,0,0,0,0,0,0,0,0,0,0,0,0,0,1,0,0,0,0,0,0,0,0,0,0,0,0,0,0,0,0,0,0,0,0,0,0,0,0,0,0,0,0,0,0,0,0,0,0,1
"F1812",0,0,0,0,0,0,1,0,0,0,0,0,0,0,0,0,0,0,0,0,0,0,0,0,0,0,0,0,0,0,0,0,0,0,0,0,0,0,0,0,0,0,0,0,0,0,0,0,0,0,0,0,0,0,0,0,0,0,0,1
"F1813",0,0,0,0,0,0,0,0,0,0,0,0,0,0,0,0,0,0,0,0,0,0,0,0,0,0,0,0,0,0,0,0,0,0,0,0,1,0,0,0,0,0,0,0,0,0,0,0,0,0,0,0,0,0,0,0,0,0,0,1
"F1815",0,0,0,0,0,0,0,0,0,0,0,0,0,0,0,0,0,0,0,0,0,0,0,0,0,0,0,0,0,0,0,0,0,0,0,0,0,0,0,0,0,0,0,0,0,0,0,0,0,0,0,0,0,0,0,0,0,0,1,1
"F1816",0,0,0,0,0,0,0.092674131465827,0,0,0,0,0,0,0,0,0,0,0,0,0,0,0,0,0,0,0,0,0.907325868534173,0,0,0,0,0,0,0,0,0,0,0,0,0,0,0,0,0,0,0,0,0,0,0,0,0,0,0,0,0,0,0,2
"F1817",0,0,0,0,0,0,0.0201653428432485,0,0,0.0300210731074728,0,0,0,0,0,0,0,0,0,0.0543199870319339,0,0,0,0,0.446020424704166,0,0,0,0,0,0,0,0,0,0,0,0,0,0,0,0.144674987842438,0,0,0,0,0,0,0,0,0,0.196676933052359,0,0,0,0,0,0,0,0.108121251418382,7
"F1819",0,0,0,0,0,0,0.100628688981601,0,0,0,0,0,0,0,0,0,0,0,0,0,0,0,0,0,0,0,0,0,0,0,0.0964182031415223,0,0,0,0,0,0,0,0,0,0.171976236710053,0,0.338530751927403,0,0,0,0,0,0,0,0,0,0,0,0,0,0,0,0.292446119239421,5
"F1820",0,0,0,0,0,0,0,0,0,0,0,0,0,0,0,0,0,0,0,0,0,0,0,0,0,0,0,0,0,0,0,0,0,0,0,0,0,0,0,0,0,0,0,0,0,0,0,0,0,0,0,0,0,0,0,0,0,0,1,1
"F1821",0,0,0,0,0,0,0,0,0,0,0,0,0,0,0,0,0,0,0,0,0,0,0,0,0,0,0,0,0,0,0,0,0,0,0,0,0,0,0,0,1,0,0,0,0,0,0,0,0,0,0,0,0,0,0,0,0,0,0,1
"F1822",0,0,0,0,0,0,0.354028919539328,0,0,0,0,0,0,0,0,0,0,0,0,0,0,0,0,0,0,0,0,0,0,0,0,0,0,0,0,0,0,0,0,0,0,0,0,0,0,0,0,0,0,0,0.0213021640605074,0,0,0,0,0,0,0,0.624668916400165,3
"F1824",0,0,0,0,0,0,0,0,0,0,0,0,0,0,0,0,0,0,0,0,0,0,0,0,0,0,0,0,0,0,0,0,0,0,0,0,0,0,0,0,0,0,0,0,0,0,0,0,0,0,0,0,0,0,0,0,0,0,1,1
"F1628",0,0,0,0,0,0,0.0467399309997287,0,0,0,0,0,0,0,0,0,0,0,0,0,0,0.166889560801644,0,0,0,0,0,0,0,0,0,0,0,0,0,0,0,0,0,0,0,0,0,0,0,0.0982575493274412,0,0,0,0,0,0,0,0,0,0,0.176958561072993,0,0.511154397798194,5
"F1646",0,0,0,0,0,0,0.0475545005521136,0,0,0,0,0,0,0,0,0,0,0,0,0,0,0,0,0,0.125478553528568,0,0,0,0,0,0,0,0,0,0,0,0,0,0,0,0.0772099420115448,0,0,0,0,0,0,0,0,0,0,0,0.0127019181813974,0,0,0,0,0.136415030713384,0.600640055012993,6
"F1826",0,0,0,0,0,0,0,0,0,0,0,0,0,0,0,0,0,0,0,0,0,0,0,0,0,0,0,1,0,0,0,0,0,0,0,0,0,0,0,0,0,0,0,0,0,0,0,0,0,0,0,0,0,0,0,0,0,0,0,1
"F1827",0,0,0,0,0,0,0,0,0,0,0,0,0,0,0,0,0,0,0,0,0,0,0,0,0,0,0,1,0,0,0,0,0,0,0,0,0,0,0,0,0,0,0,0,0,0,0,0,0,0,0,0,0,0,0,0,0,0,0,1
"F1829",0,0,0,0,0,0,0.668434152148036,0,0,0,0,0,0,0,0,0,0,0,0,0,0,0,0,0,0,0,0,0.331565847851964,0,0,0,0,0,0,0,0,0,0,0,0,0,0,0,0,0,0,0,0,0,0,0,0,0,0,0,0,0,0,0,2
"F1830",0,0,0,0,0,0,0.213038243362338,0,0,0,0,0,0,0,0,0.378374688132269,0,0,0,0,0,0,0,0,0,0,0,0,0,0,0,0,0,0,0,0,0.15791368245969,0,0,0,0,0,0,0,0,0,0,0,0,0,0,0,0,0,0,0,0,0,0.250673386045703,4
"F1647",0,0,0,0.30035829234226,0,0,0,0,0,0,0,0,0,0,0,0,0,0,0,0,0,0,0,0,0,0,0,0,0,0,0,0,0,0,0,0,0,0,0,0,0,0,0,0,0,0,0,0,0,0,0,0,0,0,0,0,0,0,0.69964170765774,2
"F1848",0,0,0,0,0,0,0.384291306631021,0,0,0,0,0,0,0,0,0,0,0,0,0,0,0,0,0,0,0,0,0,0,0,0,0,0,0,0,0,0,0,0,0,0.273595264238316,0,0,0,0,0,0,0,0,0,0,0.342113429130663,0,0,0,0,0,0,0,3
"F1858",0,0,0,0,0,0,0.0223845543567609,0,0,0,0,0,0,0,0,0,0,0,0,0,0,0,0,0,0.048131589273286,0,0,0,0,0,0,0,0,0,0,0,0.929483856369953,0,0,0,0,0,0,0,0,0,0,0,0,0,0,0,0,0,0,0,0,0,0,3
"F1861",0,0,0,0,0,0,0.0585170085361192,0,0,0,0,0,0,0,0,0,0,0,0,0,0,0,0,0,0.175028666072111,0,0,0,0,0,0,0,0,0,0,0,0.121289336221175,0,0,0,0,0,0,0,0,0,0,0,0,0,0.645164989170595,0,0,0,0,0,0,0,0,4
"F1863",0,0,0,0,0.00881387474475949,0,0.397968414794903,0,0,0,0,0,0,0,0,0,0,0,0,0.0247012501400053,0,0,0,0,0.418732283939449,0,0,0,0,0,0,0,0,0,0,0,0.0873374861071622,0,0,0,0,0,0,0,0,0,0,0,0,0,0.0526333927817554,0,0,0,0,0,0.00981329749196585,0,0,7
"F1868",0,0,0,0,0,0,1,0,0,0,0,0,0,0,0,0,0,0,0,0,0,0,0,0,0,0,0,0,0,0,0,0,0,0,0,0,0,0,0,0,0,0,0,0,0,0,0,0,0,0,0,0,0,0,0,0,0,0,0,1
"F1871",0,0,0,0,0,0,0,0,0,0,0,0,0,0,0,0,0,0,0,0,0,0,0,0,0.254702869316894,0,0,0,0,0,0,0,0,0,0,0,0,0,0.542495807080368,0,0,0,0,0,0,0,0,0,0,0,0.202801323602738,0,0,0,0,0,0,0,0,3
"F1872",0,0,0,0,0,0,0.446475823911475,0,0,0,0,0,0,0,0,0,0,0,0,0,0,0,0,0,0,0,0,0.553524176088525,0,0,0,0,0,0,0,0,0,0,0,0,0,0,0,0,0,0,0,0,0,0,0,0,0,0,0,0,0,0,0,2
"F1873",0,0,0,0,0,0,0.0775488652697246,0,0,0,0,0,0,0,0,0,0,0,0,0,0,0,0,0,0.026664450332939,0,0,0,0,0,0,0,0,0,0,0,0,0,0,0,0,0,0,0,0,0,0,0,0,0,0.0272022371933393,0,0,0,0,0,0,0,0.868584447203997,4
"F1874",0,0,0,0,0,0,0.432974742750234,0,0,0,0,0,0,0,0,0,0,0,0,0,0,0,0,0,0.0684752104770814,0,0,0,0,0,0.498550046772685,0,0,0,0,0,0,0,0,0,0,0,0,0,0,0,0,0,0,0,0,0,0,0,0,0,0,0,0,3
"F1900",0,0,0,0,0,0,0,0,0,0,0,0,0,0,0,0,0,0,0,0,0,0,0,0,0,0,0,0,0,0,0,0,0,0,0,0,1,0,0,0,0,0,0,0,0,0,0,0,0,0,0,0,0,0,0,0,0,0,0,1
"F1901",0,0,0,0,0,0,0.355080966909176,0,0,0,0,0,0,0,0,0,0,0,0,0,0,0,0,0,0,0,0,0,0,0,0,0,0,0,0,0,0.644919033090824,0,0,0,0,0,0,0,0,0,0,0,0,0,0,0,0,0,0,0,0,0,0,2
"F1903",0,0,0,0,0,0,1,0,0,0,0,0,0,0,0,0,0,0,0,0,0,0,0,0,0,0,0,0,0,0,0,0,0,0,0,0,0,0,0,0,0,0,0,0,0,0,0,0,0,0,0,0,0,0,0,0,0,0,0,1
"F1904",0,0,0,0,0,0,0,0,0,0,0,0,0,0,0,0,0,0,0,0,0,0,0,0,0,0,0,0,0,0,0,0,0,0,0,0,0,0,0,0,0,0,0,0,0,0,0,0,0,0,0.512014314928425,0.487985685071575,0,0,0,0,0,0,0,2
"F1905",0,0,0,0,0,0,0,0,0,0,0,0,0,0,0,0,0,0,0,0,0,0,0,0,0,0,0,0,0,0,0,0,0,0,0,0,1,0,0,0,0,0,0,0,0,0,0,0,0,0,0,0,0,0,0,0,0,0,0,1
"F1654",0,0,0,0.0949411466336471,0,0,0.0468216198475332,0,0,0,0,0,0,0,0,0,0,0,0,0,0,0.126016320806791,0.136407035550715,0,0.157203383509123,0,0,0,0,0,0,0,0,0,0,0,0,0,0,0,0.108487117900673,0,0,0,0,0,0,0,0,0,0,0,0,0.172703674419299,0,0,0.047000641494234,0,0.110419059837985,9
"F1906",0,0,0,0,0,0,0,0,0,0,0,0,0,0,0,0,0,0,0,0,0,0,0,0,0,0,0,0,0,0,0,0,0,0,0,0,0,0,0,0,0,0,0,0,0,0,0,0,0,0,0,0,0,0,0,0,0,0,1,1
"F1908",0,0,0,0,0,0,0,0,0,0,0,0,0,0,0,0,0,0,0,0,0,0,0,0,1,0,0,0,0,0,0,0,0,0,0,0,0,0,0,0,0,0,0,0,0,0,0,0,0,0,0,0,0,0,0,0,0,0,0,1
"F1909",0,0,0,0,0,0,0,0,0,0,0,0,0,0,0,0,0,0,0,0,0,0,0,0,0,0,0,0,0,0,0,0.114743674203583,0,0,0,0,0,0,0,0,0.605449035591735,0,0,0,0,0,0,0,0,0,0,0,0.119555690495695,0,0,0,0,0,0.160251599708988,4
"F1910",0,0,0,0,0,0,1,0,0,0,0,0,0,0,0,0,0,0,0,0,0,0,0,0,0,0,0,0,0,0,0,0,0,0,0,0,0,0,0,0,0,0,0,0,0,0,0,0,0,0,0,0,0,0,0,0,0,0,0,1
"F1911",0,0,0,0,0,0,0,0,0,0,0,0,0,0,0,0,0,0,0,0,0,0,0,0,0,0,0,0,0,0,0,0,0,0,0,0,1,0,0,0,0,0,0,0,0,0,0,0,0,0,0,0,0,0,0,0,0,0,0,1
"F1914",0,1,0,0,0,0,0,0,0,0,0,0,0,0,0,0,0,0,0,0,0,0,0,0,0,0,0,0,0,0,0,0,0,0,0,0,0,0,0,0,0,0,0,0,0,0,0,0,0,0,0,0,0,0,0,0,0,0,0,1
"F1630",0,0,0,0,0,0,0.025010221482065,0,0,0,0,0,0,0,0,0,0,0,0,0,0,0.00554453075918188,0,0,0,0,0,0,0,0,0,0,0,0,0,0,0.0769802251717708,0,0,0,0.225760129239422,0,0,0,0,0,0,0,0,0,0,0,0,0,0,0,0,0,0.66670489334756,5
"F1631",0,0,0,0,0,0,0.339526710402999,0,0,0,0,0,0,0,0,0,0,0,0,0,0,0,0,0,0,0,0,0,0,0,0,0,0,0,0,0,0,0,0,0,0,0,0,0,0,0,0,0,0,0,0,0.660473289597001,0,0,0,0,0,0,0,2
"F1684",0,0,0,0,0,0,0.265111557389712,0,0,0,0,0,0,0,0,0,0,0,0,0,0,0,0,0,0,0,0,0,0,0,0,0,0,0,0,0,0.734888442610288,0,0,0,0,0,0,0,0,0,0,0,0,0,0,0,0,0,0,0,0,0,0,2
"F1632",0,0,0,0,0,0,0.0313577500595853,0,0,0,0,0,0,0,0,0,0,0,0,0,0,0,0,0,0,0,0,0,0,0,0,0,0,0,0,0,0,0,0,0,0,0,0,0,0,0.0255501708111544,0,0,0,0,0,0,0,0,0,0,0.162302375466751,0,0.780789703662509,4
"F1687",0,0,0,0,0,0,1,0,0,0,0,0,0,0,0,0,0,0,0,0,0,0,0,0,0,0,0,0,0,0,0,0,0,0,0,0,0,0,0,0,0,0,0,0,0,0,0,0,0,0,0,0,0,0,0,0,0,0,0,1
"F1689",0,0,0,0,0,0,0,0,0,0,0,0,0,0,0,0,0,0,0,0,0,0,0,0,0,0,0,1,0,0,0,0,0,0,0,0,0,0,0,0,0,0,0,0,0,0,0,0,0,0,0,0,0,0,0,0,0,0,0,1
"F1690",0,0,0,0,0,0,0,0,0,0,0,0,0,0,0,0,0,0,0,0,0,0,0,0,0,0,0,0,0,0,0,0,0,0,0,0,0,0,0,0,0,0,0,0,0,0,0,0,0,0,0,0,0,0,0,0,0,0,1,1
"F1691",0,0,0,0,0,0,0,0,0,0,0,0,0,0,0,0,0,0,0,0,0,0.278804020964,0,0,0,0,0,0,0,0,0,0,0,0,0,0,0,0,0,0,0.431623564452845,0,0,0,0,0,0,0,0,0,0,0,0,0,0,0,0,0,0.289572414583154,3
"F1692",0,0,0,0,0,0,1,0,0,0,0,0,0,0,0,0,0,0,0,0,0,0,0,0,0,0,0,0,0,0,0,0,0,0,0,0,0,0,0,0,0,0,0,0,0,0,0,0,0,0,0,0,0,0,0,0,0,0,0,1
"F1695",0,0,0,0,0,0,1,0,0,0,0,0,0,0,0,0,0,0,0,0,0,0,0,0,0,0,0,0,0,0,0,0,0,0,0,0,0,0,0,0,0,0,0,0,0,0,0,0,0,0,0,0,0,0,0,0,0,0,0,1
"F1696",0,0,0,0,0,0,0,0,0,0,0,0,0,0,0,0,0,0,0,0,0,0,0,0,1,0,0,0,0,0,0,0,0,0,0,0,0,0,0,0,0,0,0,0,0,0,0,0,0,0,0,0,0,0,0,0,0,0,0,1
"F1697",0,0,0,0,0,0,0,0,0,0,0,0,0,0,0,0,0,0,0,0,0,0,0,0,0,0,0,0,0,0,0,0,0,0,0,0,0,0,0,0,0,0,0,0,0,0,0,0,0,0,0,0,0,0,0,0,0,1,0,1
"F1699",0,0,0,0,0,0,0.731533831843881,0,0,0,0,0,0,0,0,0,0,0,0,0,0,0,0,0,0.268466168156119,0,0,0,0,0,0,0,0,0,0,0,0,0,0,0,0,0,0,0,0,0,0,0,0,0,0,0,0,0,0,0,0,0,0,2
"F1702",0,0,0,0,0,0,1,0,0,0,0,0,0,0,0,0,0,0,0,0,0,0,0,0,0,0,0,0,0,0,0,0,0,0,0,0,0,0,0,0,0,0,0,0,0,0,0,0,0,0,0,0,0,0,0,0,0,0,0,1
"F1703",0,0,0,0,0,0,0,0,0,0,0,0,0,0,0,0,0,0,0,0,0,0,0,0,0,0,0,0,0,0,0,0,0,0,0,0,0,0,0,0,0.794960334324975,0,0,0,0,0,0,0,0,0,0,0,0,0,0,0,0,0,0.205039665675025,2
"F1704",0,0,0,0,0,0,0,0,0,0,0,0,0,0,0,0,0,0,0,0,0,0,0,0,1,0,0,0,0,0,0,0,0,0,0,0,0,0,0,0,0,0,0,0,0,0,0,0,0,0,0,0,0,0,0,0,0,0,0,1
"F1705",0,0,0,0,0,0,0,0,0,0,0,0,0,0,0,0,0,0,0,0,0,0,0,0,0,0,0,0.819706103993971,0,0,0,0,0,0,0,0,0,0,0,0,0.119065561416729,0,0,0,0,0,0,0,0,0,0.031085154483798,0,0,0,0,0,0,0,0.0301431801055011,4
"F1708",0,0,0,0,0,0,0,0,0,0,0,0,0,0,0,0,0,0,0,0,0,0,0,0,0,0,0,0,0,0,0,0,0,0,0,0,0.496240944612401,0,0,0,0.132017568877988,0,0,0,0,0,0,0,0,0,0,0,0,0,0,0,0,0,0.371741486509612,3
"F1709",0,0,0,0,0,0,0,0,0,0,0,0,0,0,0,0,0,0,0,0,0,0,0,0,0,0,0,0,0,0,0,0,0,0,0,0,0,0,0,0,0.773023975898573,0,0,0,0,0,0,0,0,0,0,0,0,0,0,0,0,0,0.226976024101427,2
"F1710",0,0,0,0,0,0,0.307916683784561,0,0,0,0,0,0,0,0,0,0,0,0,0,0,0,0,0,0.266340741958013,0,0,0,0,0,0,0,0,0,0,0,0,0,0,0,0,0,0,0,0,0,0,0,0,0,0,0,0,0,0,0,0,0,0.425742574257426,3
"F1711",0,0,0,0,0,0,0,0,0,0,0,0,0,0,0,0,0,0,0,0,0,0,0,0,0,0,0,0,0,0,0,0,0,0,0,0,0,0,0,0,0,0,0,0,0,0,0,0,0,0,0,0,1,0,0,0,0,0,0,1
"F1713",0,0.315957625693627,0,0,0,0,0,0,0,0,0,0,0,0,0,0,0,0,0,0,0,0,0,0,0,0,0,0,0,0,0,0,0,0,0,0,0,0,0,0,0,0,0,0,0,0,0,0,0,0,0,0,0,0,0,0,0,0,0.684042374306373,2
"F1714",0,0,0,0,0,0,0.138603403669507,0,0,0,0,0,0,0,0,0.166801167786191,0,0,0,0,0,0.137475967814673,0,0,0.0216467684128077,0,0,0,0,0,0,0,0,0,0,0,0.239277491633239,0,0,0,0.296195200683582,0,0,0,0,0,0,0,0,0,0,0,0,0,0,0,0,0,0,6
"F1715",0,0,0,0,0,0,0,0,0,0,0,0,0,0,0,0,0,0,0,0,0,0,0,0,0,0,0,0,0,0,0,0,0,0,0,0,0,0,0,0,0,0,0,0,0,0,0,0,0,0,0.114708899717876,0,0,0,0.311618363682996,0,0,0,0.573672736599128,3
"F1716",0,0,0,0,0,0,0,0,0,0,0,0,0,0,0,0,0,0,0,0,0,0,0,0,0,0,0,0,0,0,0,0,0,0,0,0,0.746752790844625,0,0,0,0,0,0,0,0,0,0,0,0,0,0,0,0.253247209155375,0,0,0,0,0,0,2
"F1717",0,0,0,0,0,0,0,0,0,0,0,0,0,0,0,0,0,0,0,0,0,0,0,0,0,0,0,0,0,0,0,0,0,0,0,0,0,0,0,0,0.751679491877367,0,0,0,0,0,0,0,0,0,0,0,0,0,0,0,0,0,0.248320508122633,2
"F1719",0,0,0,0,0,0,0.942325920524973,0,0,0,0,0,0,0,0,0,0,0,0,0,0,0,0,0,0.0576740794750273,0,0,0,0,0,0,0,0,0,0,0,0,0,0,0,0,0,0,0,0,0,0,0,0,0,0,0,0,0,0,0,0,0,0,2
"F1720",0,0,0,0,0,0,0,0,0,0,0.160623064352079,0,0,0,0,0,0,0,0,0,0,0,0,0,0.0260676776796224,0,0,0,0,0,0,0,0,0,0,0,0.689039232940585,0,0,0,0,0,0,0,0,0,0,0,0,0,0,0,0.124270025027713,0,0,0,0,0,0,4
"F1721",0,0,0,0,0,0,0,0,0,0,0,0,0,0,0,0,0,0,0,0,0,0,0,0,1,0,0,0,0,0,0,0,0,0,0,0,0,0,0,0,0,0,0,0,0,0,0,0,0,0,0,0,0,0,0,0,0,0,0,1
"F1722",0,0,0,0,0,0,0.0566510606076765,0,0,0,0,0,0,0,0,0,0,0,0,0,0,0,0,0,0.107468512376422,0.427485149359583,0,0,0,0,0,0,0,0,0,0,0,0,0,0,0,0,0,0,0,0,0,0,0,0,0,0,0,0,0,0,0,0,0.408395277656318,4
"F1724",0,0,0,0,0,0,0,0,0,0,0,0,0,0,0,0,0,0,0,0,0,0,0,0,0,0,0,0,0,0,0,0,0,0,0,0,0,0,0,0,0,0,0,0,0,0,0,0,0,0,0,0,0,0,0,0,0,0,1,1
