"","Tritirachiomycetes","Cystobasidiomycetes","other","Malasseziomycetes","Pucciniomycetes","other","Leotiomycetes","Microbotryomycetes","Pneumocystidomycetes","Ustilaginomycetes","Eurotiomycetes","Mucoromycetes","Tremellomycetes","other","Lecanoromycetes","Saccharomycetes","Sordariomycetes","Pezizomycetes","Arthoniomycetes","Exobasidiomycetes","Agaricostilbomycetes","Agaricomycetes","Dothideomycetes","diversity"
"F0012",0,0,0,0,0,0,0,0,0,0,1,0,0,0,0,0,0,0,0,0,0,0,0,1
"F0013",0,0,0,0.378297635323308,0,0,0,0,0,0,0,0,0.240906712576164,0,0,0,0,0,0,0,0,0,0.380795652100528,3
"F0014",0,0,0,0,0,0,0,0,0,0,0.103059494173251,0,0.102897138940001,0,0,0,0,0,0,0,0,0,0.794043366886748,3
"F0015",0,0,0,0,0,0,0,0,0,0,0,0,1,0,0,0,0,0,0,0,0,0,0,1
"F0017",0,0,0,0,0,0,0,0,0,0,0,0,1,0,0,0,0,0,0,0,0,0,0,1
"F0019",0,0,0,0.307207974780608,0,0,0,0,0,0,0.0544943341569396,0,0,0,0,0,0.155900144841101,0,0,0.139959103689188,0,0,0.342438442532163,5
"F0020",0,0,0,0.339550232823575,0,0,0.185225007650508,0,0,0,0.231202494479228,0,0,0,0,0,0,0,0,0,0,0,0.244022265046689,4
"F0021",0,0,0,0.190083492700219,0,0,0,0.0128177620224824,0,0,0.33753439992537,0,0.160343299594197,0,0,0,0.00785484397593171,0,0,0,0,0,0.2913662017818,6
"F0023",0,0,0,0,0,0,0,0.294617563739377,0,0,0,0,0,0,0,0.705382436260623,0,0,0,0,0,0,0,2
"F0026",0,0,0,0,0,0,0,0,0,0,0,0,0,0,0,1,0,0,0,0,0,0,0,1
"F0027",0,0,0,0,0,0,0,0,0,0,0,0,0,0,0,1,0,0,0,0,0,0,0,1
"F0003",0,0,0,0.108277196939678,0,0,0,0.279353491632883,0,0,0,0,0,0,0,0.612369311427439,0,0,0,0,0,0,0,3
"F0030",0,0,0,0,0,0,0,0.302558326629123,0,0,0,0,0,0,0,0.697441673370877,0,0,0,0,0,0,0,2
"F0031",0,0,0,0,0,0,0,0,0,0,0,0,0,0,0,0,0,0,0,0,0,0,1,1
"F0034",0,0,0,0,0,0,0,0,0,0,0.340864030053219,0,0,0,0,0,0,0,0,0,0,0,0.659135969946781,2
"F0035",0,0,0,0.070082813907086,0,0,0.194621510426783,0,0,0,0,0,0,0,0,0,0,0.559585400738086,0,0,0,0.14176363604259,0.0339466388854555,5
"F0004",0,0,0,0,0,0,0,0,0,0,1,0,0,0,0,0,0,0,0,0,0,0,0,1
"F0039",0,0.0922242314647378,0,0.014854042882976,0,0,0,0,0,0,0,0,0,0,0,0.0250294210511209,0.179956370733948,0,0,0,0,0.0956184161428284,0.592317517724389,6
"F0041",0,0.0863964273445551,0,0,0,0,0,0,0,0.146837665559754,0,0,0.766765907095691,0,0,0,0,0,0,0,0,0,0,3
"F0042",0,0,0,0.0706182348043297,0,0,0,0.114696086594505,0,0,0,0,0,0,0,0,0,0,0,0,0,0.0821190674437968,0.732566611157369,4
"F0044",0,0,0,0,0,0,0,0,0,0,0.79668593360376,0,0,0,0,0,0.20331406639624,0,0,0,0,0,0,2
"F0045",0,0,0,0.563309564997257,0,0,0,0,0,0,0,0,0,0,0,0,0,0,0,0,0,0,0.436690435002743,2
"F0046",0,0,0,0.242167631981892,0,0,0,0,0,0,0,0,0.225244657479529,0,0,0,0,0,0,0,0,0,0.532587710538579,3
"F0005",0,0,0,0,0,0,0,0,0,0,1,0,0,0,0,0,0,0,0,0,0,0,0,1
"F0049",0,0,0,0,0,0,0,0,0,0,0,0,0,0,0,1,0,0,0,0,0,0,0,1
"F0050",0,0,0,0,0,0,0,0,0,0,0,0,0,0,0,0.939415821208073,0,0,0,0,0,0,0.0605841787919269,2
"F0006",0,0,0,0.13382105133369,0,0,0,0,0,0,0.866178948666311,0,0,0,0,0,0,0,0,0,0,0,0,2
"F0059",0,0,0,0,0,0,0,0,0,0,0,0,0,0,0,0,1,0,0,0,0,0,0,1
"F0061",0,0,0,1,0,0,0,0,0,0,0,0,0,0,0,0,0,0,0,0,0,0,0,1
"F0068",0,0,0,0,0,0,0,0,0,0,0,0,0,0,0,0,0.32378247905722,0,0,0,0,0,0.67621752094278,2
"F0071",0,0,0,0,0,0,0,0,0,0,0,0,0,0,0,1,0,0,0,0,0,0,0,1
"F0072",0,0,0,0,0,0,0,0,0,0,0,0,0,0,0,1,0,0,0,0,0,0,0,1
"F0074",0,0,0,0,0,0,0,0,0,0,0,0,0,0,0,1,0,0,0,0,0,0,0,1
"F0008",0,0,0,0,0,0,0,0,0,0,0,0,0,0,0,0.411277782859233,0.0366322143967804,0,0,0,0,0,0.552090002743986,3
"F0076",0,0,0,0,0,0,0,0,0,0,0,0,0,0,0,0,1,0,0,0,0,0,0,1
"F0078",0,0,0,0.0435013182217643,0,0,0,0,0,0,0,0,0,0,0,0.956498681778236,0,0,0,0,0,0,0,2
"F0109",0,0,0,0,0,0,0,0,0,0,0,0,0,0,0,0,0.232403977383506,0,0,0,0,0,0.767596022616494,2
"F0110",0,0,0,0,0,0,0,0,0,0,0.637994519609522,0,0,0,0,0,0,0,0,0,0,0,0.362005480390478,2
"F0114",0,0,0,0,0,0,0,0,0,0,1,0,0,0,0,0,0,0,0,0,0,0,0,1
"F0118",0,0,0,0.246174016085521,0,0,0,0,0,0,0.0322214658497844,0,0.312255754733631,0,0,0.1547538007715,0,0,0,0,0,0,0.254594962559564,5
"F0123",0,0,0,0,0,0,0,0.586508507069255,0,0,0.413491492930745,0,0,0,0,0,0,0,0,0,0,0,0,2
"F0125",0,0,0,0.55566370284632,0,0,0,0,0,0,0.173488714684064,0,0,0,0,0,0.0712895249118746,0,0,0,0,0,0.199558057557742,4
"F0127",0,0,0,0.0792420646692376,0,0,0,0.0598338771877781,0,0,0.0101972708395135,0,0,0,0,0.850726787303471,0,0,0,0,0,0,0,4
"F0129",0,0,0,0.136025192815778,0,0,0,0,0,0,0.863974807184222,0,0,0,0,0,0,0,0,0,0,0,0,2
"F0132",0,0,0,0.664073324096771,0,0,0,0.233542932253366,0,0,0.102383743649863,0,0,0,0,0,0,0,0,0,0,0,0,3
"F0134",0,0,0,0.725056241259804,0,0,0,0,0,0,0.0520763665106098,0,0,0,0,0,0,0,0,0,0,0,0.222867392229586,3
"F0136",0,0,0,0.354995589672682,0,0,0,0,0,0,0.0734975087610556,0,0,0,0,0.118852361313086,0.0295253534221756,0,0,0,0,0,0.423129186831001,5
"F0138",0,0,0,0,0,0,0,0,0,0,0.724987021733335,0,0,0,0,0.168254458209981,0,0,0,0,0,0,0.106758520056683,3
"F0140",0,0,0,0.399210164835165,0,0,0,0,0,0,0.0948660714285714,0,0,0,0,0.505923763736264,0,0,0,0,0,0,0,3
"F0142",0,0,0,0,0,0,0,0,0,0,0,0,0,0,0,0.122769296925392,0.877230703074608,0,0,0,0,0,0,2
"F0146",0,0,0,0.45100193189136,0,0,0,0,0,0.161331868631388,0.195310428425319,0,0,0,0,0,0.192355771051934,0,0,0,0,0,0,4
"F0148",0,0,0,0.630559540889527,0,0,0,0,0,0,0.369440459110473,0,0,0,0,0,0,0,0,0,0,0,0,2
"F0151",0,0,0,0,0,0,0,0,0,0,0,0,0.115642362803392,0,0,0.146347109854762,0,0,0,0,0,0.0361389999025246,0.701871527439322,4
"F0153",0,0,0,0,0,0,0,0,0,0,1,0,0,0,0,0,0,0,0,0,0,0,0,1
"F0155",0,0,0,0,0,0,0,0,0,0,0,0,0,0,0,1,0,0,0,0,0,0,0,1
"F0157",0,0,0,0.431670732340271,0,0,0,0,0,0,0.0545492292520891,0,0,0,0,0,0,0,0,0,0,0,0.51378003840764,3
"F0163",0,0,0,0,0,0,0,0,0,0,0,0,0,0,0,1,0,0,0,0,0,0,0,1
"F0166",0,0,0,0.112433283751859,0,0,0,0,0,0,0,0,0.887566716248141,0,0,0,0,0,0,0,0,0,0,2
"F0168",0,0,0,0,0,0,0,0,0,0,0.207577204711875,0,0.792422795288125,0,0,0,0,0,0,0,0,0,0,2
"F0169",0,0,0,1,0,0,0,0,0,0,0,0,0,0,0,0,0,0,0,0,0,0,0,1
"F0177",0,0,0,0.0996732026143791,0,0,0,0,0,0,0,0,0.685279909065075,0,0,0.0445439045183291,0,0,0,0,0,0,0.170502983802217,4
"F0179",0,0,0,0,0,0,0,0,0,0,0,0,0.708974193270432,0,0,0,0,0,0,0,0,0,0.291025806729568,2
"F0182",0,0,0,0,0,0,0,0,0,0.442338802865727,0,0,0,0,0,0.305407903859487,0,0,0,0,0,0.252253293274786,0,3
"F0184",0,0,0,0,0,0,0,0,0,0,0,0,1,0,0,0,0,0,0,0,0,0,0,1
"F0186",0,0,0,0,0,0,0,0,0,0,0,0,1,0,0,0,0,0,0,0,0,0,0,1
"F0291",0,0,0,1,0,0,0,0,0,0,0,0,0,0,0,0,0,0,0,0,0,0,0,1
"F0299",0,0,0,1,0,0,0,0,0,0,0,0,0,0,0,0,0,0,0,0,0,0,0,1
"F0300",0,0,0,0,0,0,0,0,0,0,0.344668760281143,0,0,0,0,0,0,0,0,0,0,0,0.655331239718858,2
"F0302",0,0,0,1,0,0,0,0,0,0,0,0,0,0,0,0,0,0,0,0,0,0,0,1
"F0313",0,0,0,0,0,0,0,0,0,0,0,0,0,0,0,1,0,0,0,0,0,0,0,1
"F0317",0,0,0,0,0,0,0,0,0,0,0,0,0,1,0,0,0,0,0,0,0,0,0,1
"F0318",0,0,0,0,0,0,0,0,0,0,0,0,0,0,0,1,0,0,0,0,0,0,0,1
"F0323",0,0,0,1,0,0,0,0,0,0,0,0,0,0,0,0,0,0,0,0,0,0,0,1
"F0332",0,0,0,0,0,0,0,0,0,0,0,0,0,0,0,1,0,0,0,0,0,0,0,1
"F0333",0,0,0,0,0,0,0,0,0,0,0,0,0,0,0,1,0,0,0,0,0,0,0,1
"F0334",0,0,0,0,0,0,0,0,0,0,0,0,0,0,0,0,0,0,0,0,0,0,1,1
"F0336",0,0,0,0,0,0,0,0,0,0,0,0,0,0,0,1,0,0,0,0,0,0,0,1
"F0339",0,0,0,0,0,0,0,0,0,0,0,0,0,0,0,0.98432110042448,0,0,0,0,0,0,0.0156788995755199,2
"F0340",0,0,0,0,0,0,0,0,0,0,0,0,0,0,0,1,0,0,0,0,0,0,0,1
"F0341",0,0,0,0,0,0,0,0,0,0,0,0,0,0,0,1,0,0,0,0,0,0,0,1
"F0344",0,0,0,0,0,0,0,0,0,0,0,0,0,0,0,0.976289595236033,0,0,0,0,0,0,0.0237104047639675,2
"F0345",0,0,0,0,0,0,0,0,0,0,0,0,0,0,0,1,0,0,0,0,0,0,0,1
"F0346",0,0,0,0,0,0,0,0,0,0,0,0,0,0,0,1,0,0,0,0,0,0,0,1
"F0351",0,0,0,0.0228399968650985,0,0,0,0,0,0,0,0,0,0,0,0.977160003134901,0,0,0,0,0,0,0,2
"F0353",0,0,0,0,0,0,0,0,0,0,0,0,0,0,0,1,0,0,0,0,0,0,0,1
"F0356",0,0,0,0,0,0,0,0.0164312162030172,0,0,0,0,0,0,0,0.983568783796983,0,0,0,0,0,0,0,2
"F0368",0,0,0,0.0828951042442293,0,0,0,0,0,0.102952810871184,0,0,0,0,0,0.526677680565897,0,0,0,0,0,0,0.287474404318689,4
"F0369",0,0,0,0.0278879120458159,0,0,0,0,0,0,0,0,0,0,0,0,0,0,0,0,0,0,0.972112087954184,2
"F0374",0,0,0,0,0,0,0,0,0,0,0,0,0,0,0,0,0,0,0,0,0,0,1,1
"F0376",0,0,0,0,0,0,0,0,0,0,0,0,0,0,0,1,0,0,0,0,0,0,0,1
"F0388",0,0,0,0,0,0,0,0,0,0,0.717707302880419,0,0,0,0,0,0.0975269130055281,0,0,0,0,0,0.184765784114053,3
"F0391",0,0,0,0,0,0,0,0,0,0,0.200615746819396,0,0,0,0,0,0,0,0,0,0,0,0.799384253180604,2
"F0396",0,0,0,0,0,0,0,0,0,0,0,0,0,0,0,0.192214700193424,0,0,0,0,0,0,0.807785299806576,2
"F0397",0,0,0,1,0,0,0,0,0,0,0,0,0,0,0,0,0,0,0,0,0,0,0,1
"F0398",0,0,0,0.0546051692131943,0,0,0,0,0,0,0.131086677138369,0,0,0,0,0.814308153648436,0,0,0,0,0,0,0,3
"F0405",0,0,0,0.862292187729881,0,0,0,0,0,0,0.137707812270119,0,0,0,0,0,0,0,0,0,0,0,0,2
"F0411",0,0,0,1,0,0,0,0,0,0,0,0,0,0,0,0,0,0,0,0,0,0,0,1
"F0414",0,0,0,1,0,0,0,0,0,0,0,0,0,0,0,0,0,0,0,0,0,0,0,1
"F0415",0,0,0,1,0,0,0,0,0,0,0,0,0,0,0,0,0,0,0,0,0,0,0,1
"F0416",0,0,0,1,0,0,0,0,0,0,0,0,0,0,0,0,0,0,0,0,0,0,0,1
"F0419",0,0,0,1,0,0,0,0,0,0,0,0,0,0,0,0,0,0,0,0,0,0,0,1
"F0420",0,0,0,1,0,0,0,0,0,0,0,0,0,0,0,0,0,0,0,0,0,0,0,1
"F0422",0,0,0,1,0,0,0,0,0,0,0,0,0,0,0,0,0,0,0,0,0,0,0,1
"F0424",0,0,0,1,0,0,0,0,0,0,0,0,0,0,0,0,0,0,0,0,0,0,0,1
"F0430",0,0,0,0.722223722223722,0,0,0,0,0,0,0,0,0,0,0,0,0,0,0,0,0,0,0.277776277776278,2
"F0432",0,0,0,0,0,0,0,0,0,0,0,0,0,0,0,1,0,0,0,0,0,0,0,1
"F0435",0,0,0,0,0,0,0,0,0,0,0,0,0,0,0,0,0.786766563660039,0,0,0,0,0,0.213233436339961,2
"F0439",0,0,0,0,0,0,0,0,0,0,0,0,0,0,0,0.685096887397009,0,0,0,0,0,0,0.314903112602991,2
"F0444",0,0,0,0,0,0,0,0,0,0,0,0,1,0,0,0,0,0,0,0,0,0,0,1
"F0212",0,0,0,1,0,0,0,0,0,0,0,0,0,0,0,0,0,0,0,0,0,0,0,1
"F0446",0,0,0,1,0,0,0,0,0,0,0,0,0,0,0,0,0,0,0,0,0,0,0,1
"F0458",0,0,0,0,0,0,0,1,0,0,0,0,0,0,0,0,0,0,0,0,0,0,0,1
"F0216",0,0,0,0.0385455806694029,0,0,0,0.380010405225736,0,0,0.0337707381929591,0,0,0,0,0.141106422336551,0.120781548066362,0,0,0.0598069252557951,0,0.147488294121047,0.0784900861321464,8
"F0219",0,0,0,1,0,0,0,0,0,0,0,0,0,0,0,0,0,0,0,0,0,0,0,1
"F0221",0,0.0977735983327403,0,0.0226960809230926,0,0,0,0.0444772022569003,0,0,0,0,0,0,0,0.0756112438367305,0,0,0,0.0531439028109592,0,0,0.706297971839577,6
"F0230",0,0,0,0.215199756641655,0,0,0,0.366923544919895,0,0,0,0.0913607787467045,0.0806327316974245,0,0,0,0,0,0,0.0238288379639018,0,0.0491888055161225,0.172865544514297,7
"F0232",0,0,0,0,0,0,0.116951198482497,0,0,0,0,0,0.362683221245042,0,0,0,0.239730988101397,0,0,0.280634592171064,0,0,0,4
"F0235",0,0,0,0.0374745845894973,0,0,0,0.322802005188249,0,0,0,0,0.165848699432097,0,0,0.0637138049498703,0,0,0,0,0,0,0.410160905840286,5
"F0236",0,0,0,0.103984400614312,0,0,0,0.135493779227278,0,0,0,0,0,0,0,0,0,0,0,0,0,0,0.76052182015841,3
"F0238",0,0,0,0.211014940382129,0,0,0,0,0,0,0,0,0,0,0,0,0,0,0,0.152402672029881,0,0.0850272949288895,0.551555092659101,4
"F0240",0,0,0,0.0766326077298978,0,0,0,0.137790611580038,0,0,0,0,0,0,0,0,0,0,0,0,0,0,0.785576780690064,3
"F0248",0,0,0,0.215874593903673,0,0,0,0.237391041914467,0,0,0.0507110014379804,0,0,0,0,0.137815334907419,0,0,0,0,0,0,0.358208027836461,5
"F0259",0,0,0,0.22677986706143,0,0,0,0,0,0,0,0,0,0,0,0,0.20529009235113,0,0,0,0,0,0.567930040587439,3
"F0267",0,0,0,0,0,0,0,0,0,0,0,0,0,0,0,0,0,0,0,0,0,0,1,1
"F0273",0,0,0,0,0,0,0,0,0,0,1,0,0,0,0,0,0,0,0,0,0,0,0,1
"F0278",0,0,0,0,0,0,0,0,0,0,0,0,0.591706395610327,0,0,0,0,0,0,0,0,0,0.408293604389673,2
"F0489",0,0,0,0.239185327928766,0,0,0,0.287161937670277,0,0,0.136000177198928,0,0.142822335924868,0,0,0,0,0,0,0.0291492236471969,0,0.165680997629964,0,6
"F0494",0,0,0,0.684034449629426,0,0,0,0,0,0,0.315965550370574,0,0,0,0,0,0,0,0,0,0,0,0,2
"F0496",0,0,0,0.0835355285961872,0,0,0,0,0,0,0,0,0,0,0,0,0,0,0,0,0,0,0.916464471403813,2
"F0497",0,0,0,0.0940907875318192,0,0,0,0.10502075058686,0,0,0.567545884054239,0,0,0,0,0,0,0,0,0,0,0.0712304751339626,0.162112102693119,5
"F0500",0,0,0,0.0957839988173156,0,0,0,0.0228069939656215,0,0,0.141760855833457,0,0,0,0,0.081121399868292,0,0,0,0,0,0.47488811536549,0.183638636149825,6
"F0501",0,0,0,0,0,0,0,0,0,0,0.239756897022671,0,0,0,0,0.760243102977329,0,0,0,0,0,0,0,2
"F0506",0,0,0,0.103779851336391,0,0,0,0,0,0,0,0,0,0,0,0,0,0,0,0,0,0.341973746639254,0.554246402024355,3
"F0507",0,0,0,0.43087764503787,0,0,0,0,0,0,0.204712266729133,0,0,0,0,0,0.364410088232998,0,0,0,0,0,0,3
"F0510",0,0,0,0,0,0,0,0,0,0,0.987406432106893,0,0,0,0,0,0,0,0,0,0,0.0125935678931071,0,2
"F0513",0,0,0,0,0,0,0,0,0,0,0.3366780529462,0,0,0,0,0,0,0,0,0,0,0,0.6633219470538,2
"F0478",0,0,0,0.636848657300373,0,0,0,0,0,0,0,0,0,0,0,0.363151342699627,0,0,0,0,0,0,0,2
"F0514",0,0,0,0.623936380726229,0,0,0.186937271198179,0.0327124765014346,0,0,0.12955130107846,0,0,0,0,0.0268625704956961,0,0,0,0,0,0,0,5
"F0515",0,0,0,0.109929609105886,0,0,0,0.336405843669585,0,0,0.553664547224529,0,0,0,0,0,0,0,0,0,0,0,0,3
"F0516",0,0,0,0.585328226407065,0,0,0,0,0,0,0.0875359080753272,0,0,0,0,0,0,0,0,0,0,0,0.327135865517608,3
"F0517",0,0,0,0.736096494778596,0,0,0,0.0959685906257589,0,0,0.167934914595645,0,0,0,0,0,0,0,0,0,0,0,0,3
"F0519",0,0,0,0,0,0,0,0,0,0,0,0,1,0,0,0,0,0,0,0,0,0,0,1
"F0522",0,0,0,0.0338097686375321,0,0,0,0,0,0,0.0334190231362468,0,0,0,0,0.932771208226221,0,0,0,0,0,0,0,3
"F0479",0,0,0,0,0,0,0,0,0,0,0.0126928402185185,0,0.251099254418742,0,0,0.374470648893214,0.361737256469525,0,0,0,0,0,0,4
"F0525",0,0,0,0.18791749247596,0,0,0,0,0,0,0.278964496317502,0,0,0,0,0.025765249944946,0,0,0,0,0,0,0.507352761261592,4
"F0538",0,0,0,1,0,0,0,0,0,0,0,0,0,0,0,0,0,0,0,0,0,0,0,1
"F0541",0,0,0,0,0,0,0,0,0,0,0,0,0,0,0,0.442302803392729,0,0,0,0,0,0,0.557697196607271,2
"F0545",0,0,0,0.184638604729163,0,0,0,0,0,0,0,0,0,0,0,0,0,0,0,0,0,0,0.815361395270837,2
"F0546",0,0,0,0.276059706415966,0,0,0,0,0,0,0,0,0,0,0,0,0,0,0,0,0,0.154750123701138,0.569190169882896,3
"F0482",0,0,0,0,0,0,0,0,0,0,0,0,0,0,0,1,0,0,0,0,0,0,0,1
"F0560",0,0,0,0,0,0,0,0,0,0,0,0,0,0,0,0,0,0,0,0,0,0,1,1
"F0563",0,0,0,0,0,0,0,0,0,0,0,0,0,0,0,0,0,0,0,0,0,0,1,1
"F0483",0,0,0,0,0,0,0,0,0,0,0.359373359005776,0,0.640626640994224,0,0,0,0,0,0,0,0,0,0,2
"F0566",0,0,0,0.159602192732828,0,0,0,0,0,0,0,0,0,0,0,0.167570320222868,0,0,0,0,0,0,0.672827487044304,3
"F0567",0,0,0,0.144385561443856,0,0,0,0,0,0,0,0,0,0,0,0,0,0,0,0,0,0,0.855614438556144,2
"F0568",0,0,0,0.473964739647396,0,0,0,0,0,0,0,0,0,0,0,0.526035260352604,0,0,0,0,0,0,0,2
"F0569",0,0,0,0,0,0,0,0,0,0,1,0,0,0,0,0,0,0,0,0,0,0,0,1
"F0580",0,0,0,0.163755579840338,0,0,0,0,0,0,0,0,0,0,0,0.836244420159662,0,0,0,0,0,0,0,2
"F0770",0,0,0,0.866221182759773,0,0,0,0,0,0,0,0,0,0,0,0.133778817240227,0,0,0,0,0,0,0,2
"F0581",0,0,0,0,0,0,0,0.704601823599736,0,0,0.036293560301911,0,0,0,0,0.0317256392412969,0,0,0,0,0,0,0.227378976857056,4
"F0777",0,0,0,0.273450626089713,0,0,0,0,0,0,0,0,0,0,0,0,0,0,0,0,0,0,0.726549373910287,2
"F0781",0,0,0,0,0,0,0,0,0,0,0,0,0,0,0,0,0,0,0,0,0,0,1,1
"F0582",0,0,0,0,0,0,0,0,0,0,0,0,0,0,0,0.244923331951927,0,0,0,0,0,0,0.755076668048073,2
"F0786",0,0,0,1,0,0,0,0,0,0,0,0,0,0,0,0,0,0,0,0,0,0,0,1
"F0790",0,0,0,0,0,0,0.0405328798185941,0,0,0,0.0110178479994148,0,0.948449272181991,0,0,0,0,0,0,0,0,0,0,3
"F0794",0,0,0.0089309674856965,0,0,0,0,0.711659635676639,0,0,0,0,0.0373125516589916,0,0,0,0,0,0,0,0,0,0.242096845178673,4
"F0800",0,0,0,0,0,0,0,0,0,0,0,0,0,0,0,1,0,0,0,0,0,0,0,1
"F0809",0,0,0,0.0117934671888087,0,0,0,0,0,0,0,0,0,0,0,0,0.0585146116757589,0,0,0,0,0,0.929691921135432,3
"F0811",0,0,0,0.0412138130807281,0,0,0,0,0,0,0,0,0,0,0,0.958786186919272,0,0,0,0,0,0,0,2
"F0812",0,0,0,0.551639527102387,0,0,0,0,0,0,0,0,0,0.448360472897613,0,0,0,0,0,0,0,0,0,2
"F0813",0,0,0,0,0,0,0,0,0,0,0,0,0.038464014419982,0,0,0.961535985580018,0,0,0,0,0,0,0,2
"F0817",0,0,0,0,0,0,0,0,0,0,0,0,0,0,0,1,0,0,0,0,0,0,0,1
"F0818",0,0,0,1,0,0,0,0,0,0,0,0,0,0,0,0,0,0,0,0,0,0,0,1
"F0586",0,0,0,0,0,0,0,0,0,0,0.530001750393839,0,0,0,0,0,0,0,0,0,0,0,0.469998249606161,2
"F0826",0,0,0.0296341599021461,0,0,0,0,0,0,0,0,0,0,0.0815356388302013,0,0,0.50233514956077,0,0,0,0,0.31252084954965,0.0739742021572334,5
"F0827",0,0,0,0,0,0,0,0,0,0,0,0,0.0723955379088675,0,0,0,0,0,0,0,0,0,0.927604462091133,2
"F0829",0,0,0,0,0,0,0,0,0,0.66327474560592,0,0,0.0671542553191489,0.066518270120259,0,0.203052728954672,0,0,0,0,0,0,0,4
"F0830",0,0,0,1,0,0,0,0,0,0,0,0,0,0,0,0,0,0,0,0,0,0,0,1
"F0832",0,0,0,0,0,0,0,0,0,0,1,0,0,0,0,0,0,0,0,0,0,0,0,1
"F0833",0,0,0,0,0,0,0,1,0,0,0,0,0,0,0,0,0,0,0,0,0,0,0,1
"F0836",0,0,0,0,0,0,0,0,0,0,0,0,0,0,0,0,0,0,0,0,0,0.317371408566928,0.682628591433072,2
"F0837",0,0,0,0,0,0,0,0,0,0,1,0,0,0,0,0,0,0,0,0,0,0,0,1
"F0839",0,0,0,0.27851202005241,0,0,0,0,0,0,0,0,0,0,0,0,0,0,0,0,0,0,0.72148797994759,2
"F0840",0,0,0,0,0,0,0,0,0,0,1,0,0,0,0,0,0,0,0,0,0,0,0,1
"F0841",0,0,0,0.0491572693100521,0,0,0,0.950842730689948,0,0,0,0,0,0,0,0,0,0,0,0,0,0,0,2
"F0845",0,0,0,0,0,0,0,0,0,0,1,0,0,0,0,0,0,0,0,0,0,0,0,1
"F0848",0,0,0,0,0,0,0,0,0,0,0,0,0,0,0,1,0,0,0,0,0,0,0,1
"F0850",0,0,0,0,0,0,0,0.803486399771116,0,0,0.0211309341344287,0,0,0,0,0,0,0,0,0,0,0,0.175382666094456,3
"F0851",0,0,0,0.194714999576522,0,0,0,0,0,0,0,0,0.805285000423478,0,0,0,0,0,0,0,0,0,0,2
"F0854",0,0,0,0.277499496576722,0,0,0,0,0,0,0,0,0,0,0,0.722500503423278,0,0,0,0,0,0,0,2
"F0856",0,0,0,0,0,0,0,0,0,0,1,0,0,0,0,0,0,0,0,0,0,0,0,1
"F0858",0,0,0,1,0,0,0,0,0,0,0,0,0,0,0,0,0,0,0,0,0,0,0,1
"F0670",0,0,0,0,0,0,0,0,0,0,0,0,0,0,0,0,0,0,0,0,0,0,1,1
"F0671",0,0,0,1,0,0,0,0,0,0,0,0,0,0,0,0,0,0,0,0,0,0,0,1
"F0672",0,0,0,1,0,0,0,0,0,0,0,0,0,0,0,0,0,0,0,0,0,0,0,1
"F0673",0,0,0,1,0,0,0,0,0,0,0,0,0,0,0,0,0,0,0,0,0,0,0,1
"F0674",0,0,0,0,0,0,0,0,0,0,0,0,0,0,0,0,0,0,0,0,0,0,1,1
"F0675",0,0,0,1,0,0,0,0,0,0,0,0,0,0,0,0,0,0,0,0,0,0,0,1
"F0676",0,0,0,0,0,0,0,0,0,0,0,0,0,0,0,0,0,0,0,0,0,1,0,1
"F0681",0,0,0,0,0,0,0,0,0,0,0,0,0,0,0,0,0,0,0,0,0,0,1,1
"F0683",0,0,0,0,0,0,0,0,0,0,0,0,0,0,0,0,0,0,0,0,0,0,1,1
"F0689",0,0,0,0,0,0,0,0,0,0,0,0,0,0,0,1,0,0,0,0,0,0,0,1
"F0698",0,0,0,0,0,0,0,0,0,0,0,0,0,0,0,1,0,0,0,0,0,0,0,1
"F0699",0,0,0,1,0,0,0,0,0,0,0,0,0,0,0,0,0,0,0,0,0,0,0,1
"F0701",0,0,0,0,0,0,0,0,0,0,0,0,1,0,0,0,0,0,0,0,0,0,0,1
"F0716",0,0,0,0,0,0,0,0,0,0,0.0346386474826084,0,0,0,0,0.0539396816877567,0.223334640711764,0,0,0,0,0.157484053423611,0.530602976694259,5
"F0726",0,0,0,0,0,0,0,0,0,0,1,0,0,0,0,0,0,0,0,0,0,0,0,1
"F0729",0,0,0,0,0,0,0,0,0,0,0,0,0,0,0,1,0,0,0,0,0,0,0,1
"F0733",0,0,0,0,0,0,0,0,0,0,0,0,0,0,0,0.694748969629304,0.305251030370696,0,0,0,0,0,0,2
"F0735",0,0,0,0,0,0,0,0,0,0,0,0,0,0,0,1,0,0,0,0,0,0,0,1
"F0737",0,0,0,0,0,0,0,0,0,0,0,0,0,0,0,1,0,0,0,0,0,0,0,1
"F0740",0,0,0,1,0,0,0,0,0,0,0,0,0,0,0,0,0,0,0,0,0,0,0,1
"F0741",0,0,0,0,0,0,0,0,0,0,0,0,0,0,0,1,0,0,0,0,0,0,0,1
"F0755",0,0,0,0.128478159490129,0,0,0,0,0,0,0,0,0.871521840509871,0,0,0,0,0,0,0,0,0,0,2
"F0602",0,0,0,0,0,0,0,0,0,0,0,0,0,0,0,0,0,0,0,0,0,0.803576952822893,0.196423047177108,2
"F0605",0,0.358634323133314,0,0,0,0,0,0.239487665252667,0,0,0,0,0,0,0,0,0,0,0,0,0,0,0.401878011614019,3
"F0607",0,0.128802138529919,0,0,0,0,0,0,0,0,0,0,0,0,0,0,0,0,0,0.125274829566125,0,0,0.745923031903956,3
"F0608",0,0,0,0,0,0,0,0,0,0,0,0,0,0,0,0,0,0,0,0,0.310687880545086,0.266073499565091,0.423238619889823,3
"F0609",0,0,0,0.0188121588678187,0,0,0,0,0,0,0,0,0,0,0,0.155416046426337,0,0,0,0,0,0.144122279032641,0.681649515673203,4
"F0574",0,0,0,0.013892893653831,0,0,0,0,0,0,0.0508270203675064,0,0,0,0,0.935280085978663,0,0,0,0,0,0,0,3
"F0612",0,0,0,0,0,0,0,0,0,0,0.169404155471533,0,0,0,0,0.100020667939163,0.202302651575019,0,0,0,0,0.265777540028935,0.26249498498535,5
"F0613",0,0.0845378617437668,0,0,0,0,0,0,0,0.0332080007396678,0.311608161001017,0,0,0,0,0,0.0366983080099855,0,0,0,0,0,0.533947668505563,5
"F0616",0,0,0,0,0,0,0,0,0,0,0,0,0,0,0,0,0.100826416999566,0,0,0,0,0.0593992754457603,0.839774307554674,3
"F0575",0,0,0,0,0,0,0,0.0137077135899576,0,0,0.986292286410042,0,0,0,0,0,0,0,0,0,0,0,0,2
"F0623",0,0,0,0,0,0,0,0,0,0.277741319651593,0,0,0,0,0,0,0,0,0,0,0,0,0.722258680348407,2
"F0624",0,0,0,0,0,0,0,0,0,0,0.546061269146608,0,0,0.453938730853392,0,0,0,0,0,0,0,0,0,2
"F0625",0,0,0,1,0,0,0,0,0,0,0,0,0,0,0,0,0,0,0,0,0,0,0,1
"F0629",0,0,0,0,0,0,0,0,0,0,0,0,0,0,0,1,0,0,0,0,0,0,0,1
"F0576",0,0,0,0.0818809426119842,0,0,0,0,0,0,0.10548192018838,0,0,0,0,0.436386178354175,0,0,0,0,0,0,0.376250958845461,4
"F0630",0,0,0,0,0,0,0,0,0,0,0.240769613534583,0,0,0.439840769613535,0,0,0,0,0,0.319389616851883,0,0,0,3
"F0634",0,0,0,0.0518124970614509,0,0,0.106069866942498,0,0,0,0,0,0,0,0,0.461845878978795,0,0,0,0.108514739762095,0,0.0679862710987823,0.203770746156378,6
"F0637",0,0,0,0.438958781658666,0,0,0,0,0,0,0.0974590299619268,0,0,0,0,0.134787286873034,0,0,0,0,0,0.165701042873696,0.163093858632677,5
"F0641",0,0,0,0,0,0,0,0,0,0,0,0,0,0,0,0.908185527285091,0.091814472714909,0,0,0,0,0,0,2
"F0643",0,0,0,0,0,0,0,0.43692788568877,0,0,0.358562179057825,0,0,0,0,0,0,0,0,0,0,0,0.204509935253405,3
"F0644",0,0,0.150365886271364,0.0834123453188438,0,0,0,0,0,0,0.423990469938978,0,0,0,0,0,0.101475700775533,0,0,0,0,0.0886879148129239,0.152067682882357,6
"F0646",0,0,0,0.0816699370728737,0,0,0,0,0,0,0.0727496222116968,0,0,0,0,0.236952206960327,0,0,0,0,0,0,0.608628233755103,4
"F0648",0,0,0,0.290745393634841,0,0,0,0,0,0,0,0,0,0,0,0,0.709254606365159,0,0,0,0,0,0,2
"F0651",0,0,0,0,0,0,0,0,0,0,1,0,0,0,0,0,0,0,0,0,0,0,0,1
"F0653",0,0,0,1,0,0,0,0,0,0,0,0,0,0,0,0,0,0,0,0,0,0,0,1
"F0656",0,0,0,0.224356286169588,0,0,0,0,0,0,0,0,0,0,0,0,0,0,0,0,0,0.775643713830412,0,2
"F0658",0,0,0,0.47710364859658,0,0,0,0,0,0,0.52289635140342,0,0,0,0,0,0,0,0,0,0,0,0,2
"F0660",0,0,0,0.227451823196504,0,0,0,0,0,0,0,0,0,0,0,0,0,0,0,0,0,0,0.772548176803496,2
"F0661",0,0,0,0.81493834647261,0,0,0,0,0,0,0,0,0,0,0,0,0.18506165352739,0,0,0,0,0,0,2
"F0666",0,0,0,0.105361120434504,0,0,0,0,0,0,0.13569096512373,0,0.399170048515546,0,0,0,0.245690049736063,0,0,0,0,0.114087816190157,0,5
"F0868",0,0,0,0.183108875547623,0,0,0,0,0,0,0.114230082751907,0,0,0,0,0,0.185786143112121,0,0,0.51687489858835,0,0,0,4
"F0871",0,0,0,0.325092795279338,0,0,0,0,0,0,0.148186923003712,0,0.0553678500047587,0,0,0,0.0437327495955078,0,0,0,0,0.141786428095555,0.285833254021129,6
"F0875",0,0,0,0.254292533347751,0,0,0,0.0615591377086407,0,0,0.314237385011084,0,0.100170697232542,0,0,0.0657300203137431,0.0903613992538754,0,0,0,0,0,0.113648827132364,7
"F0877",0,0,0,0.288930673243633,0,0,0,0,0,0,0.255671412175527,0,0,0,0,0.275475568362189,0,0,0,0,0,0.179922346218652,0,4
"F0860",0,0,0,0.11707145888421,0,0,0,0.0424297326412692,0,0,0.104013645415075,0,0.014477850683903,0,0,0.0205497339470506,0,0,0,0,0,0,0.701457578428492,6
"F0878",0,0,0,0.0881576821584361,0,0,0,0,0,0,0.0365842712765003,0,0,0,0.0301936919956199,0.302170283806344,0.0377869926580143,0,0,0,0,0.139031001489938,0.366076076615147,7
"F0880",0,0,0,0.164817900499881,0,0,0,0.0557248274220424,0,0,0.270316591287789,0,0,0.0468221851940014,0,0,0.0459890502261366,0,0,0,0,0.0460604617948108,0.370268983575339,7
"F0883",0,0,0,0.587753641910289,0,0,0,0,0,0,0.102430590059026,0,0,0,0,0.138621141959974,0,0,0,0,0,0,0.171194626070712,4
"F0885",0,0,0,0.093093384035944,0,0,0,0,0,0,0.0830537827134778,0,0.202451164424206,0,0,0.211679362503482,0.0501616751238298,0,0,0,0,0.25373911569157,0.10582151550749,7
"F0887",0,0,0,0.462202959198924,0,0,0,0,0,0,0,0,0,0,0,0.302077417426394,0,0,0,0,0,0,0.235719623374682,3
"F0901",0,0,0,0,0,0,0,0,0,0,0,0,0,0,0,0,0,0,0,0,0,0,1,1
"F0902",0,0,0,1,0,0,0,0,0,0,0,0,0,0,0,0,0,0,0,0,0,0,0,1
"F0903",0,0,0,1,0,0,0,0,0,0,0,0,0,0,0,0,0,0,0,0,0,0,0,1
"F0904",0,0,0,0,0,0,0,0,0,0,0,0,0,0,0,0,0,0,0,0,0,0,1,1
"F0907",0,0,0,1,0,0,0,0,0,0,0,0,0,0,0,0,0,0,0,0,0,0,0,1
"F0863",0,0,0,0.0141778427954484,0,0,0,0.00932487714288217,0,0,0.0135734120553273,0,0,0,0,0.876591010625717,0.0497735574690996,0,0,0,0,0,0.0365592999115254,6
"F0909",0,0,0,0,0,0.507669014548088,0,0,0,0,0,0,0,0,0,0,0,0,0,0,0,0,0.492330985451912,2
"F0922",0,0,0,0.170950113624067,0,0,0,0,0,0,0,0,0,0,0,0,0,0,0,0,0,0,0.829049886375933,2
"F0923",0,0,0,1,0,0,0,0,0,0,0,0,0,0,0,0,0,0,0,0,0,0,0,1
"F0928",0,0,0,0.570973866428412,0,0,0,0,0,0,0,0,0,0,0,0,0,0,0,0,0,0,0.429026133571588,2
"F0930",0,0,0,0,0,0,0,0,0,0,0,0,0,0,0,0,0,0,0,0,0,0,1,1
"F0931",0,0,0,0,0,0,0,0,0,0,0,0,0,0,0,0,0,0,0,0,0,0,1,1
"F0866",0,0,0,0.23589555083592,0,0,0,0.0201900560910527,0,0.0321570549474487,0.319977672493601,0,0,0,0,0.0650492838860753,0,0,0,0,0,0.147470456897021,0.179259924848881,7
"F0944",0,0,0,0.396720331383183,0,0,0,0,0,0,0,0,0,0,0,0,0,0,0,0,0,0.409702352991416,0.1935773156254,3
"F0945",0,0,0,0,0,0,0,0,0,0,0,0,0,0,0,0,0.447882820155758,0,0,0,0,0,0.552117179844242,2
"F0946",0,0,0,0.0398180458624128,0,0,0,0,0,0,0,0,0,0,0,0,0,0,0,0,0,0.297217721834497,0.662964232303091,3
"F0947",0,0,0,1,0,0,0,0,0,0,0,0,0,0,0,0,0,0,0,0,0,0,0,1
"F0948",0,0,0,0,0,0,0,0,0,0,0,0,0,0,0,0,0,0,0,0,0,0,1,1
"F0950",0,0,0,0,0,0,0,0,0,0,0,0,0,0,0,0,0,0,0,0,0,0,1,1
"F0951",0,0,0,0.629527423249396,0,0,0,0,0,0,0,0,0,0,0,0,0.370472576750604,0,0,0,0,0,0,2
"F0952",0,0,0,0.458837772397094,0,0,0,0,0,0,0,0,0,0,0,0,0,0,0,0,0,0,0.541162227602906,2
"F0953",0,0,0,0,0,0,0,0,0,0,0.232394088669951,0,0,0,0,0,0,0,0,0,0,0,0.767605911330049,2
"F1150",0,0,0,0.329628025600308,0,0,0,0,0,0,0,0,0,0,0,0,0,0,0,0,0,0.670371974399692,0,2
"F1151",0,0,0,1,0,0,0,0,0,0,0,0,0,0,0,0,0,0,0,0,0,0,0,1
"F1152",0,0,0,0.212729819773392,0,0,0,0,0,0,0,0,0,0,0,0,0,0,0,0.342982195091855,0,0,0.444287985134753,3
"F1153",0,0,0,0,0,0,0,0,0,0,0,0,0,0,0,0,0,0,0,0,0,0,1,1
"F1156",0,0,0,0,0,0,0,0,0,0,0,0,0,0,0,0,0,0,0,0,0,0,1,1
"F1157",0,0,0,0,0,0,0,0,0,0,0,0,0,0,0,1,0,0,0,0,0,0,0,1
"F1158",0,0,0,0,0,0,0,0,0,0,0.0913934426229508,0,0.908606557377049,0,0,0,0,0,0,0,0,0,0,2
"F1159",0,0,0,1,0,0,0,0,0,0,0,0,0,0,0,0,0,0,0,0,0,0,0,1
"F1162",0,0,0,1,0,0,0,0,0,0,0,0,0,0,0,0,0,0,0,0,0,0,0,1
"F1164",0,0,0,0,0,0,0,0,0,0,0,0,0,0,0,1,0,0,0,0,0,0,0,1
"F1165",0,0,0,0.318510525518704,0,0,0,0,0,0,0,0,0.240222247463274,0,0,0.441267227018022,0,0,0,0,0,0,0,3
"F1166",0,0,0,1,0,0,0,0,0,0,0,0,0,0,0,0,0,0,0,0,0,0,0,1
"F1167",0,0,0,0,0,0,0,0,0,0,0,0,0,0,0,0,1,0,0,0,0,0,0,1
"F1168",0,0,0,0,0,0,0,0,0,0,0,0,0,0,0,1,0,0,0,0,0,0,0,1
"F1169",0,0,0,1,0,0,0,0,0,0,0,0,0,0,0,0,0,0,0,0,0,0,0,1
"F1170",0,0,0,0.740217292618709,0,0,0,0,0,0,0,0,0,0,0,0.259782707381291,0,0,0,0,0,0,0,2
"F1173",0,0,0,1,0,0,0,0,0,0,0,0,0,0,0,0,0,0,0,0,0,0,0,1
"F1182",0,0,0,0,0,0,0,0,0,0,0,0,0,0,0,0,0,0,0,0,0,0,1,1
"F1186",0,0,0,0,0,0,0,0,0,0,0,0,0.941043582155143,0,0,0,0,0,0,0,0,0,0.0589564178448566,2
"F1193",0,0,0,0,0,0,0,1,0,0,0,0,0,0,0,0,0,0,0,0,0,0,0,1
"F1218",0,0,0,0.0228643053184362,0,0,0,0,0,0,0.0412983813454931,0,0.0152068520879707,0,0,0.348857144915321,0.147069205224069,0,0,0,0,0,0.42470411110871,6
"F1219",0,0,0,0,0,0,0,0.951765482816882,0,0,0,0,0,0,0,0,0,0,0,0,0,0,0.0482345171831179,2
"F1222",0,0,0,1,0,0,0,0,0,0,0,0,0,0,0,0,0,0,0,0,0,0,0,1
"F1223",0,0,0,0,0,0,0,0,0,0,0,0,0,0,0,0.962112386975093,0,0,0,0,0,0,0.0378876130249071,2
"F1224",0,0,0,1,0,0,0,0,0,0,0,0,0,0,0,0,0,0,0,0,0,0,0,1
"F1229",0,0,0,1,0,0,0,0,0,0,0,0,0,0,0,0,0,0,0,0,0,0,0,1
"F1230",0,0,0,1,0,0,0,0,0,0,0,0,0,0,0,0,0,0,0,0,0,0,0,1
"F1232",0,0,0,0,0,0,0,0,0,0,0,0,0,0,0,1,0,0,0,0,0,0,0,1
"F1235",0,0,0,0,0,0,0,0,0,0,0.801178787117918,0,0,0,0,0,0.198821212882082,0,0,0,0,0,0,2
"F1238",0,0,0,1,0,0,0,0,0,0,0,0,0,0,0,0,0,0,0,0,0,0,0,1
"F1239",0,0,0,0,0,0,0,0,0,0,0.162127426547011,0,0,0,0,0,0,0,0,0,0,0,0.837872573452989,2
"F1051",0,0,0,0.0677102477977058,0,0,0,0,0,0,0,0,0,0.932289752202294,0,0,0,0,0,0,0,0,0,2
"F1052",0,0,0,0.371325639227189,0,0,0,0,0,0,0,0,0,0,0,0,0,0,0,0,0,0,0.628674360772811,2
"F1053",0,0,0,0,0,0,0,0,0,0,0,0,0,0,0,0,0,0,0,0,0,1,0,1
"F1054",0,0,0,0,0,0,0,0,0,0,1,0,0,0,0,0,0,0,0,0,0,0,0,1
"F1058",0,0,0,0,0,0,0,0,0,0,0,0,0,0,0,0,0,0,0,0,0,0.261653372266933,0.738346627733067,2
"F1061",0,0,0,0,0,0,0,0,0,0,0,0,0,0,0,1,0,0,0,0,0,0,0,1
"F1063",0,0,0,0.862289507772021,0,0,0,0,0,0,0,0,0,0,0,0.137710492227979,0,0,0,0,0,0,0,2
"F1064",0,0,0,0.383599848427435,0,0,0,0,0,0,0,0,0,0,0,0,0,0,0,0,0,0,0.616400151572565,2
"F1065",0,0,0,0.609683572710952,0,0,0,0,0,0,0,0,0,0,0,0,0.390316427289048,0,0,0,0,0,0,2
"F1066",0,0,0,0,0,0,0,0,0,0,0,0,0,0,0,0,0,0,0,0,0,0,1,1
"F1070",0,0,0,0,0,0,0,0,0,0,0,0,0,0,0,1,0,0,0,0,0,0,0,1
"F1074",0,0,0,0,0,0,0,0,0,0,0,0,0,0,0,1,0,0,0,0,0,0,0,1
"F1076",0,0,0,0.886308536429756,0,0,0,0,0,0,0,0,0,0,0,0,0,0,0,0,0,0,0.113691463570244,2
"F1077",0,0,0,0,0,0,0,0,0,0,0,0,0,0,0,0,0,0,0,0,0,0,1,1
"F1078",0,0,0,0,0,0,0,0,0,0,0,0,0,0,0,0.301142507875311,0,0,0,0.311791809676054,0,0,0.387065682448634,3
"F1079",0,0,0,0.180614605732328,0,0.819385394267672,0,0,0,0,0,0,0,0,0,0,0,0,0,0,0,0,0,2
"F1081",0,0,0,0,0,0,0,0,0,0,0.260171400803993,0,0,0,0,0.739828599196007,0,0,0,0,0,0,0,2
"F1082",0,0,0,0.421025977679827,0,0,0,0,0,0,0,0,0,0,0,0,0,0,0,0,0,0,0.578974022320173,2
"F1083",0,0,0,0,0,0,0,0,0,0,0,0,0,0,0,0,1,0,0,0,0,0,0,1
"F1092",0,0,0,0,0,0,0,0,0,0,0,0,0,0,0,0,0,0,0,0,0,0,1,1
"F1094",0,0,0,1,0,0,0,0,0,0,0,0,0,0,0,0,0,0,0,0,0,0,0,1
"F1120",0,0,0,0.881119438686015,0,0,0,0,0,0,0,0,0,0,0,0,0.118880561313985,0,0,0,0,0,0,2
"F1123",0,0,0,0,0,0,0,0,0,0,0,0,0,0,0,0,0,0,0,0,0,1,0,1
"F1129",0,0,0,0.211108878395124,0,0,0,0,0,0,0,0,0,0,0,0.0317827120801098,0,0,0,0,0,0,0.757108409524766,3
"F1137",0,0,0,0,0,0,0,0,0,0,0,0,0,0,0,0,0,0,0,0,0,0,1,1
"F1138",0,0,0,0,0,0,0,0,0,0,0,0,0.420156995875948,0,0,0.579843004124052,0,0,0,0,0,0,0,2
"F1145",0,0.346297238540173,0,0,0,0,0,0,0,0,0,0,0.653702761459827,0,0,0,0,0,0,0,0,0,0,2
"F1147",0,0,0,1,0,0,0,0,0,0,0,0,0,0,0,0,0,0,0,0,0,0,0,1
"F1551",0,0,0,0,0,0,0,0,0,0,1,0,0,0,0,0,0,0,0,0,0,0,0,1
"F1553",0,0,0,0,0,0,0,0,0,0,0.197317814784237,0,0,0,0,0.199472423028131,0,0,0,0,0,0.186262862205755,0.416946899981877,4
"F1555",0,0,0,0.157904984423676,0,0,0,0,0,0,0.0829926012461059,0,0,0,0,0.118720794392523,0,0,0,0,0,0.229507398753894,0.410874221183801,5
"F1557",0,0,0,0.402715277248112,0,0,0,0.133399435588437,0,0,0,0,0.0633437571504843,0,0,0,0,0,0,0.0504919533216383,0,0.0864541224925635,0.263595454198764,6
"F1558",0,0,0,0,0,0,0,0,0,0,1,0,0,0,0,0,0,0,0,0,0,0,0,1
"F1561",0,0,0,0.0504926108374384,0,0,0,0.215284877776745,0,0,0.362533692722372,0,0,0.371688818663445,0,0,0,0,0,0,0,0,0,4
"F1563",0,0,0,0.278814394939464,0,0,0,0,0,0,0.160253888885895,0,0,0,0,0,0.0588384260182227,0,0,0,0,0.0608913051677596,0.441201984988658,5
"F1565",0,0,0,0.15146534237952,0,0,0,0.0694201580751207,0,0,0,0,0,0,0,0.0700846331398195,0.0585437504371546,0,0,0,0,0,0.650486115968385,5
"F1573",0,0,0,0.0524566473988439,0.199293513166346,0,0.0640976236351959,0.0783558124598587,0,0,0.126284521515735,0,0,0,0,0.287989723827874,0.101188182402055,0,0,0,0,0,0.0903339755940912,8
"F1575",0,0,0,0,0,0,0.275651314977158,0.302753426348932,0,0,0,0,0,0,0,0,0,0,0,0,0,0.117792320039511,0.303802938634399,4
"F1577",0,0,0,0,0,0,0,0,0,0,0,0,0,0,0,0,0,0,0,0,0,0,1,1
"F1579",0,0,0,0.298506637168142,0,0,0,0,0,0,0.242699115044248,0,0,0,0,0,0,0,0,0,0,0.21554203539823,0.243252212389381,4
"F1581",0,0.0444353143814295,0,0.375630106031636,0,0,0,0,0,0,0.259975032789217,0,0,0,0,0.0920152331589842,0,0,0,0,0,0,0.227944313638734,5
"F1583",0,0,0,0.473836725177364,0,0,0,0,0,0,0,0,0,0,0,0.526163274822636,0,0,0,0,0,0,0,2
"F1586",0,0,0,0.219067630961689,0,0,0,0,0,0,0,0,0,0,0,0.134284597341673,0.140881548084441,0,0,0,0,0.160721266614543,0.345044956997654,5
"F1588",0,0,0,0.20173165566214,0,0,0,0,0,0,0.331169801918525,0,0,0,0,0,0.247489722187617,0,0,0,0,0,0.219608820231718,4
"F1605",0,0,0,0.128732389271698,0,0,0,0,0,0,0.126453619807209,0,0,0.122926952778833,0,0,0.119798166133145,0,0,0,0,0,0.502088872009115,5
"F1608",0,0,0,0.287379067722076,0.280636177074172,0,0,0,0,0,0,0,0,0,0,0.27371005570214,0,0,0,0,0,0,0.158274699501612,4
"F1609",0,0,0,0.399494655004859,0,0,0,0.0831486880466472,0,0,0.132866861030126,0,0,0,0,0.120388726919339,0,0,0,0,0,0,0.264101068999028,5
"F1613",0,0,0,0.580584540823896,0,0,0,0.08970871865882,0,0,0.117748874932001,0,0,0,0,0,0,0,0,0,0,0.211957865585283,0,4
"F1615",0,0,0,0,0,0,0,0,0,0,0,0,0,0,0,0,1,0,0,0,0,0,0,1
"F1616",0,0,0,0,0,0,0,0.0785573545789429,0,0,0.171164225134927,0,0.137282618007367,0,0,0.0896084982438105,0,0,0,0,0,0.0647220080527714,0.458665295982181,6
"F1618",0,0,0,0.321777777777778,0,0,0,0.179636363636364,0,0,0.161777777777778,0,0,0,0,0,0,0,0,0,0,0.230545454545455,0.106262626262626,5
"F1622",0,0,0,0.189068100358423,0,0,0,0.094030017921147,0,0,0,0,0,0,0,0,0,0,0,0,0,0,0.71690188172043,3
"F1624",0,0,0,0.553159129223778,0,0,0,0,0,0,0,0,0,0,0,0.446840870776222,0,0,0,0,0,0,0,2
"F1625",0,0,0,0,0,0,0,0,0,0,1,0,0,0,0,0,0,0,0,0,0,0,0,1
"F1252",0,0,0,0,0,0,0,0,0,0,0,0,0.751350399248473,0,0,0,0,0,0,0,0,0,0.248649600751527,2
"F1353",0,0,0,0,0,0,0,0,0,0,0,0,0,0,0,1,0,0,0,0,0,0,0,1
"F1355",0,0,0,0,0,0,0,0,0,0,0,0,0,0,0,1,0,0,0,0,0,0,0,1
"F1371",0,0,0,0,0,0,0,0,0,0,0.177115248644827,0,0,0,0,0.582842328541127,0.151661560216828,0,0,0,0,0,0.0883808625972189,4
"F1256",0,0,0,0,0,0,0,0.0415537856720917,0,0,0,0,0.958446214327908,0,0,0,0,0,0,0,0,0,0,2
"F1383",0,0,0,0.0205216090194168,0,0,0,0,0,0,0,0,0,0,0,0.964028464054562,0,0,0,0,0,0,0.0154499269260213,3
"F1387",0,0,0,0.251312113772962,0,0,0,0,0,0,0.116989757047321,0,0,0,0,0.119063743333616,0,0,0,0,0,0,0.512634385846102,4
"F1393",0,0,0,1,0,0,0,0,0,0,0,0,0,0,0,0,0,0,0,0,0,0,0,1
"F1397",0,0,0,0,0,0,0,0,0,0,0.0627832248496333,0,0,0,0,0,0,0,0,0,0,0,0.937216775150367,2
"F1414",0,0,0,0.736493700619261,0,0,0,0,0,0,0,0,0,0,0,0,0,0,0,0,0,0,0.263506299380739,2
"F1427",0,0,0,0,0,0,0,0,0,0,0,0,0,0,0,0,0,0,0,0,0,0,1,1
"F1261",0,0.266067538126362,0,0.135026737967914,0,0,0,0,0,0,0.0478807684690038,0,0.55102495543672,0,0,0,0,0,0,0,0,0,0,4
"F1437",0,0,0,0,0,0,0,0,0,0,0.402128369307873,0,0,0,0,0,0.597871630692127,0,0,0,0,0,0,2
"F1441",0,0,0,0,0,0,0,0,0,0,0,0,0,0,0,0,0,0,0,1,0,0,0,1
"F1262",0,0,0,0,0,0,0,0,0,0,0,0,0,0,0,0,1,0,0,0,0,0,0,1
"F1442",0,0,0,0,0,0,0,0,0,0,0,0,0,0,0,1,0,0,0,0,0,0,0,1
"F1443",0,0,0,0,0,0,0,0,0,0,0,0,0,0,0,0.986538583648552,0,0,0,0,0,0,0.0134614163514482,2
"F1479",0,0,0,0,0,0,0,0,0,0,0,0,0,0,0,0.700625558534406,0.299374441465594,0,0,0,0,0,0,2
"F1483",0,0,0,0,0,0,0,0,0,0,0,0,0,0,0,1,0,0,0,0,0,0,0,1
"F1494",0,0,0,0,0,0,0,0,0,0,0,0,0,0,0,1,0,0,0,0,0,0,0,1
"F1495",0,0,0,0,0,0,0,0,0,0,0,0,0,0,0,1,0,0,0,0,0,0,0,1
"F1527",0,0,0,0.243590038402281,0,0,0,0.032354496746154,0,0,0.0504518591763056,0,0,0,0,0,0,0,0,0,0,0.333731919884103,0.339871685791156,5
"F1271",0,0,0,0,0,0,0,0,0,0,0,0,0,0,0,0,0,1,0,0,0,0,0,1
"F1274",0,0,0,0.559602880514577,0,0,0,0,0,0,0,0,0,0,0,0.440397119485423,0,0,0,0,0,0,0,2
"F1275",0,0,0,0,0,0,0,0,0,0,1,0,0,0,0,0,0,0,0,0,0,0,0,1
"F1276",0,0,0,1,0,0,0,0,0,0,0,0,0,0,0,0,0,0,0,0,0,0,0,1
"F1277",0,0,0,0,0,0,0,0,0,0,0,0,0,0.8563649176757,0,0,0.0772417622311914,0,0,0,0,0,0.0663933200931087,3
"F1279",0,0,0,0,0,0,0,1,0,0,0,0,0,0,0,0,0,0,0,0,0,0,0,1
"F1280",0,0,0,0.46277892368273,0,0,0,0,0,0,0,0,0,0,0,0.53722107631727,0,0,0,0,0,0,0,2
"F1281",0,0,0,0,0,0,0,0,0,0,0,0,0,0,0,0,0,0,0,0,0,0,1,1
"F1246",0,0,0,0,0,0,0,0,0,0,0,0,0,0,0,1,0,0,0,0,0,0,0,1
"F1282",0,0,0,1,0,0,0,0,0,0,0,0,0,0,0,0,0,0,0,0,0,0,0,1
"F1283",0,0,0,0.136695152497422,0,0,0,0.460733755709445,0,0,0,0,0,0,0,0,0,0,0,0,0,0,0.402571091793134,3
"F1285",0,0,0,0.464211076280042,0,0,0,0,0,0,0.535788923719958,0,0,0,0,0,0,0,0,0,0,0,0,2
"F1288",0,0,0,0,0,0,0,0,0,0,0,0,0,0,0,0,0,0,0,0,0,0,1,1
"F1289",0,0,0,1,0,0,0,0,0,0,0,0,0,0,0,0,0,0,0,0,0,0,0,1
"F1292",0,0,0,0,0,0,0,0,0,0,0,0,0,0,0,0,0,0,0,0,0,0,1,1
"F1306",0,0,0,0,0,0,0,0,0,0,0.152343904529571,0,0,0,0,0.141306784466275,0,0,0,0,0,0.126682930045493,0.57966638095866,4
"F1312",0,0,0,0.483055845393095,0,0,0,0.133012747811096,0,0,0.0609717370593839,0,0,0,0,0.193394728485233,0,0,0,0,0,0,0.129564941251191,5
"F1314",0,0,0,0.352652660835445,0,0,0,0,0,0,0.647347339164555,0,0,0,0,0,0,0,0,0,0,0,0,2
"F1316",0,0,0,0,0,0,0,0,0,0,1,0,0,0,0,0,0,0,0,0,0,0,0,1
"F1319",0,0,0,0,0,0,0,0,0,0,1,0,0,0,0,0,0,0,0,0,0,0,0,1
"F1321",0,0,0,1,0,0,0,0,0,0,0,0,0,0,0,0,0,0,0,0,0,0,0,1
"F1327",0,0,0,0,0,0,0,0,0,0,0,0,0.440474950525987,0,0,0,0,0,0,0,0,0.559525049474013,0,2
"F1251",0,0,0,0,0,0,0,0.321676026548027,0,0,0,0,0,0,0,0,0,0,0,0.476478739698053,0,0,0.20184523375392,3
"F1338",0,0,0,1,0,0,0,0,0,0,0,0,0,0,0,0,0,0,0,0,0,0,0,1
"F1915",0,0,0,0,0,0,0,0,0,0,0.0939010880171383,0,0,0,0,0.275481830920816,0,0,0,0,0,0,0.630617081062046,3
"F1924",0,0,0,0.574081883002377,0,0,0,0,0,0,0.425918116997623,0,0,0,0,0,0,0,0,0,0,0,0,2
"F1925",0,0,0.193394355021537,0.110816708229426,0,0,0,0,0,0,0.408935048741782,0,0,0,0,0,0,0,0,0,0,0,0.286853888007255,4
"F1926",0,0,0,0,0,0,0.140026573658861,0,0,0,0,0,0,0,0,0,0,0,0,0,0,0,0.859973426341139,2
"F1929",0,0,0,0,0,0,0,0,0,0,0.0561518098636128,0,0.286729585083731,0,0,0,0,0,0,0,0,0,0.657118605052656,3
"F1930",0,0,0,0,0,0,0.177298046063349,0,0,0,0.0464437962755216,0,0,0,0,0,0.0421418189267493,0,0,0,0,0,0.73411633873438,4
"F1931",0,0,0,0,0,0,0,0,0,0,0,0,0,0,0,0.451770037827421,0,0,0,0,0,0.315885732638641,0.232344229533938,3
"F1933",0,0,0,0,0,0,0,0,0,0,0,0,0.634615384615385,0,0,0.212368940101734,0,0,0,0.153015675282882,0,0,0,3
"F1916",0,0,0,0.558677700153816,0,0,0,0,0,0,0.0536636505031236,0,0.177042784838408,0,0,0,0,0,0,0,0,0,0.210615864504653,4
"F1935",0,0,0,0,0,0,0,0.951267818044717,0,0,0,0,0.0356224618655232,0,0,0,0,0,0,0,0,0,0.0131097200897602,3
"F1936",0,0,0,0,0,0,0,0,0,0,0,0,0,0,0,0,0,0,0,0,0,0,1,1
"F1917",0,0,0,0,0,0,0,0,0,0,0.550719514698169,0,0.209457456270382,0.0463066432529818,0,0,0,0,0,0,0,0,0.193516385778467,4
"F1958",0,0,0,0,0,0,0,0,0,0,0,0,0,0,0,1,0,0,0,0,0,0,0,1
"F1959",0,0.37116333290684,0,0,0,0,0,0,0,0,0.28461352553987,0,0,0,0,0,0,0,0,0,0,0.155400122261554,0.188823019291736,4
"F1960",0,0.136332871865867,0,0,0,0,0.154037840332257,0.0827564990001538,0,0.0929087832641132,0,0,0.212721119827719,0,0,0,0,0,0,0,0,0.165251499769266,0.155991385940625,7
"F1961",0,0.411385272974548,0,0,0,0,0,0.419661938993589,0,0,0,0,0,0,0,0,0,0,0,0,0,0,0.168952788031863,3
"F1962",0,0,0,0,0,0,0,0,0,0,0.294675793877163,0,0.705324206122837,0,0,0,0,0,0,0,0,0,0,2
"F1963",0,0,0,0.106703945324635,0,0,0,0,0,0,0.0260702081391737,0,0,0,0,0,0.0168002485243865,0,0,0,0,0.196408822615719,0.654016775396086,5
"F1964",0,0,0,0,0,0,0,0,0,0,0.775406455325884,0,0,0,0,0,0,0,0,0,0,0,0.224593544674116,2
"F1965",0,0,0,0,0,0,0,0,0,0,0.748400827241247,0,0,0,0,0,0,0.0552255675259715,0,0,0,0,0.196373605232782,3
"F1967",0,0,0,0.0783090390032708,0,0,0.0547709526780481,0.210708411320969,0,0,0.0236326167923922,0,0.22095551396215,0,0,0.247064828994385,0,0,0,0,0,0.164558637248785,0,7
"F1968",0,0,0,0,0,0,0,0,0,0,0.294663377654774,0,0,0,0,0.0387341315203658,0.231718909812887,0,0,0.109247337705313,0,0,0.32563624330666,5
"F1969",0,0,0,0,0,0,0,0,0,0,0,0,0,0,0,0.498560263266146,0,0,0,0,0,0,0.501439736733854,2
"F1970",0,0,0,1,0,0,0,0,0,0,0,0,0,0,0,0,0,0,0,0,0,0,0,1
"F1971",0,0.0491983092261321,0,0.0372576646631829,0,0,0,0.103274536731527,0,0.181963295225526,0.0706450980042448,0,0.0140986998162978,0,0,0,0,0,0,0,0,0,0.54356239633309,7
"F1973",0,0,0,0.292005971769815,0,0,0,0,0,0,0,0,0,0,0,0.707994028230185,0,0,0,0,0,0,0,2
"F1920",0,0,0,0,0,0,0,0.499776265642118,0,0,0.0461664275023531,0,0,0,0,0.264160841858384,0,0,0,0,0,0.189896464997145,0,4
"F1974",0,0,0,0,0,0,0,0,0,0,0.674026773349746,0,0,0,0,0,0,0,0,0,0,0,0.325973226650254,2
"F1975",0,0,0,0,0,0,0,0,0,0,0,0,0.526245623652833,0,0,0.156676343429561,0,0,0,0,0,0.159380022676019,0.157698010241587,4
"F1976",0,0.204163986198023,0,0,0,0,0,0.795836013801977,0,0,0,0,0,0,0,0,0,0,0,0,0,0,0,2
"F1977",0,0,0,0.32515290373296,0,0,0,0,0,0,0.296144333454762,0,0.378702762812278,0,0,0,0,0,0,0,0,0,0,3
"F1979",0,0,0,0,0,0,0,0,0,0,0,0,0,0,0,0,0,0,0,0,0,0,1,1
"F1981",0,0,0,1,0,0,0,0,0,0,0,0,0,0,0,0,0,0,0,0,0,0,0,1
"F1982",0,0,0,0,0,0,0,0,0,0,0,0,0,0,0,0.282717653610544,0,0,0,0,0,0,0.717282346389456,2
"F1921",0,0,0,0.0283916940377443,0,0,0,0,0,0,0,0,0.0538885486834048,0.0206814006569059,0,0.414254300506597,0,0,0,0,0,0.0278280354061126,0.454956020709236,6
"F1984",0,0,0,1,0,0,0,0,0,0,0,0,0,0,0,0,0,0,0,0,0,0,0,1
"F1985",0,0,0,0,0,0,0,0,0,0,0,0,0.650054215511774,0.349945784488226,0,0,0,0,0,0,0,0,0,2
"F1986",0,0,0,1,0,0,0,0,0,0,0,0,0,0,0,0,0,0,0,0,0,0,0,1
"F1987",0,0,0,0,0,0,0,0,0,0,0,0,0,0,0,1,0,0,0,0,0,0,0,1
"F1990",0,0,0,0,0,0,0,0,0,0,0,0,0,0,0,0.0804436173041133,0,0,0,0,0,0,0.919556382695887,2
"F1991",0,0,0,0.0768198276938444,0,0,0,0,0,0,0,0,0,0,0,0,0.872705706080659,0,0,0,0,0,0.0504744662254963,3
"F1992",0,0,0,0,0,0,0,0,0,0,0.156282058726748,0,0.224203007955403,0,0,0.619514933317848,0,0,0,0,0,0,0,3
"F1994",0,0,0,0,0,0,0,0,0,0,1,0,0,0,0,0,0,0,0,0,0,0,0,1
"F1995",0,0,0,0,0,0,0,0,0,0,0,0,0,0,0,1,0,0,0,0,0,0,0,1
"F1996",0,0,0,0.22957986563722,0,0,0,0,0,0.0803168555098767,0,0,0,0,0,0,0.410678832848691,0,0,0,0,0.279424446004211,0,4
"F1997",0,0.0364261631827377,0,0,0,0,0,0.0225084288604181,0,0,0.0269723533378287,0,0.0481321645313554,0.113648010788941,0,0,0.368469318948078,0,0,0,0,0,0.383843560350641,7
"F1998",0,0,0,0.0628020329945009,0,0,0,0,0,0,0,0,0,0.937197967005499,0,0,0,0,0,0,0,0,0,2
"F1999",0,0,0,0,0,0,0,0,0,0,0.87135657858894,0,0,0,0,0.12864342141106,0,0,0,0,0,0,0,2
"F2001",0,0,0,0.205385773762069,0,0,0,0,0,0,0,0,0,0,0,0.0529542032066614,0,0,0,0,0,0,0.741660023031269,3
"F2002",0,0,0,0,0,0,0,0,0,0,0,0,0,0,0,0.554856245033591,0.445143754966409,0,0,0,0,0,0,2
"F2003",0,0,0,0.623572770631594,0,0,0,0,0,0,0,0,0,0,0,0,0,0,0,0,0,0.376427229368406,0,2
"F2004",0,0,0,0.0337420456309173,0,0,0,0,0,0,0,0,0.771178022660251,0,0,0,0,0,0,0,0,0,0.195079931708831,3
"F2005",0,0,0,0,0,0,0,0,0,0,0,0,0.443507187834145,0,0,0,0.556492812165855,0,0,0,0,0,0,2
"F2006",0,0,0,0,0,0,0,0,0,0,0,0,0,0,0,1,0,0,0,0,0,0,0,1
"F2007",0,0,0,0,0,0,0,0,0,0,0,0,0,0,0,1,0,0,0,0,0,0,0,1
"F2009",0,0,0,0.486224804154564,0,0,0,0,0,0,0,0,0,0,0,0,0.513775195845436,0,0,0,0,0,0,2
"F1727",0,0,0,0.0975423098788647,0,0,0,0,0,0,0,0,0.249704814798618,0,0,0.3432238597105,0,0,0,0,0,0,0.309529015612017,4
"F1730",0,0,0,0,0,0,0,0,0,1,0,0,0,0,0,0,0,0,0,0,0,0,0,1
"F1735",0,0,0,0,0,0,0,0,0,0,0.209807233704293,0,0,0,0,0,0,0,0,0,0,0,0.790192766295707,2
"F1638",0,0,0,0,0,0,0.183146812744741,0,0,0,0.0358419104273212,0,0,0,0,0,0.310992232469561,0,0,0,0,0.344690047717887,0.12532899664049,5
"F1749",0,0,0,0,0,0,0,0,0,0.0741967896498177,0.0439700057298024,0,0,0,0,0,0,0,0,0,0,0.342426280693887,0.539406923926492,4
"F1750",0,0,0,0,0,0,0,0,0,0,0.408993395869263,0,0,0,0,0,0,0,0,0,0,0.270748327935052,0.320258276195684,3
"F1751",0,0,0,0,0,0,0,0.223730691972016,0,0.060123294313223,0.278693634411581,0,0,0.204439980605389,0,0,0,0,0,0,0,0.182205444344393,0.0508069543533975,6
"F1754",0,0,0,0.220086811716852,0,0,0,0,0,0,0.423138871447681,0,0,0,0,0,0,0,0,0,0,0,0.356774316835467,3
"F1755",0,0,0,0.20852513194058,0,0,0,0.088336958537778,0,0,0.395720572613688,0,0,0,0,0.168614160217175,0,0,0,0,0,0.138803176690778,0,5
"F1756",0,0,0,0,0,0,0,0,0,0,0.790750323415265,0,0,0,0,0,0,0,0,0,0.209249676584735,0,0,2
"F1757",0,0.0918876431480006,0,0.0772808157116189,0,0,0,0,0,0.226165653213393,0.252868418467047,0,0,0,0,0,0,0,0,0,0,0.1624108907108,0.18938657874914,6
"F1758",0,0,0,0.144661645651745,0,0,0,0,0,0,0.548836422103749,0,0.102349722151702,0,0,0,0,0,0,0,0,0.102028151533102,0.102124058559702,5
"F1759",0,0,0,0,0,0,0,0,0,0,0.807489213729152,0,0,0,0,0,0,0,0,0,0,0,0.192510786270848,2
"F1760",0,0,0,0,0,0,0,0,0,0.0329109787975603,0.0541497240778391,0,0.171834156259076,0,0,0,0,0,0,0,0,0.335372494917223,0.405732645948301,5
"F1761",0,0,0,0,0,0,0.0892427368059137,0,0,0,0.612149733539625,0,0,0,0,0,0,0,0,0,0,0.193892900120337,0.104714629534124,4
"F1762",0,0,0,0.0582082630275401,0,0,0.127260886297031,0,0,0,0.109006048765085,0,0.0500379897970259,0,0,0,0,0,0,0,0,0.0963164698104457,0.559170342302872,6
"F1764",0,0.0176475340773998,0,0.0183285049803211,0,0,0,0.0545930910308053,0,0.0583211181773064,0.244399302870465,0,0.01438118211932,0,0,0.0688242287138883,0,0,0,0,0,0.0320633418358514,0.491441696194642,9
"F1765",0,0,0,0.0519005150705837,0,0,0,0.128409958031286,0,0.0786078786722625,0.259741033956505,0,0,0,0.0996995421594811,0,0,0,0,0,0,0.239555513162915,0.142085558946967,7
"F1640",0,0,0,0,0,0,0,0,0,0,0.104961856365975,0,0.0931812682280722,0,0,0.526057387383945,0.0677351978502019,0,0,0,0,0,0.208064290171806,5
"F1766",0,0,0,0.0885884774271881,0,0,0,0,0,0,0.0744480803115329,0,0.0204924707937871,0,0,0,0,0,0,0,0,0.513955313383775,0.302515658083717,5
"F1767",0,0,0,0,0,0,0,0,0,0,0.21199830292745,0,0,0,0,0.140178192617734,0,0,0,0,0,0,0.647823504454815,3
"F1769",0,0,0,0,0,0,0,0,0,0.0448016177393487,0.318155405248356,0,0,0,0,0.325570043929991,0,0,0,0,0,0.164400436975571,0.147072496106734,5
"F1770",0,0,0,0,0,0,0,0,0,0,0.176794089569585,0,0.213028680529614,0,0,0,0,0,0,0,0,0.610177229900801,0,3
"F1771",0.199627429261907,0,0,0,0,0,0,0,0,0,0,0,0.185865807404424,0,0,0.22520390695801,0,0,0,0,0,0.168529520357131,0.220773336018528,5
"F1772",0,0,0,0,0,0,0,0,0,0,0.201470459005829,0,0,0,0,0,0.338264155364832,0,0,0,0,0,0.460265385629339,3
"F1774",0,0,0,0,0,0,0,0,0,0.0729790861367588,0.175784480866938,0,0.650068362506963,0,0,0,0,0,0,0,0,0.01197609844201,0.0891919720473305,5
"F1775",0,0,0,0,0,0,0,0,0,0,0.137162162162162,0,0.345720720720721,0,0,0,0,0,0,0,0,0.517117117117117,0,3
"F1641",0,0,0,0,0,0,0,0,0,0,0.160911317768962,0,0,0,0,0,0,0.0963560295679695,0,0,0,0.133315991415751,0.609416661247317,4
"F1776",0,0,0,0,0,0,0,0,0,0,0.259275521405049,0,0.590120746432492,0.150603732162459,0,0,0,0,0,0,0,0,0,3
"F1778",0,0,0,0.390871442417834,0,0,0,0,0,0,0.609128557582166,0,0,0,0,0,0,0,0,0,0,0,0,2
"F1779",0,0,0,0,0,0,0,0,0,0,1,0,0,0,0,0,0,0,0,0,0,0,0,1
"F1780",0,0,0,0.291025564269892,0,0,0,0,0,0,0.708974435730108,0,0,0,0,0,0,0,0,0,0,0,0,2
"F1781",0,0,0,0,0,0,0,0,0,0,0.216319888411019,0,0.68557479948855,0,0,0,0,0,0,0,0,0,0.0981053121004301,3
"F1642",0,0.255003582153255,0,0.116168467905431,0,0,0.183512949102937,0,0,0.0302272761916376,0.0253799368931299,0,0,0,0,0,0,0,0,0,0,0,0.389707787753609,6
"F1810",0,0,0,1,0,0,0,0,0,0,0,0,0,0,0,0,0,0,0,0,0,0,0,1
"F1811",0,0,0,0,0,0,0,0,0,0,1,0,0,0,0,0,0,0,0,0,0,0,0,1
"F1812",0,0,0,1,0,0,0,0,0,0,0,0,0,0,0,0,0,0,0,0,0,0,0,1
"F1813",0,0,0,0,0,0,0,0,0,0,0,0,0,0,0,1,0,0,0,0,0,0,0,1
"F1815",0,0,0,0,0,0,0,0,0,0,0,0,0,0,0,0,0,0,0,0,0,0,1,1
"F1816",0,0,0,0.092674131465827,0,0,0,0,0,0,0,0,0.907325868534173,0,0,0,0,0,0,0,0,0,0,2
"F1817",0,0,0,0.0201653428432485,0,0.0300210731074728,0,0,0,0,0.446020424704166,0,0,0,0,0,0.196676933052359,0,0,0,0,0,0.307116226292754,5
"F1819",0,0,0,0.100628688981601,0,0,0,0,0,0,0,0,0,0.0964182031415223,0,0,0.338530751927403,0,0,0,0,0,0.464422355949474,4
"F1820",0,0,0,0,0,0,0,0,0,0,0,0,0,0,0,0,0,0,0,0,0,0,1,1
"F1821",0,0,0,0,0,0,0,0,0,0,0,0,0,0,0,0,0,0,0,0,0,0,1,1
"F1822",0,0,0,0.354028919539328,0,0,0,0,0,0,0,0,0,0,0,0,0.0213021640605074,0,0,0,0,0,0.624668916400165,3
"F1824",0,0,0,0,0,0,0,0,0,0,0,0,0,0,0,0,0,0,0,0,0,0,1,1
"F1628",0,0,0,0.0467399309997287,0,0,0,0,0,0.166889560801644,0,0,0,0,0,0,0,0.0982575493274412,0,0,0,0.176958561072993,0.511154397798194,5
"F1646",0,0,0,0.0475545005521136,0,0,0,0,0,0,0.125478553528568,0,0,0,0,0,0,0,0,0,0,0.149116948894781,0.677849997024538,4
"F1826",0,0,0,0,0,0,0,0,0,0,0,0,1,0,0,0,0,0,0,0,0,0,0,1
"F1827",0,0,0,0,0,0,0,0,0,0,0,0,1,0,0,0,0,0,0,0,0,0,0,1
"F1829",0,0,0,0.668434152148036,0,0,0,0,0,0,0,0,0.331565847851964,0,0,0,0,0,0,0,0,0,0,2
"F1830",0,0,0,0.213038243362338,0,0,0,0.378374688132269,0,0,0,0,0,0,0,0.15791368245969,0,0,0,0,0,0,0.250673386045703,4
"F1647",0,0.30035829234226,0,0,0,0,0,0,0,0,0,0,0,0,0,0,0,0,0,0,0,0,0.69964170765774,2
"F1848",0,0,0,0.384291306631021,0,0,0,0,0,0,0,0,0.342113429130663,0,0,0,0,0,0,0,0,0,0.273595264238316,3
"F1858",0,0,0,0.0223845543567609,0,0,0,0,0,0,0.048131589273286,0,0,0,0,0.929483856369953,0,0,0,0,0,0,0,3
"F1861",0,0,0,0.0585170085361192,0,0,0,0,0,0,0.175028666072111,0,0,0,0,0.121289336221175,0.645164989170595,0,0,0,0,0,0,4
"F1863",0,0,0.00881387474475949,0.397968414794903,0,0,0,0,0,0,0.418732283939449,0,0,0,0,0.0873374861071622,0.0526333927817554,0,0,0,0,0.00981329749196585,0.0247012501400053,7
"F1868",0,0,0,1,0,0,0,0,0,0,0,0,0,0,0,0,0,0,0,0,0,0,0,1
"F1871",0,0,0,0,0,0,0,0,0,0,0.254702869316894,0,0,0,0,0,0.202801323602738,0,0,0.542495807080368,0,0,0,3
"F1872",0,0,0,0.446475823911475,0,0,0,0,0,0,0,0,0.553524176088525,0,0,0,0,0,0,0,0,0,0,2
"F1873",0,0,0,0.0775488652697246,0,0,0,0,0,0,0.026664450332939,0,0,0,0,0,0.0272022371933393,0,0,0,0,0,0.868584447203997,4
"F1874",0,0,0,0.432974742750234,0,0,0,0,0,0,0.0684752104770814,0,0,0.498550046772685,0,0,0,0,0,0,0,0,0,3
"F1900",0,0,0,0,0,0,0,0,0,0,0,0,0,0,0,1,0,0,0,0,0,0,0,1
"F1901",0,0,0,0.355080966909176,0,0,0,0,0,0,0,0,0,0,0,0.644919033090824,0,0,0,0,0,0,0,2
"F1903",0,0,0,1,0,0,0,0,0,0,0,0,0,0,0,0,0,0,0,0,0,0,0,1
"F1904",0,0,0,0,0,0,0,0,0,0,0,0,0.487985685071575,0,0,0,0.512014314928425,0,0,0,0,0,0,2
"F1905",0,0,0,0,0,0,0,0,0,0,0,0,0,0,0,1,0,0,0,0,0,0,0,1
"F1654",0,0.0949411466336471,0,0.0468216198475332,0,0,0,0,0,0.126016320806791,0.157203383509123,0,0,0,0,0,0.136407035550715,0,0,0,0.172703674419299,0.047000641494234,0.218906177738658,8
"F1906",0,0,0,0,0,0,0,0,0,0,0,0,0,0,0,0,0,0,0,0,0,0,1,1
"F1908",0,0,0,0,0,0,0,0,0,0,1,0,0,0,0,0,0,0,0,0,0,0,0,1
"F1909",0,0,0,0,0,0,0,0,0,0,0,0,0.114743674203583,0,0,0,0,0,0,0,0,0.119555690495695,0.765700635300722,3
"F1910",0,0,0,1,0,0,0,0,0,0,0,0,0,0,0,0,0,0,0,0,0,0,0,1
"F1911",0,0,0,0,0,0,0,0,0,0,0,0,0,0,0,1,0,0,0,0,0,0,0,1
"F1914",0,0,0,0,0,0,0,0,0,0,1,0,0,0,0,0,0,0,0,0,0,0,0,1
"F1630",0,0,0,0.025010221482065,0,0,0,0,0,0.00554453075918188,0,0,0,0,0,0.0769802251717708,0,0,0,0,0,0,0.892465022586982,4
"F1631",0,0,0,0.339526710402999,0,0,0,0,0,0,0,0,0.660473289597001,0,0,0,0,0,0,0,0,0,0,2
"F1683",0,0,0,0,0,0,0,0,0,0,0,0,0,0,0,0,0,0,0,0,0,1,0,1
"F1684",0,0,0,0.265111557389712,0,0,0,0,0,0,0,0,0,0,0,0.734888442610288,0,0,0,0,0,0,0,2
"F1632",0,0,0,0.0313577500595853,0,0,0,0,0,0,0,0,0,0,0,0,0,0.0255501708111544,0,0,0,0.162302375466751,0.780789703662509,4
"F1687",0,0,0,1,0,0,0,0,0,0,0,0,0,0,0,0,0,0,0,0,0,0,0,1
"F1689",0,0,0,0,0,0,0,0,0,0,0,0,1,0,0,0,0,0,0,0,0,0,0,1
"F1690",0,0,0,0,0,0,0,0,0,0,0,0,0,0,0,0,0,0,0,0,0,0,1,1
"F1691",0,0,0,0,0,0,0,0,0,0.278804020964,0,0,0,0,0,0,0,0,0,0,0,0,0.721195979036,2
"F1692",0,0,0,1,0,0,0,0,0,0,0,0,0,0,0,0,0,0,0,0,0,0,0,1
"F1695",0,0,0,1,0,0,0,0,0,0,0,0,0,0,0,0,0,0,0,0,0,0,0,1
"F1696",0,0,0,0,0,0,0,0,0,0,1,0,0,0,0,0,0,0,0,0,0,0,0,1
"F1697",0,0,0,0,0,0,0,0,0,0,0,0,0,0,0,0,0,0,0,0,0,1,0,1
"F1699",0,0,0,0.731533831843881,0,0,0,0,0,0,0.268466168156119,0,0,0,0,0,0,0,0,0,0,0,0,2
"F1702",0,0,0,1,0,0,0,0,0,0,0,0,0,0,0,0,0,0,0,0,0,0,0,1
"F1703",0,0,0,0,0,0,0,0,0,0,0,0,0,0,0,0,0,0,0,0,0,0,1,1
"F1704",0,0,0,0,0,0,0,0,0,0,1,0,0,0,0,0,0,0,0,0,0,0,0,1
"F1705",0,0,0,0,0,0,0,0,0,0,0,0,0.819706103993971,0,0,0,0.031085154483798,0,0,0,0,0,0.149208741522231,3
"F1708",0,0,0,0,0,0,0,0,0,0,0,0,0,0,0,0.496240944612401,0,0,0,0,0,0,0.503759055387599,2
"F1709",0,0,0,0,0,0,0,0,0,0,0,0,0,0,0,0,0,0,0,0,0,0,1,1
"F1710",0,0,0,0.239449218874796,0,0,0,0,0,0,0.207117983451008,0,0,0,0,0,0,0,0,0,0,0.222357113191272,0.331075684482924,4
"F1711",0,0,0,0,0,0,0,0,0,0,0,0,0,0,0,0,0,0,0,0,0,1,0,1
"F1713",0,0,0,0,0,0,0,0,0,0,0.315957625693627,0,0,0,0,0,0,0,0,0,0,0,0.684042374306373,2
"F1714",0,0,0,0.138603403669507,0,0,0,0.166801167786191,0,0.137475967814673,0.0216467684128077,0,0,0,0,0.239277491633239,0,0,0,0,0,0,0.296195200683582,6
"F1715",0,0,0,0,0,0,0,0,0,0,0,0,0,0,0.311618363682996,0,0.114708899717876,0,0,0,0,0,0.573672736599128,3
"F1716",0,0,0,0,0,0,0,0,0,0,0,0,0,0,0,0.746752790844625,0,0,0,0,0,0.253247209155375,0,2
"F1717",0,0,0,0,0,0,0,0,0,0,0,0,0,0,0,0,0,0,0,0,0,0,1,1
"F1719",0,0,0,0.942325920524973,0,0,0,0,0,0,0.0576740794750273,0,0,0,0,0,0,0,0,0,0,0,0,2
"F1720",0,0,0,0,0,0,0.160623064352079,0,0,0,0.0260676776796224,0,0,0,0,0.689039232940585,0,0,0,0,0,0.124270025027713,0,4
"F1721",0,0,0,0,0,0,0,0,0,0,1,0,0,0,0,0,0,0,0,0,0,0,0,1
"F1722",0,0,0,0.0566510606076765,0,0,0,0,0,0,0.107468512376422,0,0.427485149359583,0,0,0,0,0,0,0,0,0,0.408395277656318,4
"F1724",0,0,0,0,0,0,0,0,0,0,0,0,0,0,0,0,0,0,0,0,0,0,1,1
