"","Dothideales","Eremomycetales","Mycosphaerellales","Fungi_Ascomycota_Dothideomycetes_other","Pleosporales","Venturiales","Chaetothyriales","Eurotiales","Onygenales","Helotiales","Orbiliales","Fungi_Ascomycota_other_other","Pneumocystidales","Saccharomycetales","Schizosaccharomycetales","Glomerellales","Hypocreales","Magnaporthales","Microascales","Ophiostomatales","Sordariales","Togniniales","Xylariales","Xylonales","Agaricales","Boletales","Corticiales","Gloeophyllales","Polyporales","Russulales","Entylomatales","Georgefischeriales","Microstromatales","Malasseziales","Sporidiobolales","Pucciniales","Tremellales","Trichosporonales","Ustilaginales","Wallemiales","Fungi_Microsporidia_other_other","Glomerales","Mucorales"
"13767.58cfa83be4b0c9d6adf724e8",0,0,0,0,0,0,0,0,0,0,0,0,0,0,0,0,0,0,0,0,0,0,0,0,0,0,0,0,0,0,0,0,0,1,0,0,0,0,0,0,0,0,0
"13767.58cfa834e4b0c9d6adf6e7df",0,0,0,0,0,0,0,2,0,0,0,0,0,0,0,0,0,1,0,0,0,0,0,0,0,0,0,0,0,0,0,0,0,0,0,0,0,0,0,0,0,0,0
"13767.58cfa83be4b0c9d6adf7244c",0,0,0,0,0,0,0,0,0,0,0,0,0,0,0,0,0,0,0,0,0,0,0,0,0,0,0,0,0,0,0,0,0,2,0,0,0,0,0,0,0,0,0
"13767.58cfa834e4b0c9d6adf6e75a",0,0,0,0,0,0,0,1,1,0,0,0,0,0,0,0,1,1,0,0,0,0,0,0,0,0,0,0,0,0,0,0,0,0,0,1,0,0,0,0,0,0,0
"13767.58cfa83be4b0c9d6adf7244a",0,0,0,0,0,0,0,0,0,0,0,0,0,0,0,0,0,0,0,0,0,0,0,0,0,0,0,0,0,0,0,0,0,1,0,0,0,0,0,0,0,0,0
"13767.58cfa83be4b0c9d6adf727f1",0,0,0,0,0,0,0,1,0,0,0,0,0,0,0,0,0,0,0,0,0,0,0,0,0,0,0,0,0,0,0,0,0,0,0,0,0,0,0,0,0,0,0
"13767.58cfa834e4b0c9d6adf6e761",0,0,0,0,0,0,0,2,0,0,0,0,0,0,0,0,0,2,0,0,0,0,0,0,0,0,0,0,0,0,0,0,0,0,0,0,0,0,0,0,0,0,0
"13767.58cfa834e4b0c9d6adf6e764",0,0,0,0,0,0,0,6,1,0,0,0,0,0,0,0,0,2,0,0,0,0,0,0,0,0,0,0,0,0,0,0,0,0,0,0,0,0,0,0,0,0,0
"13767.58cfa83be4b0c9d6adf72460",0,0,0,0,0,0,0,0,0,0,0,0,0,0,0,0,0,0,0,0,0,0,0,0,0,0,0,0,0,0,0,0,0,1,0,0,0,0,0,0,0,0,0
"13767.58cfa83be4b0c9d6adf7272c",0,0,0,0,0,0,0,0,1,0,0,0,0,0,0,0,0,0,0,0,0,0,0,0,0,0,0,0,0,0,0,0,0,0,0,0,0,0,0,0,0,1,0
"13767.58cfa83be4b0c9d6adf724e6",0,0,0,0,0,0,0,0,0,0,0,0,0,0,0,0,0,0,1,0,0,0,0,0,0,0,0,0,0,0,0,0,0,0,0,0,0,0,0,0,0,0,0
"13767.58cfa834e4b0c9d6adf6e758",0,0,0,0,0,0,0,1,0,0,0,0,0,0,0,0,0,1,0,0,0,0,0,0,0,0,0,0,0,0,0,0,0,0,0,0,0,0,0,0,0,0,0
"13767.58cfa834e4b0c9d6adf6e76e",0,0,0,0,0,0,0,2,0,0,0,0,0,0,0,0,0,1,0,0,1,0,0,0,0,0,0,0,0,0,0,0,0,0,0,0,1,0,0,0,0,0,0
"13767.58cfa834e4b0c9d6adf6e756",0,0,0,0,0,0,0,0,0,0,0,0,0,0,0,0,0,0,0,0,0,0,0,0,0,0,0,0,0,0,0,0,0,1,0,0,0,0,0,0,0,0,0
"13767.58cfa83be4b0c9d6adf729c1",0,0,0,0,0,0,0,3,1,0,0,0,0,0,0,0,0,3,0,0,0,0,0,0,0,0,0,0,0,0,0,0,0,0,0,0,0,0,0,0,0,0,0
"13767.58cfa83be4b0c9d6adf7276a",0,0,0,0,1,0,0,20,5,0,0,0,0,3,0,0,2,5,0,0,3,0,0,0,0,0,0,0,0,0,0,0,0,1,0,0,0,0,0,0,0,2,0
"13767.58cfa834e4b0c9d6adf6e75c",0,0,0,0,0,0,0,2,0,0,0,0,0,0,0,0,0,0,0,0,0,0,0,0,0,0,0,0,0,0,0,0,0,0,0,0,0,0,0,0,0,0,0
"13767.58cfa83be4b0c9d6adf72730",0,0,0,0,0,0,0,0,0,0,0,0,0,0,0,0,0,1,0,0,0,0,0,0,0,0,0,0,0,0,0,0,0,0,0,0,0,0,0,0,0,0,0
"13767.58cfa83ae4b0c9d6adf71cee",0,0,0,0,0,0,0,4,1,0,0,0,0,0,0,0,0,1,0,0,1,0,0,0,0,0,0,0,0,0,0,0,0,0,0,0,0,0,0,0,0,0,0
"13767.58cfa83be4b0c9d6adf724f6",0,0,0,0,0,0,0,0,0,0,0,0,0,0,0,0,0,0,0,0,0,0,0,0,0,0,0,0,0,0,0,0,0,3,0,0,0,0,0,0,0,0,0
"13767.58cfa838e4b0c9d6adf70955",0,0,0,0,0,0,0,4,1,0,0,0,0,1,0,0,0,2,0,0,1,0,0,0,0,0,0,0,0,0,0,0,0,0,0,0,0,0,0,0,0,0,0
"13767.58cfa83be4b0c9d6adf72766",0,0,0,0,0,0,0,2,0,0,0,0,0,0,0,0,0,0,0,0,0,0,0,0,0,0,0,0,0,0,0,0,0,0,0,0,0,0,0,0,0,0,0
"13767.58cfa838e4b0c9d6adf70aee",0,0,0,0,1,0,0,5,2,1,0,0,0,2,0,1,0,2,0,0,0,0,0,0,0,0,0,0,0,0,0,0,0,1,0,0,0,0,0,0,0,2,0
"13767.58cfa83be4b0c9d6adf727fc",0,0,0,0,1,0,0,28,4,0,0,0,0,4,0,0,0,6,0,0,2,0,0,0,0,0,0,0,0,0,0,0,0,0,0,0,0,0,0,0,0,2,0
"13767.58cfa83ae4b0c9d6adf71d34",0,0,0,0,0,0,0,3,0,1,0,0,0,0,0,1,0,2,0,0,0,0,0,0,0,0,0,0,0,0,0,0,0,0,0,0,0,0,0,0,0,0,0
"13767.58cfa83ae4b0c9d6adf71e2c",0,0,0,0,1,0,0,0,1,0,0,0,0,0,0,0,0,1,0,0,0,0,0,0,0,0,0,0,0,0,0,0,0,0,0,0,0,0,0,0,0,0,0
"13767.58cfa834e4b0c9d6adf6e760",0,0,0,0,0,0,0,5,0,0,0,0,0,0,0,0,0,1,0,0,0,0,0,0,0,0,0,0,0,0,0,0,0,0,0,0,0,0,0,0,0,0,0
"13767.58cfa83be4b0c9d6adf72898",0,0,0,0,0,0,0,0,1,0,0,0,0,0,0,0,0,0,0,0,0,0,0,0,0,0,0,0,0,0,0,0,0,0,0,0,0,0,0,0,0,0,0
"13767.58cfa83be4b0c9d6adf72648",0,0,0,0,0,0,0,10,6,0,0,0,0,2,0,0,3,3,0,0,1,0,0,0,0,0,0,0,0,0,0,0,0,4,0,0,0,0,0,0,0,1,0
"13767.58cfa83be4b0c9d6adf71eb8",0,0,0,0,0,0,0,0,0,0,0,0,0,0,0,0,0,0,0,0,0,0,0,0,0,0,0,0,0,0,0,0,0,1,0,0,0,0,0,0,0,0,0
"13767.58cfa838e4b0c9d6adf705b4",0,0,1,0,2,1,0,96,22,0,0,0,0,16,0,0,9,18,0,0,8,0,0,1,0,0,0,0,0,0,0,0,0,0,0,1,0,0,0,0,0,7,0
"13767.58cfa83be4b0c9d6adf7256e",0,0,0,0,0,0,0,0,0,0,0,0,0,0,0,0,0,1,0,0,1,0,0,0,0,0,0,0,0,0,0,0,0,1,0,0,0,0,0,0,0,0,0
"13767.58cfa83be4b0c9d6adf72684",0,0,0,0,0,0,0,1,0,0,0,0,0,0,0,0,0,1,0,0,0,0,0,0,0,0,0,0,0,0,0,0,0,0,0,0,0,0,0,0,0,0,0
"13767.58cfa83be4b0c9d6adf724fd",0,0,0,0,0,0,0,0,0,0,0,0,0,0,0,0,0,0,0,0,0,0,0,0,0,0,0,0,0,0,0,0,0,1,0,0,0,0,0,0,0,0,0
"13767.58cfa83ae4b0c9d6adf71cf8",0,0,1,0,0,0,0,5,0,0,0,0,0,1,0,0,0,2,0,0,0,0,0,0,0,0,0,0,0,0,0,0,0,0,0,0,0,0,0,0,0,1,0
"13767.58cfa83be4b0c9d6adf727cb",0,0,0,0,0,0,0,4,1,0,0,0,0,1,0,0,0,1,0,0,0,0,0,0,0,0,0,0,0,0,0,0,0,0,0,0,0,0,0,0,0,0,0
"13767.58cfa838e4b0c9d6adf70b10",0,0,0,0,0,0,0,3,0,0,0,0,0,0,0,0,1,1,0,0,0,0,0,0,0,0,0,0,0,0,0,0,0,0,0,0,0,0,0,0,0,0,0
"13767.58cfa83ae4b0c9d6adf71e38",0,0,0,0,0,0,0,0,0,0,0,0,0,0,0,0,0,0,0,0,0,0,0,0,0,0,0,0,0,0,0,0,0,1,0,0,0,0,0,0,0,0,0
"13767.58cfa83be4b0c9d6adf7253e",0,0,0,0,0,0,0,1,0,0,0,0,0,0,0,0,0,0,0,0,0,0,0,0,0,0,0,0,0,0,0,0,0,0,0,0,0,0,0,0,0,0,0
"13767.58cfa83ae4b0c9d6adf71d60",0,0,0,0,0,0,0,0,1,0,0,0,0,0,0,0,0,0,0,0,0,0,0,0,0,0,0,0,0,0,0,0,0,1,0,0,0,0,0,0,0,0,0
"13767.58cfa83be4b0c9d6adf72446",0,0,0,0,0,0,0,0,0,0,0,0,0,0,0,0,0,1,0,0,0,0,0,0,0,0,0,0,0,0,0,0,0,0,0,0,0,0,0,0,0,0,0
"13767.58cfa83be4b0c9d6adf72544",0,0,0,0,0,0,0,3,0,0,0,0,0,1,0,0,0,1,0,0,1,0,0,0,0,0,0,0,0,0,0,0,0,0,0,0,0,0,0,0,0,0,0
"13767.58cfa83be4b0c9d6adf71f38",0,0,0,0,0,0,0,7,0,0,0,0,0,3,0,0,0,2,0,0,0,0,0,0,0,0,0,0,0,0,0,0,0,1,0,0,0,0,0,0,0,1,0
"13767.58cfa83ae4b0c9d6adf71c6a",0,0,0,0,0,0,0,2,0,0,0,0,0,0,0,0,0,0,0,0,1,0,0,0,0,0,0,0,0,0,0,0,0,1,0,0,0,0,0,0,0,0,0
"13767.58cfa83be4b0c9d6adf72695",0,0,0,0,0,0,0,1,0,0,0,0,0,0,0,0,0,1,0,0,1,0,0,0,0,0,0,0,0,0,0,0,0,0,0,0,0,0,0,0,0,0,0
"13767.58cfa83ae4b0c9d6adf71e4a",0,0,0,0,0,0,0,3,1,0,0,0,0,0,0,0,0,1,0,0,0,0,0,0,0,0,0,0,0,0,0,0,0,0,0,0,0,0,0,0,0,0,0
"13767.58cfa83be4b0c9d6adf72587",0,0,0,0,0,0,0,17,5,0,0,0,0,2,0,0,0,4,0,0,3,0,0,0,0,0,0,0,0,0,0,0,0,0,0,0,0,0,0,0,0,1,0
"13767.58cfa838e4b0c9d6adf70d22",0,0,0,0,0,0,0,0,0,0,0,0,0,2,0,0,0,1,0,0,0,0,0,0,0,0,0,0,0,0,0,0,0,0,0,0,0,0,0,0,0,0,0
"13767.58cfa834e4b0c9d6adf6e76c",0,0,0,0,0,0,0,1,0,0,0,0,0,0,0,0,0,0,0,0,0,0,0,0,0,0,0,0,0,0,0,0,0,1,0,0,0,0,0,0,0,0,0
"13767.58cfa83be4b0c9d6adf72550",0,0,0,0,0,0,0,0,0,0,0,0,0,0,0,0,0,1,0,0,0,0,0,0,0,0,0,0,0,0,0,0,0,0,0,0,0,0,0,0,0,0,0
"13767.58cfa839e4b0c9d6adf715a3",0,0,0,0,0,0,0,6,1,0,0,0,0,3,0,0,0,1,0,0,2,0,0,0,0,0,0,0,0,0,0,0,0,0,0,0,0,0,0,0,0,1,0
"13767.58cfa83ae4b0c9d6adf71d64",0,0,0,0,0,0,0,0,1,0,0,0,0,0,0,0,0,0,0,0,0,0,0,0,0,0,0,0,0,0,0,0,0,0,0,0,0,0,0,0,0,0,0
"13767.58cfa838e4b0c9d6adf70565",0,0,0,0,1,0,0,16,3,2,0,0,0,4,0,2,0,4,0,0,4,0,0,0,0,0,0,0,0,0,0,0,0,0,0,0,0,0,0,0,0,3,0
"13767.58cfa83be4b0c9d6adf725f0",0,0,0,0,1,0,0,25,8,0,0,0,0,8,0,0,4,9,0,0,2,0,0,0,0,0,0,0,0,0,0,0,0,0,0,0,0,0,0,0,0,2,0
"13767.58cfa83be4b0c9d6adf724d6",0,0,0,0,0,0,0,0,0,0,0,0,0,0,0,0,0,0,0,0,0,0,0,0,0,0,0,0,0,0,0,0,0,2,0,0,0,0,0,0,0,0,0
"13767.58cfa83ae4b0c9d6adf71d82",0,0,0,0,0,0,0,0,0,0,0,0,0,0,0,0,0,0,0,0,0,0,0,0,0,0,0,0,0,0,0,0,0,1,0,0,0,0,0,0,0,0,0
"13767.58cfa83ae4b0c9d6adf71cce",0,0,0,0,0,0,0,1,0,0,0,0,0,0,0,0,0,0,0,0,0,0,0,0,0,0,0,0,0,0,0,0,0,0,0,0,0,0,0,0,0,0,0
"13767.58cfa83be4b0c9d6adf72856",0,0,0,0,0,0,0,0,1,0,0,0,0,0,0,0,0,0,0,0,0,0,0,0,0,0,0,0,0,0,0,0,0,0,0,0,0,0,0,0,0,0,0
"13767.58cfa838e4b0c9d6adf70b38",0,0,0,0,0,0,0,2,0,0,0,0,0,2,0,0,0,1,0,0,0,0,0,0,0,0,0,0,0,0,0,0,0,0,0,0,0,0,0,0,0,0,0
"13767.58cfa83ae4b0c9d6adf71a55",0,0,0,0,0,0,0,0,0,0,0,0,0,0,0,0,0,0,0,0,0,0,0,0,0,0,0,0,0,0,0,0,0,2,0,0,0,0,0,0,0,0,0
"13767.58cfa834e4b0c9d6adf6e766",0,0,0,0,0,0,0,1,0,0,0,0,0,0,0,0,0,1,0,0,0,0,0,0,0,0,0,0,0,0,0,0,0,0,0,0,0,0,0,0,0,0,0
"13767.58cfa838e4b0c9d6adf70a4b",1,0,1,0,7,1,3,215,55,2,0,0,0,50,1,3,30,54,0,0,28,0,0,1,0,0,0,0,0,0,0,0,0,0,0,1,0,0,0,0,0,15,2
"13767.58cfa83ae4b0c9d6adf71da3",0,0,0,0,0,0,0,0,1,0,0,0,0,0,0,0,0,1,0,0,0,0,0,0,0,0,0,0,0,0,0,0,0,0,0,0,0,0,0,0,0,0,0
"13767.58cfa83be4b0c9d6adf7251a",0,0,0,0,0,0,0,1,0,0,0,0,0,0,0,0,0,0,0,0,0,0,0,0,0,0,0,0,0,0,0,0,0,0,0,0,0,0,0,0,0,0,0
"13767.58cfa834e4b0c9d6adf6e6a7",0,0,0,0,1,2,0,97,19,0,0,0,0,18,0,0,9,24,0,0,10,0,0,0,0,0,0,0,0,0,0,0,0,0,0,1,0,0,0,0,0,8,1
"13767.58cfa83be4b0c9d6adf72734",0,0,0,0,0,0,0,4,0,0,0,0,0,0,0,0,0,2,0,0,0,0,0,0,0,0,0,0,0,0,0,0,0,0,0,0,0,0,0,0,0,0,0
"13767.58cfa83ae4b0c9d6adf71b90",0,0,0,0,0,0,0,4,1,0,0,0,0,0,0,0,0,1,0,0,2,0,0,0,0,0,0,0,0,0,0,0,0,0,0,0,0,0,0,0,0,0,0
"13767.58cfa83ae4b0c9d6adf71d66",0,0,0,0,0,0,0,0,0,0,0,0,0,0,0,0,0,0,0,0,0,0,0,0,0,0,0,0,0,0,0,0,0,1,0,0,0,0,0,0,0,0,0
"13767.58cfa83be4b0c9d6adf725b5",0,0,0,0,0,0,1,0,0,0,0,0,0,0,0,0,0,0,0,0,0,0,0,0,0,0,0,0,0,0,0,0,0,1,0,0,0,0,0,0,0,0,0
"13767.58cfa838e4b0c9d6adf70996",0,0,0,0,0,0,0,17,1,0,0,0,0,2,0,0,2,4,0,0,2,0,0,0,0,0,0,0,0,0,0,0,0,0,0,0,0,0,0,0,0,1,0
"13767.58cfa835e4b0c9d6adf6ec32",0,0,0,0,0,0,0,16,2,0,0,0,0,5,0,0,3,4,0,0,0,0,0,0,0,0,0,0,0,0,0,0,0,0,0,0,0,0,0,0,0,1,0
"13767.58cfa838e4b0c9d6adf70fb2",0,0,0,0,0,0,0,1,0,0,0,0,0,0,0,0,0,0,0,0,0,0,0,0,0,0,0,0,0,0,0,0,0,0,0,0,0,0,0,0,0,0,0
"13767.58cfa83be4b0c9d6adf72837",0,0,0,0,0,0,0,0,1,0,0,0,0,0,0,0,0,0,0,0,0,0,0,0,0,0,0,0,0,0,0,0,0,0,0,0,0,0,0,0,0,0,0
"13767.58cfa835e4b0c9d6adf6ec0e",0,0,0,0,0,0,0,1,0,0,0,0,0,0,0,0,0,0,0,0,0,0,0,0,0,0,0,0,0,0,0,0,0,0,0,0,0,0,0,0,0,0,0
"13767.58cfa83be4b0c9d6adf7246c",0,0,0,0,0,0,0,0,0,0,0,0,0,0,0,0,0,0,0,0,0,0,0,0,0,0,0,0,0,0,0,0,0,1,0,0,0,0,0,0,0,0,0
"13767.58cfa83ae4b0c9d6adf71d41",0,0,0,0,0,0,0,4,1,0,0,0,0,0,0,0,0,0,0,0,0,0,0,0,0,0,0,0,0,0,0,0,0,0,0,0,0,0,0,0,0,0,0
"13767.58cfa834e4b0c9d6adf6e668",0,0,0,0,0,0,0,2,0,0,0,0,0,0,0,0,0,1,0,0,0,0,0,0,0,0,0,0,0,0,0,0,0,0,0,0,0,0,0,0,0,0,0
"13767.58cfa83ae4b0c9d6adf717ae",0,0,0,0,0,0,0,0,0,0,0,0,0,0,0,0,0,0,0,0,0,0,0,0,0,0,0,0,0,0,0,0,0,1,0,0,0,0,0,0,0,0,0
"13767.58cfa83be4b0c9d6adf72454",0,0,0,0,0,0,0,0,1,0,0,0,0,0,0,0,0,0,0,0,0,0,0,0,0,0,0,0,0,0,0,0,0,1,0,0,0,0,0,0,0,0,0
"13767.58cfa83be4b0c9d6adf725e4",0,0,0,0,1,0,0,18,2,0,0,0,0,4,0,0,1,7,0,0,4,0,0,0,0,0,0,0,0,0,0,0,0,1,0,0,0,0,0,0,0,1,0
"13767.58cfa83ae4b0c9d6adf71d54",0,0,0,0,0,0,0,1,0,0,0,0,0,0,0,0,1,0,0,0,0,0,0,0,0,0,0,0,0,0,0,0,0,0,0,0,0,0,0,0,0,0,0
"13767.58cfa83be4b0c9d6adf71f3c",0,0,0,0,0,0,0,4,0,0,0,0,0,2,0,0,0,2,0,0,0,0,0,0,0,0,0,0,0,0,0,0,0,1,0,0,0,0,0,0,0,0,0
"13767.58cfa83be4b0c9d6adf71f42",0,0,0,0,0,0,0,5,0,0,0,0,0,1,0,0,0,1,0,0,2,0,0,0,0,0,0,0,0,0,0,0,0,1,0,0,0,0,0,0,0,1,0
"13767.58cfa838e4b0c9d6adf7051a",0,0,0,0,4,1,1,166,43,0,0,0,0,41,0,0,19,45,0,0,20,0,0,0,0,0,0,0,0,0,0,0,0,0,0,2,0,0,0,0,0,11,2
"13767.58cfa83ae4b0c9d6adf71d6b",0,0,0,0,0,0,0,0,0,0,0,0,0,0,0,0,0,0,0,0,1,0,0,0,0,0,0,0,0,0,0,0,0,0,0,0,0,0,0,0,0,0,0
"13767.58cfa83ae4b0c9d6adf71d46",0,0,0,0,1,0,0,0,0,1,0,0,0,0,0,1,0,1,0,0,0,0,0,0,0,0,0,0,0,0,0,0,0,2,0,0,0,0,0,0,0,0,0
"13767.58cfa83ae4b0c9d6adf71675",0,0,0,0,0,0,0,3,0,0,0,0,0,0,0,0,0,1,0,0,0,0,0,0,0,0,0,0,0,0,0,0,0,0,0,0,0,0,0,0,0,0,0
"13767.58cfa83be4b0c9d6adf72503",0,0,0,0,0,0,0,0,0,0,0,0,0,0,0,0,0,0,0,0,0,0,0,0,0,0,0,0,0,0,0,0,0,1,0,0,0,0,0,0,0,0,0
"13767.58cfa838e4b0c9d6adf70a7a",0,0,0,0,1,1,0,67,14,0,0,0,0,15,0,0,7,15,1,0,13,0,0,0,0,0,0,0,0,0,0,0,0,0,0,1,0,0,0,0,0,5,0
"13767.58cfa83ae4b0c9d6adf71ae6",0,0,0,0,0,0,0,1,0,0,0,0,0,0,0,0,0,0,0,0,0,0,0,0,0,0,0,0,0,0,0,0,0,2,0,0,0,0,0,0,0,0,0
"13767.58cfa838e4b0c9d6adf709da",0,0,0,0,0,0,0,2,0,0,0,0,0,0,0,0,0,1,0,0,0,0,0,0,0,0,0,0,0,0,0,0,0,0,0,0,0,0,0,0,0,0,0
"13767.58cfa83ae4b0c9d6adf71b86",0,0,0,0,0,0,0,0,0,0,0,0,0,0,0,0,0,0,0,0,0,0,0,0,0,0,0,0,0,0,0,0,0,2,0,0,0,0,0,0,0,0,0
"13767.58cfa838e4b0c9d6adf709a4",0,0,0,0,1,0,0,8,3,0,0,0,0,2,0,0,0,2,0,0,3,0,0,0,0,0,0,0,0,0,0,0,0,0,0,0,0,0,0,0,0,1,0
"13767.58cfa83ae4b0c9d6adf71df6",0,0,0,0,0,0,0,1,1,0,0,0,0,0,0,0,0,1,0,0,0,0,0,0,0,0,0,0,0,0,0,0,0,0,0,0,0,0,0,0,0,0,0
"13767.58cfa837e4b0c9d6adf702b2",0,0,0,0,2,0,1,49,14,0,0,0,0,17,0,0,6,18,0,0,7,0,0,0,0,0,0,0,0,0,0,0,0,1,0,0,0,0,0,0,0,4,0
"13767.58cfa83be4b0c9d6adf725f8",0,0,0,0,0,0,0,1,0,0,0,0,0,0,0,0,0,0,0,0,0,0,0,0,0,0,0,0,0,0,0,0,0,0,0,0,0,0,0,0,0,0,0
"13767.58cfa838e4b0c9d6adf70582",0,0,0,0,0,0,0,7,0,0,0,0,0,1,0,0,1,3,0,0,3,0,0,0,0,0,0,0,0,0,0,0,0,0,0,0,0,0,0,0,0,1,0
"13767.58cfa83ae4b0c9d6adf71c7c",0,0,0,0,0,0,0,2,0,0,0,0,0,1,0,0,0,1,0,0,0,0,0,0,0,0,0,0,0,0,0,0,0,0,0,0,0,0,0,0,0,0,0
"13767.58cfa837e4b0c9d6adf700d6",0,0,0,0,0,0,0,9,1,0,0,0,0,2,0,0,2,3,0,0,1,0,0,0,0,0,0,0,0,0,0,0,0,0,0,0,0,0,0,0,0,1,0
"13767.58cfa83be4b0c9d6adf727d5",0,0,0,0,0,0,0,0,0,0,0,0,0,0,0,0,0,0,0,0,0,0,0,0,0,0,0,0,0,0,0,0,0,1,0,0,0,0,0,0,0,0,0
"13767.58cfa83ae4b0c9d6adf71e2a",0,0,0,0,1,0,0,7,2,1,0,0,0,1,0,1,0,2,0,0,1,0,0,0,0,0,0,0,0,0,0,0,0,0,0,0,0,0,0,0,0,1,0
"13767.58cfa838e4b0c9d6adf7094c",0,0,0,0,0,0,0,12,4,0,0,0,0,5,0,0,1,4,0,0,2,0,0,0,0,0,0,0,0,0,0,0,0,0,0,0,0,0,0,0,0,3,0
"13767.58cfa838e4b0c9d6adf70bb0",0,0,0,0,0,0,0,6,1,0,0,0,0,1,0,0,0,2,0,0,1,0,0,0,0,0,0,0,0,0,0,0,0,0,0,0,0,0,0,0,0,0,0
"13767.58cfa839e4b0c9d6adf71494",0,0,0,0,0,0,0,8,1,0,0,0,0,1,0,0,0,3,0,0,2,0,0,0,0,0,0,0,0,0,0,0,0,0,0,0,0,0,0,0,0,0,0
"13767.58cfa83ae4b0c9d6adf71c92",0,0,0,0,0,0,0,10,1,0,0,0,0,3,0,0,0,3,0,0,0,0,0,0,0,0,0,0,0,0,0,0,0,1,0,0,0,0,0,0,0,1,0
"13767.58cfa838e4b0c9d6adf7056e",0,0,0,0,7,1,0,100,24,2,0,0,0,21,0,2,10,26,0,0,12,0,0,0,0,0,0,0,0,0,0,0,0,1,0,0,0,0,0,0,0,6,0
"13767.58cfa834e4b0c9d6adf6e2f2",0,0,0,0,0,0,0,0,0,0,0,0,0,0,0,0,0,1,0,0,0,0,0,0,0,0,0,0,0,0,0,0,0,0,0,0,0,0,0,0,0,0,0
"13767.58cfa83ae4b0c9d6adf71bd0",0,0,0,0,0,0,0,1,1,0,0,0,0,0,0,0,0,0,0,0,0,0,0,0,0,0,0,0,0,0,0,0,0,0,0,0,0,0,0,0,0,0,0
"13767.58cfa83ae4b0c9d6adf71892",0,0,0,0,0,0,0,3,0,0,0,0,0,1,0,0,0,1,0,0,0,0,0,0,0,0,0,0,0,0,0,0,0,0,0,0,0,0,0,0,0,0,0
"13767.58cfa83ae4b0c9d6adf71d58",0,0,0,0,0,0,0,4,0,0,0,0,0,2,0,0,0,2,0,0,1,0,0,0,0,0,0,0,0,0,0,0,0,1,0,0,0,0,0,0,0,0,0
"13767.58cfa834e4b0c9d6adf6e3d1",0,0,0,0,0,0,0,27,2,0,0,0,0,9,0,0,2,6,0,0,3,0,0,0,0,0,0,0,0,0,0,0,0,0,0,0,0,0,0,0,0,2,0
"13767.58cfa83ae4b0c9d6adf71d0b",0,0,0,0,0,0,0,0,0,1,0,0,0,0,0,1,0,0,0,0,0,0,0,0,0,0,0,0,0,0,0,0,0,0,0,0,0,0,0,0,0,0,0
"13767.58cfa83be4b0c9d6adf726d2",0,0,0,0,0,0,0,0,0,0,0,0,0,0,0,0,0,0,0,0,0,0,0,0,0,0,0,0,0,0,0,0,0,1,0,0,0,0,0,0,0,0,0
"13767.58cfa839e4b0c9d6adf71248",0,0,0,0,1,0,0,0,0,0,0,0,0,0,0,0,0,0,0,0,0,0,0,0,0,0,0,0,0,0,0,0,0,1,0,0,0,0,0,0,0,0,0
"13767.58cfa838e4b0c9d6adf70ac6",0,0,0,0,0,0,0,4,0,0,0,0,0,0,0,0,0,1,0,0,0,0,0,0,0,0,0,0,0,0,0,0,0,0,0,0,0,0,0,0,0,0,0
"13767.58cfa838e4b0c9d6adf70a5e",0,0,0,0,0,0,0,0,0,0,0,0,0,0,0,0,0,0,0,0,0,0,0,0,0,0,0,0,0,0,0,0,0,1,0,0,0,0,0,0,0,0,0
"13767.58cfa838e4b0c9d6adf7045a",0,0,0,0,1,0,0,23,10,0,0,0,0,8,0,0,3,8,0,0,6,0,0,0,0,0,0,0,0,0,0,0,0,1,0,1,0,0,0,0,0,2,0
"13767.58cfa83ae4b0c9d6adf71dd2",0,0,0,0,0,0,0,1,0,1,0,0,0,0,0,1,0,1,0,0,0,0,0,0,0,0,0,0,0,0,0,0,0,1,0,0,0,0,0,0,0,0,0
"13767.58cfa837e4b0c9d6adf70193",0,0,0,0,1,0,0,41,11,1,0,0,0,7,0,1,4,9,0,0,3,0,0,0,0,0,0,0,0,0,0,0,0,1,0,1,0,0,0,0,0,3,0
"13767.58cfa83be4b0c9d6adf7263e",0,0,0,0,0,0,0,2,0,0,0,0,0,0,0,0,0,0,0,0,0,0,0,0,0,0,0,0,0,0,0,0,0,1,0,0,0,0,0,0,0,0,0
"13767.58cfa838e4b0c9d6adf70950",0,0,0,0,1,0,0,25,7,0,0,0,0,4,0,0,2,6,0,0,2,0,0,1,0,0,0,0,0,0,0,0,0,0,0,0,0,0,0,0,0,2,0
"13767.58cfa838e4b0c9d6adf70a54",0,0,0,0,1,0,0,26,6,0,0,0,0,4,0,0,3,6,0,0,4,0,0,0,0,0,0,0,0,0,0,0,0,0,0,0,0,0,0,0,0,2,0
"13767.58cfa83ae4b0c9d6adf71df8",0,0,0,0,1,0,0,0,0,0,0,0,0,0,0,0,0,0,0,0,0,0,0,0,0,0,0,0,0,0,0,0,0,0,0,0,0,0,0,0,0,0,0
"13767.58cfa838e4b0c9d6adf7097c",0,0,0,0,0,0,0,2,0,0,0,0,0,1,0,0,0,1,0,0,0,0,0,0,0,0,0,0,0,0,0,0,0,1,0,0,0,0,0,0,0,0,0
"13767.58cfa83be4b0c9d6adf72513",0,0,0,0,0,0,0,0,0,0,0,0,0,0,0,0,0,1,0,0,0,0,0,0,0,0,0,0,0,0,0,0,0,0,0,0,0,0,0,0,0,0,0
"13767.58cfa838e4b0c9d6adf7096a",0,0,0,0,0,0,0,3,0,0,0,0,0,2,0,0,0,2,0,0,0,0,0,0,0,0,0,0,0,0,0,0,0,0,0,0,0,0,0,0,0,0,0
"13767.58cfa838e4b0c9d6adf709ee",0,0,0,0,1,0,0,23,6,0,0,0,0,4,0,0,2,5,0,0,1,0,0,0,0,0,0,0,0,0,0,0,0,0,0,0,0,0,0,0,0,2,0
"13767.58cfa838e4b0c9d6adf70e00",0,0,0,0,2,2,1,137,26,0,0,0,0,30,0,0,9,31,0,0,19,0,0,0,0,0,0,0,0,0,0,0,0,0,0,1,0,0,0,0,0,9,0
"13767.58cfa837e4b0c9d6adf70330",0,0,0,0,2,0,0,52,15,1,0,0,0,11,0,0,5,13,0,0,7,0,0,0,0,0,0,0,0,0,0,0,0,1,0,1,0,0,0,0,0,3,0
"13767.58cfa838e4b0c9d6adf7057c",0,0,0,0,1,0,0,25,5,0,0,0,0,7,0,0,2,7,0,0,2,0,0,0,0,0,0,0,0,0,0,0,0,0,0,1,0,0,0,0,0,1,0
"13767.58cfa83be4b0c9d6adf7263a",0,0,0,0,0,0,0,1,1,0,0,0,0,0,0,0,0,1,0,0,0,0,0,0,0,0,0,0,0,0,0,0,0,0,0,0,0,0,0,0,0,0,0
"13767.58cfa838e4b0c9d6adf70992",0,0,0,0,1,0,0,8,0,0,0,0,0,2,0,0,0,3,0,0,0,0,0,0,0,0,0,0,0,0,0,0,0,0,0,0,0,0,0,0,0,0,0
"13767.58cfa83be4b0c9d6adf7246f",0,0,0,0,0,0,0,1,0,0,0,0,0,0,0,0,0,0,0,0,0,0,0,0,0,0,0,0,0,0,0,0,0,0,0,0,0,0,0,0,0,0,0
"13767.58cfa83ae4b0c9d6adf71a3a",0,0,0,0,0,0,0,0,0,0,0,0,0,0,0,0,0,0,0,0,0,0,0,0,0,0,0,0,0,0,0,0,0,2,0,0,0,0,0,0,0,0,0
"13767.58cfa83ae4b0c9d6adf71a84",0,0,0,0,0,0,0,1,0,0,0,0,0,0,0,0,0,0,0,0,0,0,0,0,0,0,0,0,0,0,0,0,0,0,0,0,0,0,0,0,0,0,0
"13767.58cfa83ae4b0c9d6adf71bdb",0,0,0,0,0,0,0,0,0,0,0,0,0,0,0,0,0,0,0,0,0,0,0,0,0,0,0,0,0,0,0,0,0,2,0,0,0,0,0,0,0,0,0
"13767.58cfa83be4b0c9d6adf72592",0,0,0,0,0,0,0,0,1,0,0,0,0,0,0,0,0,0,0,0,0,1,0,0,0,0,0,0,0,0,0,0,0,1,0,0,0,0,0,0,0,0,0
"13767.58cfa83be4b0c9d6adf72906",0,0,0,0,0,0,0,1,0,0,0,0,0,0,0,0,0,0,0,0,0,0,0,0,0,0,0,0,0,0,0,0,0,0,0,0,0,0,0,0,0,0,0
"13767.58cfa837e4b0c9d6adf7003c",0,0,0,0,1,0,0,77,15,1,0,0,0,16,0,1,9,18,0,0,10,0,0,0,0,0,0,0,0,0,0,0,0,3,0,1,0,0,0,0,0,6,1
"13767.58cfa838e4b0c9d6adf70a72",0,0,0,0,0,0,0,8,3,0,0,0,0,0,0,1,0,2,0,0,0,0,0,0,0,0,0,0,0,0,0,0,0,0,0,0,0,0,0,0,0,1,0
"13767.58cfa838e4b0c9d6adf70a65",0,0,0,0,0,0,0,11,3,0,0,0,0,2,0,0,1,3,0,0,2,0,0,0,0,0,0,0,0,0,0,0,0,0,0,0,0,0,0,0,0,1,0
"13767.58cfa834e4b0c9d6adf6e67e",1,0,0,0,1,0,0,63,16,0,0,0,0,18,0,0,8,18,0,0,9,0,0,0,0,0,0,0,0,0,0,0,0,1,0,1,0,0,0,0,0,6,0
"13767.58cfa839e4b0c9d6adf71216",0,0,0,0,0,0,0,0,0,0,0,0,0,0,0,0,0,0,0,0,0,0,0,0,0,0,0,0,0,0,0,0,0,1,0,0,0,0,0,0,0,0,0
"13767.58cfa838e4b0c9d6adf70952",0,0,0,0,0,0,0,13,3,0,0,0,0,3,0,0,0,3,0,0,1,0,0,0,0,0,0,0,0,0,0,0,0,0,0,0,0,0,0,0,0,1,0
"13767.58cfa834e4b0c9d6adf6e078",0,0,0,0,2,0,0,1,1,2,0,0,0,0,0,2,1,1,0,0,0,0,0,0,0,0,0,0,0,0,0,0,0,0,0,0,0,0,0,0,0,0,0
"13767.58cfa838e4b0c9d6adf7052c",0,0,0,0,2,0,0,15,7,1,0,0,0,4,0,1,2,5,0,0,2,0,0,0,0,0,0,0,0,0,0,0,0,0,0,0,0,0,0,0,0,2,0
"13767.58cfa838e4b0c9d6adf70b6e",0,0,1,0,1,0,0,17,5,0,0,0,0,5,0,0,2,6,0,0,2,0,0,0,0,0,0,0,0,0,0,0,0,0,0,0,0,0,0,0,0,2,0
"13767.58cfa839e4b0c9d6adf71331",0,0,0,0,0,0,0,0,0,0,0,0,0,0,0,0,0,0,0,0,0,0,0,0,0,0,0,0,0,0,0,0,0,1,0,0,0,0,0,0,0,0,0
"13767.58cfa83be4b0c9d6adf7254a",0,0,0,0,1,0,0,1,0,1,0,0,0,0,0,1,0,0,0,0,0,0,0,0,0,0,0,0,0,0,0,0,0,1,0,0,0,0,0,0,0,0,0
"13767.58cfa839e4b0c9d6adf715cc",0,0,0,0,0,0,0,2,0,0,0,0,0,0,0,0,0,1,0,0,0,0,0,0,0,0,0,0,0,0,0,0,0,0,0,0,0,0,0,0,0,0,0
"13767.58cfa838e4b0c9d6adf704c7",0,0,0,0,1,1,0,63,13,1,0,0,0,15,0,1,10,19,0,0,8,0,0,1,0,0,0,0,0,0,0,0,0,2,0,0,0,0,0,0,0,4,0
"13767.58cfa83ae4b0c9d6adf71b82",0,0,0,0,0,0,0,1,0,0,0,0,0,0,0,0,0,0,0,0,0,0,0,0,0,0,0,0,0,0,0,0,0,1,0,0,0,0,0,0,0,0,0
"13767.58cfa838e4b0c9d6adf70ac2",0,0,0,0,0,0,0,2,0,0,0,0,0,0,0,0,0,2,0,0,0,0,0,0,0,0,0,0,0,0,0,0,0,1,0,0,0,0,0,0,0,0,0
"13767.58cfa837e4b0c9d6adf7009f",0,0,0,0,0,0,0,24,4,0,0,0,0,6,0,0,3,8,0,0,4,0,0,0,0,0,0,0,0,0,0,0,0,0,0,0,0,0,0,0,0,2,1
"13767.58cfa838e4b0c9d6adf70cc4",0,0,0,0,0,0,0,3,0,0,0,0,0,0,0,0,0,0,0,0,0,0,0,0,0,0,0,0,0,0,0,0,0,1,0,0,0,0,0,0,0,0,0
"13767.58cfa83be4b0c9d6adf72674",0,0,0,0,0,0,0,0,0,0,0,0,0,0,0,0,0,0,0,0,0,0,0,0,0,0,0,0,0,0,0,0,0,1,0,0,0,0,0,0,0,0,0
"13767.58cfa83ae4b0c9d6adf71aa6",0,0,0,0,0,0,0,1,0,0,0,0,0,0,0,0,0,1,0,0,0,0,0,0,0,0,0,0,0,0,0,0,0,0,0,0,0,0,0,0,0,0,0
"13767.58cfa837e4b0c9d6adf70258",0,0,0,0,7,1,1,59,18,4,0,0,0,17,1,4,8,16,0,0,10,0,0,0,0,0,0,0,0,0,0,0,0,0,0,0,0,0,0,0,0,3,0
"13767.58cfa834e4b0c9d6adf6e212",0,0,0,0,0,0,0,17,4,0,0,0,0,5,0,0,0,3,0,0,3,0,0,0,0,0,0,0,0,0,0,0,0,0,0,0,0,0,0,0,0,2,0
"13767.58cfa838e4b0c9d6adf70a58",0,0,0,0,2,0,0,2,1,0,0,0,0,0,0,0,0,0,0,0,1,0,0,0,0,0,0,0,0,0,0,0,0,1,0,0,0,0,0,0,0,0,0
"13767.58cfa834e4b0c9d6adf6e29e",0,0,0,0,0,0,0,3,0,0,0,0,0,0,0,0,0,1,0,0,0,0,0,0,0,0,0,0,0,0,0,0,0,0,0,0,0,0,0,0,0,0,0
"13767.58cfa839e4b0c9d6adf7145d",0,0,0,0,1,0,0,0,0,0,0,0,0,0,0,0,0,1,0,0,0,0,0,0,0,0,0,0,0,0,0,0,0,0,0,0,0,0,0,0,0,0,0
"13767.58cfa834e4b0c9d6adf6e4d6",0,0,0,0,2,0,0,112,21,0,0,0,0,25,0,0,16,24,0,0,10,0,0,0,0,0,0,0,0,0,0,0,0,0,0,2,0,0,0,0,0,7,0
"13767.58cfa839e4b0c9d6adf713da",0,0,0,0,0,0,0,17,2,0,0,0,0,6,0,0,1,7,0,0,3,0,0,0,0,0,0,0,0,0,0,0,0,0,0,0,0,0,0,0,0,1,0
"13767.58cfa837e4b0c9d6adf701e4",0,0,0,0,2,0,0,12,3,3,0,0,0,4,0,3,0,3,0,0,1,0,0,0,0,0,0,0,0,0,0,0,0,1,0,0,0,0,0,0,0,1,0
"13767.58cfa838e4b0c9d6adf70d2e",0,0,0,0,0,0,0,7,0,0,0,0,0,4,0,0,1,3,0,0,1,0,0,0,0,0,0,0,0,0,0,0,0,1,0,0,0,0,0,0,0,1,0
"13767.58cfa838e4b0c9d6adf70997",0,0,0,0,0,0,0,4,1,0,0,0,0,2,0,0,0,1,0,0,1,0,0,0,0,0,0,0,0,0,0,0,0,2,0,0,0,0,0,0,0,1,0
"13767.58cfa837e4b0c9d6adf7026b",0,0,0,0,2,0,0,84,14,1,0,0,0,19,0,1,11,24,1,0,13,0,0,1,0,0,0,0,0,0,0,0,0,2,0,1,0,0,0,0,0,6,0
"13767.58cfa838e4b0c9d6adf70aac",0,0,0,0,0,3,0,33,7,0,0,0,0,5,0,0,2,9,0,0,4,0,0,0,0,0,0,0,0,0,0,0,0,0,0,0,0,0,0,0,0,3,0
"13767.58cfa83ae4b0c9d6adf71a48",0,0,0,0,0,0,0,1,0,0,0,0,0,0,0,0,0,0,0,0,1,0,0,0,0,0,0,0,0,0,0,0,0,1,0,0,0,0,0,0,0,0,0
"13767.58cfa83ae4b0c9d6adf71a74",0,0,0,0,1,0,0,1,1,1,0,0,0,0,0,1,0,0,0,0,0,0,0,0,0,0,0,0,0,0,0,0,0,1,0,0,0,0,0,0,0,0,0
"13767.58cfa837e4b0c9d6adf70036",0,0,0,0,1,0,0,33,7,0,0,0,0,10,0,0,5,10,0,0,4,0,0,0,0,0,0,0,0,0,0,0,0,0,0,0,0,0,0,0,0,1,1
"13767.58cfa838e4b0c9d6adf70be3",0,0,0,0,0,0,0,4,0,0,0,0,0,0,0,0,0,1,0,0,0,0,0,0,0,0,0,0,0,0,0,0,0,0,0,0,0,0,0,0,0,0,0
"13767.58cfa83be4b0c9d6adf72553",0,0,0,0,0,0,0,0,0,0,0,0,0,0,0,0,0,0,0,0,0,0,0,0,0,0,0,0,0,0,0,0,0,1,0,0,0,0,0,0,0,0,0
"13767.58cfa838e4b0c9d6adf7041a",0,0,0,0,0,0,0,24,8,1,0,0,0,7,0,1,1,7,0,0,3,0,0,0,0,0,0,0,0,0,0,0,0,0,0,0,0,0,0,0,0,1,0
"13767.58cfa83ae4b0c9d6adf71cba",0,0,0,0,1,0,0,4,2,0,0,0,0,0,0,0,0,2,0,0,0,0,0,0,0,0,0,0,0,0,0,0,0,0,0,0,0,0,0,0,0,0,0
"13767.58cfa83ae4b0c9d6adf71b25",0,0,0,0,0,0,0,0,0,0,0,0,0,0,0,0,0,0,0,0,0,0,0,0,0,0,0,0,0,0,0,0,0,1,0,0,0,0,0,0,0,0,0
"13767.58cfa83ae4b0c9d6adf71e8c",0,0,0,0,0,0,0,1,0,0,0,0,0,1,0,0,0,1,0,0,0,0,0,0,0,0,0,0,0,0,0,0,0,1,0,0,0,0,0,0,0,0,0
"13767.58cfa83be4b0c9d6adf71fcc",0,0,0,0,0,0,0,2,0,0,0,0,0,0,0,0,0,0,0,0,0,0,0,0,0,0,0,0,0,0,0,0,0,0,0,0,0,0,0,0,0,0,0
"13767.58cfa838e4b0c9d6adf70481",0,0,0,0,1,0,0,31,7,0,0,0,0,5,0,0,5,10,0,0,3,0,0,0,0,0,0,0,0,0,0,0,0,0,0,0,0,0,0,0,0,3,0
"13767.58cfa838e4b0c9d6adf70a84",0,0,0,0,0,0,0,0,0,0,0,0,0,0,0,0,0,0,0,0,0,0,0,0,0,0,0,0,0,0,0,0,0,1,0,0,0,0,0,0,0,0,0
"13767.58cfa838e4b0c9d6adf70977",0,0,0,0,0,0,0,5,0,0,0,0,0,1,0,0,1,3,0,0,0,0,0,0,0,0,0,0,0,0,0,0,0,0,0,0,0,0,0,0,0,0,0
"13767.58cfa837e4b0c9d6adf70159",0,0,0,0,0,0,0,7,1,0,0,0,0,1,0,0,1,2,0,0,1,0,0,0,0,0,0,0,0,0,0,0,0,1,0,0,0,0,0,0,0,1,0
"13767.58cfa83be4b0c9d6adf71f8a",0,0,0,0,0,0,0,1,0,0,0,0,0,0,0,0,0,0,0,0,0,0,0,0,0,0,0,0,0,0,0,0,0,3,0,0,0,0,0,0,0,0,0
"13767.58cfa834e4b0c9d6adf6e63a",0,0,1,0,3,1,0,142,21,0,0,0,0,28,0,0,14,37,0,0,15,0,0,0,0,0,0,0,0,0,0,0,0,2,0,1,0,0,0,0,0,14,0
"13767.58cfa837e4b0c9d6adf70270",0,0,0,0,0,0,0,13,1,0,0,0,0,6,0,0,1,5,0,0,1,0,0,0,0,0,0,0,0,0,0,0,0,0,0,0,0,0,0,0,0,0,0
"13767.58cfa839e4b0c9d6adf71002",0,0,0,0,0,0,0,11,2,0,0,0,0,1,0,0,1,3,0,0,1,0,0,0,0,0,0,0,0,0,0,0,0,0,0,0,0,0,0,0,0,1,0
"13767.58cfa839e4b0c9d6adf71475",0,0,0,0,0,0,0,3,0,0,0,0,0,0,0,0,1,2,0,0,0,0,0,0,0,0,0,0,0,0,0,0,0,0,0,0,0,0,0,0,0,0,0
"13767.58cfa837e4b0c9d6adf70370",0,0,0,0,5,1,0,68,17,2,0,0,0,16,0,2,8,16,0,0,10,0,0,0,0,0,0,0,0,0,0,0,0,0,0,2,0,0,0,0,0,6,0
"13767.58cfa83be4b0c9d6adf71ede",0,0,0,0,0,0,0,0,0,0,0,0,0,0,0,0,0,1,0,0,0,0,0,0,0,0,0,0,0,0,0,0,0,1,0,0,0,0,0,0,0,0,0
"13767.58cfa83be4b0c9d6adf7254e",0,0,0,0,0,0,0,1,0,0,0,0,0,0,0,0,0,0,0,0,0,0,0,0,0,0,0,0,0,0,0,0,0,0,0,0,0,0,0,0,0,0,0
"13767.58cfa838e4b0c9d6adf70cca",0,0,0,0,0,0,0,2,0,0,0,0,0,0,0,1,0,1,0,0,0,0,0,0,0,0,0,0,0,0,0,0,0,0,0,0,0,0,0,0,0,0,0
"13767.58cfa838e4b0c9d6adf7094f",0,0,0,0,0,0,1,6,2,0,0,0,0,2,0,0,0,2,0,0,0,0,0,0,0,0,0,0,0,0,0,0,0,1,0,0,0,0,0,0,0,0,0
"13767.58cfa837e4b0c9d6adf6ffae",0,0,0,0,2,3,0,119,18,0,0,0,0,26,0,0,16,29,0,0,8,0,0,1,0,0,0,0,0,0,0,0,0,1,0,0,0,0,0,0,0,13,0
"13767.58cfa838e4b0c9d6adf70a38",0,0,0,0,1,0,0,8,1,0,0,0,0,1,0,0,0,2,0,0,0,0,0,0,0,0,0,0,0,0,0,0,0,1,0,0,0,0,0,0,0,1,0
"13767.58cfa837e4b0c9d6adf7012c",0,0,0,0,1,0,0,18,2,0,0,0,0,3,0,0,1,3,0,0,1,0,0,0,0,0,0,0,0,0,0,0,0,1,0,0,0,0,0,0,0,1,0
"13767.58cfa838e4b0c9d6adf70588",0,0,0,0,1,0,0,52,14,0,0,0,0,15,0,0,7,13,0,0,8,0,0,0,0,0,0,0,0,0,0,0,0,2,0,0,0,0,0,0,0,4,0
"13767.58cfa838e4b0c9d6adf709ae",0,0,0,0,0,0,0,1,0,0,0,0,0,0,0,0,0,2,0,0,0,0,0,0,0,0,0,0,0,0,0,0,0,1,0,0,0,0,0,0,0,0,0
"13767.58cfa837e4b0c9d6adf70356",0,0,0,0,0,0,0,26,8,0,0,0,0,6,0,0,2,7,0,0,4,0,0,0,0,0,0,0,0,0,0,0,0,2,0,0,0,0,0,0,0,2,0
"13767.58cfa83ae4b0c9d6adf7170b",0,0,0,0,0,0,0,0,0,0,0,0,0,0,0,0,0,0,0,0,0,0,0,0,0,0,0,0,0,0,0,0,0,1,0,0,0,0,0,0,0,0,0
"13767.58cfa838e4b0c9d6adf7046c",0,0,0,0,1,0,0,23,7,0,0,0,0,5,0,0,3,9,0,0,2,0,0,0,0,0,0,0,0,0,0,0,0,1,0,0,0,0,0,0,0,1,0
"13767.58cfa838e4b0c9d6adf70dd1",0,0,0,0,2,0,0,55,9,0,0,0,0,11,0,0,7,12,0,0,9,0,0,1,0,0,0,0,0,0,0,0,0,1,0,0,0,0,0,0,0,4,0
"13767.58cfa837e4b0c9d6adf7009a",0,0,0,0,0,0,0,11,0,0,0,0,0,5,0,0,0,2,0,0,1,0,0,0,0,0,0,0,0,0,0,0,0,0,0,0,0,0,0,0,0,1,0
"13767.58cfa834e4b0c9d6adf6e230",0,0,0,0,0,0,0,3,0,0,0,0,0,0,0,0,0,2,0,0,0,0,0,0,0,0,0,0,0,0,0,0,0,0,0,0,0,0,0,0,0,0,0
"13767.58cfa839e4b0c9d6adf71078",0,0,0,0,0,0,0,0,1,0,0,0,0,0,0,0,0,0,0,0,0,0,0,0,0,0,0,0,0,0,0,0,0,0,0,0,0,0,0,0,0,0,0
"13767.58cfa837e4b0c9d6adf701d4",0,0,0,0,0,0,0,10,3,0,0,0,0,2,0,0,1,3,0,0,1,0,0,0,0,0,0,0,0,0,0,0,0,0,0,0,0,0,0,0,0,1,0
"13767.58cfa837e4b0c9d6adf70222",0,0,0,0,0,0,0,24,9,0,0,0,0,5,0,1,2,6,0,0,2,0,0,0,0,0,0,0,0,0,0,0,0,0,0,1,0,0,0,0,0,2,0
"13767.58cfa834e4b0c9d6adf6e19d",0,0,0,0,0,0,0,10,1,0,0,0,0,3,0,0,1,4,0,0,2,0,0,0,0,0,0,0,0,0,0,0,0,2,0,0,0,0,0,0,0,1,0
"13767.58cfa838e4b0c9d6adf70c8c",0,0,0,0,1,0,0,0,2,1,0,0,0,0,0,1,0,1,0,0,0,0,0,0,0,0,0,0,0,0,0,0,0,0,0,0,0,0,0,0,0,0,0
"13767.58cfa838e4b0c9d6adf70c62",0,0,0,0,0,0,0,0,0,0,0,0,0,0,0,0,0,0,0,0,0,0,0,0,0,0,0,0,0,0,0,0,0,1,0,0,0,0,0,0,0,0,0
"13767.58cfa837e4b0c9d6adf6fef6",0,0,0,0,2,1,0,134,28,0,0,0,0,31,0,0,20,34,0,0,15,0,0,1,1,0,0,0,0,0,0,0,0,1,0,1,0,0,0,0,0,13,1
"13767.58cfa838e4b0c9d6adf70a20",0,0,0,0,0,0,0,2,0,0,0,0,0,1,0,0,0,1,0,0,1,0,0,0,0,0,0,0,0,0,0,0,0,0,0,0,0,0,0,0,0,0,0
"13767.58cfa837e4b0c9d6adf7028a",0,0,0,0,0,0,0,19,5,0,0,0,0,4,0,0,2,5,0,0,1,0,0,0,0,0,0,0,0,0,0,0,0,0,0,0,0,0,0,0,0,2,0
"13767.58cfa838e4b0c9d6adf70a76",0,0,0,0,0,0,0,2,0,0,0,0,0,0,0,0,0,1,0,0,0,0,0,0,0,0,0,0,0,0,0,0,0,1,0,0,0,0,0,0,0,0,0
"13767.58cfa838e4b0c9d6adf7044f",0,0,0,0,0,0,0,28,4,0,0,0,0,6,0,0,5,8,0,0,2,0,0,0,0,0,0,0,0,0,0,0,0,1,0,0,0,0,0,0,0,1,0
"13767.58cfa837e4b0c9d6adf701b4",0,0,0,0,0,0,0,9,0,0,0,0,0,1,0,0,0,2,0,0,0,0,0,0,0,0,0,0,0,0,0,0,0,1,0,0,0,0,0,0,0,0,0
"13767.58cfa838e4b0c9d6adf70a0c",0,0,0,0,1,0,0,2,1,1,0,0,0,0,0,1,1,0,0,0,0,0,0,0,0,0,0,0,0,0,0,0,0,0,0,0,0,0,0,0,0,0,0
"13767.58cfa839e4b0c9d6adf71497",0,0,0,0,0,0,0,2,0,0,0,0,0,0,0,0,0,0,0,0,1,0,0,0,0,0,0,0,0,0,0,0,0,0,0,0,0,0,0,0,0,0,0
"13767.58cfa837e4b0c9d6adf7025c",0,0,0,0,1,0,0,23,7,0,0,0,0,7,0,0,2,6,0,0,3,0,0,0,0,0,0,0,0,0,0,0,0,0,0,0,0,0,0,0,0,1,0
"13767.58cfa83ae4b0c9d6adf71b48",0,0,0,0,1,0,0,4,1,1,0,0,0,0,0,1,1,1,0,0,2,0,0,0,0,0,0,0,0,0,0,0,0,2,0,0,0,0,0,0,0,0,0
"13767.58cfa83ae4b0c9d6adf71bb2",0,0,0,0,0,0,0,4,0,0,0,0,0,1,0,0,0,1,0,0,0,0,0,0,0,0,0,0,0,0,0,0,0,1,0,0,0,0,0,0,0,1,0
"13767.58cfa83ae4b0c9d6adf71c00",0,0,0,0,0,0,0,0,0,0,0,0,0,0,0,0,0,0,0,0,0,0,0,0,0,0,0,0,0,0,0,0,0,2,0,0,0,0,0,0,0,0,0
"13767.58cfa839e4b0c9d6adf7100e",0,0,0,0,0,0,0,1,0,0,0,0,0,0,0,0,0,0,0,0,0,0,0,0,0,0,0,0,0,0,0,0,0,0,0,0,0,0,0,0,0,0,0
"13767.58cfa838e4b0c9d6adf70c54",0,0,0,0,0,0,0,0,0,0,0,0,0,1,0,0,0,0,0,0,0,0,0,0,0,0,0,0,0,0,0,0,0,0,0,0,0,0,0,0,0,0,0
"13767.58cfa838e4b0c9d6adf709d6",0,0,0,0,0,0,0,13,5,0,0,0,0,4,0,0,1,4,0,0,1,0,0,0,0,0,0,0,0,0,0,0,0,1,0,0,0,0,0,0,0,1,0
"13767.58cfa839e4b0c9d6adf713ac",0,0,0,0,0,0,0,1,0,0,0,0,0,0,0,0,0,1,0,0,0,0,0,0,0,0,0,0,0,0,0,0,0,1,0,0,0,0,0,0,0,0,0
"13767.58cfa83be4b0c9d6adf7261b",0,0,0,0,0,0,0,0,0,0,0,0,0,0,0,0,0,0,0,0,0,0,0,0,0,0,0,0,0,0,0,0,0,1,0,0,0,0,0,0,0,0,0
"13767.58cfa83ae4b0c9d6adf71b5a",0,0,0,0,0,0,0,0,0,0,0,0,0,0,0,0,1,0,0,0,1,0,0,0,0,0,0,0,0,0,0,0,0,0,0,0,0,0,0,0,0,0,0
"13767.58cfa837e4b0c9d6adf700cc",0,0,0,0,0,0,0,5,0,0,0,0,0,0,0,0,0,2,0,0,1,0,0,0,0,0,0,0,0,0,0,0,0,0,0,0,0,0,0,0,0,0,0
"13767.58cfa838e4b0c9d6adf70993",0,0,0,0,0,0,0,1,1,0,0,0,0,0,0,0,0,0,0,0,0,0,0,0,0,0,0,0,0,0,0,0,0,0,0,0,0,0,0,0,0,0,0
"13767.58cfa839e4b0c9d6adf71028",0,0,0,0,0,0,1,0,0,0,0,0,0,0,0,0,0,0,0,0,0,0,0,0,0,0,0,0,0,0,0,0,0,0,0,0,0,0,0,0,0,0,0
"13767.58cfa839e4b0c9d6adf7141a",0,0,0,0,0,0,0,1,0,0,0,0,0,0,0,0,0,1,0,0,0,0,0,0,0,0,0,0,0,0,0,0,0,1,0,0,0,0,0,0,0,0,0
"13767.58cfa83ae4b0c9d6adf71a46",0,0,0,0,0,0,0,2,0,0,0,0,0,0,0,0,0,1,0,0,0,0,0,0,0,0,0,0,0,0,0,0,0,1,1,0,0,0,0,0,0,0,0
"13767.58cfa83ae4b0c9d6adf715d6",0,0,0,0,0,0,0,1,0,0,0,0,0,0,0,0,0,1,0,0,0,0,0,0,0,0,0,0,0,0,0,0,0,1,0,0,0,0,0,0,0,0,0
"13767.58cfa83ae4b0c9d6adf71dd0",0,0,0,0,0,0,0,2,1,0,0,0,0,1,0,0,0,1,0,0,1,0,0,0,0,0,0,0,0,0,0,0,0,0,0,0,0,0,0,0,0,0,0
"13767.58cfa834e4b0c9d6adf6e34a",0,0,0,0,0,0,0,10,1,0,0,0,0,2,0,0,0,3,0,0,1,0,0,0,0,0,0,0,0,0,0,0,0,1,0,0,0,0,0,0,0,0,0
"13767.58cfa838e4b0c9d6adf70c20",0,0,0,0,0,0,0,0,0,0,0,0,0,0,0,0,0,1,0,0,0,0,0,0,0,0,0,0,0,0,0,0,0,0,0,0,0,0,0,0,0,0,0
"13767.58cfa837e4b0c9d6adf7008b",0,0,0,0,1,0,1,21,2,1,0,0,0,5,0,1,1,4,0,0,3,0,0,0,0,0,0,0,0,0,0,0,0,1,0,0,0,0,0,0,0,2,0
"13767.58cfa83ae4b0c9d6adf71b46",0,0,0,0,0,0,0,1,0,0,0,0,0,0,0,0,0,0,0,0,0,0,0,0,0,0,0,0,0,0,0,0,0,0,0,0,0,0,0,0,0,0,0
"13767.58cfa838e4b0c9d6adf70d90",0,0,0,0,0,0,0,1,0,0,0,0,0,0,0,0,0,0,0,0,0,0,0,0,0,0,0,0,0,0,0,0,0,0,0,0,0,0,0,0,0,0,0
"13767.58cfa839e4b0c9d6adf71089",0,0,0,0,0,0,0,5,0,0,0,0,0,0,0,0,0,2,0,0,0,0,0,0,0,0,0,0,0,0,0,0,0,1,0,0,0,0,0,0,0,0,0
"13767.58cfa83ae4b0c9d6adf719fa",0,0,0,0,0,0,0,0,0,0,0,0,0,0,0,0,0,0,0,0,0,0,0,0,0,0,0,0,0,0,0,0,0,3,0,0,0,0,0,0,0,0,0
"13767.58cfa838e4b0c9d6adf705ce",0,0,0,0,0,0,0,32,8,0,0,0,0,6,0,0,3,7,0,0,7,0,0,0,0,0,0,0,0,0,0,0,0,0,0,0,0,0,0,0,0,3,0
"13767.58cfa839e4b0c9d6adf7144b",0,0,0,0,0,0,0,8,1,0,0,0,0,3,0,0,2,3,0,0,1,0,0,0,0,0,0,0,0,0,0,0,0,1,0,0,0,0,0,0,0,0,0
"13767.58cfa837e4b0c9d6adf7021c",0,0,0,0,0,0,0,15,4,0,0,0,0,3,0,0,1,4,0,0,1,0,0,0,0,0,0,0,0,0,0,0,0,2,0,0,0,0,0,0,0,1,0
"13767.58cfa838e4b0c9d6adf70b18",0,0,0,0,0,0,0,14,1,0,0,0,0,4,0,0,2,4,0,0,1,0,0,0,0,0,0,0,0,0,0,0,0,0,0,0,0,0,0,0,0,2,0
"13767.58cfa838e4b0c9d6adf709aa",0,0,0,0,1,0,0,12,3,1,0,0,0,3,0,1,1,2,0,0,1,0,0,0,0,0,0,0,0,0,0,0,0,0,0,0,0,0,0,0,0,1,0
"13767.58cfa839e4b0c9d6adf7111c",0,0,0,0,0,0,0,0,0,0,0,0,0,0,0,0,0,0,0,0,0,0,0,0,0,0,0,0,0,0,0,0,0,1,0,0,0,0,0,0,0,0,0
"13767.58cfa837e4b0c9d6adf6fff2",0,0,0,0,0,0,0,16,4,1,0,0,0,2,0,1,0,4,0,0,1,0,0,0,0,0,0,0,0,0,0,0,0,1,0,0,0,0,0,0,0,2,0
"13767.58cfa837e4b0c9d6adf702a4",0,0,0,0,1,0,0,25,5,0,0,0,0,8,0,0,1,9,0,0,3,0,0,0,0,0,0,0,0,0,0,0,0,0,0,0,0,0,0,0,0,2,0
"13767.58cfa839e4b0c9d6adf7136c",0,0,0,0,0,0,0,10,1,0,0,0,0,2,0,0,0,3,0,0,1,0,0,0,0,0,0,0,0,0,0,0,0,1,0,0,0,0,0,0,0,1,0
"13767.58cfa837e4b0c9d6adf70106",0,0,0,0,1,0,0,14,4,1,0,0,0,4,0,1,0,3,0,0,3,0,0,0,0,0,0,0,0,0,0,0,0,0,0,0,0,0,0,0,0,1,0
"13767.58cfa837e4b0c9d6adf70054",0,0,0,0,7,0,0,7,4,3,0,0,0,1,0,3,0,2,0,0,1,0,0,0,0,0,0,0,0,0,0,0,0,1,0,0,0,0,0,0,0,0,0
"13767.58cfa838e4b0c9d6adf7044d",0,0,0,0,1,0,0,33,9,0,0,0,0,9,0,0,3,10,0,0,4,0,0,0,0,0,0,0,0,0,0,0,0,0,0,1,0,0,0,0,0,2,0
"13767.58cfa837e4b0c9d6adf702bc",0,0,0,0,0,0,0,6,1,0,0,0,0,2,0,0,0,3,0,0,1,0,0,0,0,0,0,0,0,0,0,0,0,0,0,0,0,0,0,0,0,1,0
"13767.58cfa837e4b0c9d6adf70204",0,0,0,0,1,1,0,68,11,0,0,0,0,12,0,0,6,15,0,0,8,0,0,0,0,0,0,0,0,0,0,0,0,0,0,1,0,0,0,0,0,2,0
"13767.58cfa838e4b0c9d6adf70bf1",0,0,0,0,0,0,0,2,1,0,0,0,0,1,0,0,0,1,0,0,0,0,0,0,0,0,0,0,0,0,0,0,0,3,0,0,0,0,0,0,0,0,0
"13767.58cfa83be4b0c9d6adf72532",0,0,0,0,0,0,0,0,0,0,0,0,0,0,0,0,0,2,0,0,1,0,0,0,0,0,0,0,0,0,0,0,0,0,0,0,0,0,0,0,0,0,0
"13767.58cfa838e4b0c9d6adf70b2c",0,0,0,0,0,0,0,21,5,0,0,0,0,6,0,0,1,6,0,0,4,0,0,0,0,0,0,0,0,0,0,0,0,0,0,0,0,0,0,0,0,2,0
"13767.58cfa837e4b0c9d6adf700bc",0,0,0,0,0,0,0,4,2,0,0,0,0,1,0,0,0,2,0,0,1,0,0,0,0,0,0,0,0,0,0,0,0,0,0,0,0,0,0,0,0,0,0
"13767.58cfa837e4b0c9d6adf700c4",0,0,0,0,1,0,0,16,6,2,0,0,0,3,0,2,3,3,0,0,3,0,0,0,0,0,0,0,0,0,0,0,0,0,0,0,0,0,0,0,0,2,0
"13767.58cfa83ae4b0c9d6adf71a40",0,0,0,0,0,0,0,0,0,0,0,0,0,0,0,0,0,0,0,0,0,0,0,0,0,0,0,0,0,0,0,0,0,1,0,0,0,0,0,0,0,0,0
"13767.58cfa838e4b0c9d6adf70a90",0,0,0,0,0,0,1,13,3,0,0,0,0,2,0,0,0,5,0,0,2,0,0,0,0,0,0,0,0,0,0,0,0,1,0,0,0,0,0,0,0,1,0
"13767.58cfa838e4b0c9d6adf709ce",0,0,0,0,0,0,0,2,0,0,0,0,0,0,0,0,0,1,0,0,1,0,0,0,0,0,0,0,0,0,0,0,0,0,0,0,0,0,0,0,0,0,0
"13767.58cfa83ae4b0c9d6adf71cdc",0,0,0,0,0,0,0,0,0,0,0,0,0,0,0,0,0,0,0,0,0,0,0,0,0,0,0,0,0,0,0,0,0,1,0,0,0,0,0,0,0,0,0
"13767.58cfa839e4b0c9d6adf71018",0,0,0,0,0,0,0,0,0,0,0,0,0,0,0,0,0,0,0,0,0,0,0,0,0,0,0,0,0,0,0,0,0,1,0,0,0,0,0,0,0,0,0
"13767.58cfa834e4b0c9d6adf6e38e",0,0,0,0,0,0,0,1,0,0,0,0,0,0,0,0,0,1,0,0,0,0,0,0,0,0,0,0,0,0,0,0,0,1,0,1,0,0,0,0,0,0,0
"13767.58cfa834e4b0c9d6adf6e1f4",0,0,0,0,0,0,0,0,0,0,0,0,0,0,0,0,0,1,0,0,0,0,0,0,0,0,0,0,0,0,0,0,0,1,0,0,0,0,0,0,0,0,0
"13767.58cfa838e4b0c9d6adf70b58",0,0,0,0,0,0,0,6,0,0,0,0,0,2,0,0,2,2,0,0,1,0,0,0,0,0,0,0,0,0,0,0,0,0,0,0,0,0,0,0,0,0,0
"13767.58cfa838e4b0c9d6adf70a3f",0,0,0,0,0,0,0,7,1,0,0,0,0,3,0,0,1,3,0,0,0,0,0,0,0,0,0,0,0,0,0,0,0,1,0,1,0,0,0,0,0,1,0
"13767.58cfa839e4b0c9d6adf71350",0,0,0,0,0,0,0,1,0,0,0,0,0,0,0,0,0,1,0,0,1,0,0,0,0,0,0,0,0,0,0,0,0,2,0,0,0,0,0,0,0,0,0
"13767.58cfa834e4b0c9d6adf6e3a4",0,0,0,0,2,0,0,38,9,1,0,0,0,12,0,1,8,10,0,0,4,0,0,0,0,0,0,0,0,0,0,0,0,0,0,0,0,0,0,0,0,5,0
"13767.58cfa837e4b0c9d6adf701fa",0,0,0,0,1,0,0,54,13,0,0,0,0,11,0,0,6,15,0,0,7,0,0,0,0,0,0,0,0,0,0,0,0,1,0,1,0,0,0,0,0,3,0
"13767.58cfa83ae4b0c9d6adf71d92",0,0,0,0,0,0,0,0,0,0,0,0,0,0,0,0,0,0,0,0,0,0,0,0,0,0,0,0,0,0,0,0,0,1,0,0,0,0,0,0,0,0,0
"13767.58cfa834e4b0c9d6adf6e55d",1,0,0,0,2,2,0,149,20,0,0,0,0,33,0,0,23,33,0,0,16,0,0,0,0,0,0,0,0,0,0,0,0,1,0,2,0,0,0,0,0,11,2
"13767.58cfa839e4b0c9d6adf7108c",0,0,0,0,0,0,0,0,0,0,0,0,0,1,0,0,0,0,0,0,0,0,0,0,0,0,0,0,0,0,0,0,0,0,0,0,0,0,0,0,0,0,0
"13767.58cfa837e4b0c9d6adf700f2",0,0,0,0,0,0,0,25,6,0,0,0,0,6,0,0,3,8,1,0,6,0,0,0,0,0,0,0,0,0,0,0,0,1,0,0,0,0,0,0,0,3,0
"13767.58cfa838e4b0c9d6adf70bf5",0,0,0,0,0,0,0,0,0,0,0,0,0,0,0,0,0,1,0,0,0,0,0,0,0,0,0,0,0,0,0,0,0,1,0,0,0,0,0,0,0,0,0
"13767.58cfa838e4b0c9d6adf70991",0,0,0,0,1,0,0,1,0,1,0,0,0,0,0,1,0,1,0,0,0,0,0,0,0,0,0,0,0,0,0,0,0,1,0,0,0,0,0,0,0,0,0
"13767.58cfa839e4b0c9d6adf71086",0,0,0,0,0,0,0,0,0,0,0,0,0,1,0,0,0,0,0,0,0,0,0,0,0,0,0,0,0,0,0,0,0,0,0,0,0,0,0,0,0,0,0
"13767.58cfa834e4b0c9d6adf6e232",0,0,0,0,0,0,0,5,0,0,0,0,0,1,0,0,1,2,0,0,0,0,0,0,0,0,0,0,0,0,0,0,0,0,0,0,0,0,0,0,0,0,0
"13767.58cfa838e4b0c9d6adf70a50",0,0,0,0,0,0,1,1,0,0,0,0,0,0,0,0,0,1,0,0,0,0,0,0,0,0,0,0,0,0,0,0,0,0,0,0,0,0,0,0,0,0,0
"13767.58cfa837e4b0c9d6adf7034c",0,0,0,0,1,0,0,15,4,0,0,0,0,3,0,0,1,5,0,0,2,0,0,0,0,0,0,0,0,0,0,0,0,1,0,0,0,0,0,0,0,2,0
"13767.58cfa83ae4b0c9d6adf71b7c",0,0,0,0,0,0,0,3,2,0,0,0,0,0,0,0,0,0,0,0,0,0,0,0,0,0,0,0,0,0,0,0,0,2,0,0,0,0,0,0,0,0,0
"13767.58cfa839e4b0c9d6adf71052",0,0,0,0,0,0,0,3,0,0,0,0,0,0,0,0,0,1,0,0,0,0,0,0,0,0,0,0,0,0,0,0,0,0,0,0,0,0,0,0,0,0,0
"13767.58cfa839e4b0c9d6adf71318",0,0,0,0,0,0,0,2,0,0,0,0,0,0,0,0,0,1,0,0,0,0,0,0,0,0,0,0,0,0,0,0,0,0,0,0,0,0,0,0,0,0,0
"13767.58cfa839e4b0c9d6adf713a5",0,0,0,0,0,0,0,2,0,0,0,0,0,1,0,0,0,1,0,0,0,0,0,0,0,0,0,0,0,0,0,0,0,0,0,0,0,0,0,0,0,0,0
"13767.58cfa838e4b0c9d6adf70a28",0,0,0,0,0,0,0,7,2,0,0,0,0,1,0,0,0,2,0,0,1,0,0,0,0,0,0,0,0,0,0,0,0,0,0,0,0,0,0,0,0,1,0
"13767.58cfa835e4b0c9d6adf6ec55",0,0,0,0,0,0,0,0,0,0,0,0,0,0,0,0,0,1,0,0,0,0,0,0,0,0,0,0,0,0,0,0,0,0,0,0,0,0,0,0,0,0,0
"13767.58cfa837e4b0c9d6adf70141",0,0,0,0,2,0,0,52,19,0,0,0,0,11,0,0,9,14,1,0,12,0,0,0,0,0,0,0,0,0,0,0,0,0,0,1,0,0,0,0,0,3,0
"13767.58cfa834e4b0c9d6adf6e218",0,0,0,0,0,0,0,6,0,0,0,0,0,1,0,0,0,1,0,0,1,0,0,0,0,0,0,0,0,0,0,0,0,0,0,0,0,0,0,0,0,0,0
"13767.58cfa83ae4b0c9d6adf71651",0,0,0,0,0,0,0,1,1,0,0,0,0,0,0,0,0,1,0,0,0,0,0,0,0,0,0,0,0,0,0,0,0,1,0,0,0,0,0,0,0,0,0
"13767.58cfa839e4b0c9d6adf7121c",0,0,0,0,0,0,0,1,3,0,0,0,0,1,0,0,1,1,0,0,0,0,0,0,0,0,0,0,0,0,0,0,0,1,0,0,0,0,0,0,0,0,0
"13767.58cfa839e4b0c9d6adf714a2",0,0,0,0,0,0,0,2,0,0,0,0,0,0,0,0,0,1,0,0,0,0,0,0,0,0,0,0,0,0,0,0,0,1,0,0,0,0,0,0,0,0,0
"13767.58cfa835e4b0c9d6adf6ec08",0,0,0,0,0,0,0,0,0,0,0,0,0,0,0,0,0,1,0,0,0,0,0,0,0,0,0,0,0,0,0,0,0,0,0,0,0,0,0,0,0,0,0
"13767.58cfa837e4b0c9d6adf70247",0,0,0,0,0,0,0,12,1,0,0,0,0,2,0,0,1,3,0,0,2,0,0,0,0,0,0,0,0,0,0,0,0,1,0,0,0,0,0,0,0,1,0
"13767.58cfa837e4b0c9d6adf7029a",0,0,0,0,2,0,0,39,6,0,0,0,0,9,0,0,5,9,0,0,5,0,0,0,0,0,0,0,0,0,0,0,0,0,0,0,0,0,0,0,0,3,0
"13767.58cfa837e4b0c9d6adf6ffbb",0,0,0,0,2,0,0,41,8,0,0,0,0,10,0,0,5,11,0,0,5,0,0,1,0,0,0,0,0,0,0,0,0,0,0,0,0,0,0,0,0,3,0
"13767.58cfa834e4b0c9d6adf6e1b0",0,0,0,0,0,0,0,1,1,0,0,0,0,0,0,0,0,0,0,0,0,0,0,0,0,0,0,0,0,0,0,0,0,0,0,0,0,0,0,0,0,0,0
"13767.58cfa83be4b0c9d6adf7265c",0,0,0,0,0,0,0,1,0,0,0,0,0,0,0,0,0,3,0,0,0,0,0,0,0,0,0,0,0,0,0,0,0,1,0,0,0,0,0,0,0,0,0
"13767.58cfa839e4b0c9d6adf710de",0,0,0,0,0,0,0,1,0,0,0,0,0,0,0,0,0,0,0,0,0,0,0,0,0,0,0,0,0,0,0,0,0,1,0,0,0,0,0,0,0,0,0
"13767.58cfa837e4b0c9d6adf7004c",0,0,0,0,0,0,0,12,2,0,0,0,0,3,0,0,0,4,0,0,1,0,0,0,0,0,0,0,0,0,0,0,0,1,0,0,0,0,0,0,0,1,0
"13767.58cfa837e4b0c9d6adf6ffdc",1,0,0,0,2,1,0,101,16,0,0,0,0,23,0,0,13,29,2,0,13,0,0,0,0,0,0,0,0,0,0,0,0,0,0,2,0,0,0,0,0,9,0
"13767.58cfa838e4b0c9d6adf70b34",0,0,0,0,0,0,0,3,0,0,0,0,0,0,0,0,0,3,0,0,0,0,0,0,0,0,0,0,0,0,0,0,0,1,0,0,0,0,0,0,0,0,0
"13767.58cfa83ae4b0c9d6adf71b20",0,0,0,0,0,0,0,1,0,0,0,0,0,0,0,0,1,0,0,0,0,0,0,0,0,0,0,0,0,0,0,0,0,0,0,0,0,0,0,0,0,0,0
"13767.58cfa83ae4b0c9d6adf71ae2",0,0,0,0,0,0,0,0,0,0,0,0,0,0,0,0,0,0,0,0,0,0,0,0,0,0,0,0,0,0,0,0,0,1,0,0,0,0,0,0,0,0,0
"13767.58cfa838e4b0c9d6adf704e9",0,0,0,0,0,0,0,18,8,0,0,0,0,3,0,0,3,5,0,0,2,0,0,0,0,0,0,0,0,0,0,0,0,0,0,0,0,0,0,0,0,1,0
"13767.58cfa837e4b0c9d6adf701c2",0,0,0,0,1,1,0,30,6,0,0,0,0,8,0,0,5,9,0,0,4,0,0,0,0,0,0,0,0,0,0,0,0,1,0,1,0,0,0,0,0,2,0
"13767.58cfa834e4b0c9d6adf6e5fa",0,0,0,0,2,0,0,81,8,0,0,0,0,20,0,0,10,27,0,0,10,0,0,0,0,0,0,0,0,0,0,0,0,0,0,1,0,0,0,0,0,7,0
"13767.58cfa838e4b0c9d6adf70afa",0,0,0,0,0,0,0,2,0,0,0,0,0,0,0,0,0,1,0,0,0,0,0,0,0,0,0,0,0,0,0,0,0,0,0,0,0,0,0,0,0,0,0
"13767.58cfa83ae4b0c9d6adf71bb7",0,0,0,0,0,0,0,0,1,0,0,0,0,0,0,0,0,0,0,0,0,0,0,0,0,0,0,0,0,0,0,0,0,0,0,0,0,0,0,0,0,0,0
"13767.58cfa834e4b0c9d6adf6e23a",0,0,0,0,0,0,0,2,0,0,0,0,0,0,0,0,0,1,0,0,0,0,0,0,0,0,0,0,0,0,0,0,0,1,0,0,0,0,0,0,0,0,0
"13767.58cfa837e4b0c9d6adf70374",0,0,0,0,0,0,0,12,0,1,0,0,0,1,0,1,0,1,0,0,1,0,0,0,0,0,0,0,0,0,0,0,0,0,0,0,0,0,0,0,0,1,0
"13767.58cfa839e4b0c9d6adf713ae",0,0,0,0,0,0,0,0,0,0,0,0,0,0,0,0,0,1,0,0,0,0,0,0,0,0,0,0,0,0,0,0,0,1,0,0,0,0,0,0,0,0,0
"13767.58cfa839e4b0c9d6adf714bd",0,0,0,0,0,0,0,0,0,0,0,0,0,0,0,0,0,1,0,0,0,0,0,0,0,0,0,0,0,0,0,0,0,1,0,0,0,0,0,0,0,0,0
"13767.58cfa837e4b0c9d6adf703e8",0,0,0,0,1,0,0,10,1,0,0,0,0,3,0,0,2,4,0,0,2,0,0,0,0,0,0,0,0,0,0,0,0,1,0,0,0,0,0,0,0,1,0
"13767.58cfa837e4b0c9d6adf70327",0,0,0,0,1,0,0,66,14,0,0,0,0,16,0,0,7,18,0,0,9,0,0,0,0,0,0,0,0,0,0,0,0,0,0,1,0,0,0,0,0,5,0
"13767.58cfa835e4b0c9d6adf6ec5a",0,0,0,0,0,0,0,1,0,0,0,0,0,0,0,0,0,1,0,0,0,0,0,0,0,0,0,0,0,0,0,0,0,0,0,0,0,0,0,0,0,0,0
"13767.58cfa835e4b0c9d6adf6ec58",0,0,0,0,0,0,0,0,0,0,0,0,0,0,0,0,0,0,0,0,0,0,0,0,0,0,0,0,0,0,0,0,0,1,0,0,0,0,0,0,0,0,0
"13767.58cfa835e4b0c9d6adf6ec0c",0,0,0,0,1,0,1,5,1,1,0,0,0,1,0,1,1,1,0,0,0,0,0,0,0,0,0,0,0,0,0,0,0,1,0,0,0,0,0,0,0,0,0
"13767.58cfa838e4b0c9d6adf70966",0,0,0,0,0,0,1,10,3,0,0,0,0,2,0,0,1,2,0,0,1,0,0,0,0,0,0,0,0,0,0,0,0,0,0,0,0,0,0,0,0,1,0
"13767.58cfa838e4b0c9d6adf70c53",0,0,0,0,0,0,0,4,2,0,0,0,0,0,0,0,0,1,0,0,0,0,0,0,0,0,0,0,0,0,0,0,0,1,0,0,0,0,0,0,0,0,0
"13767.58cfa837e4b0c9d6adf703d4",0,0,0,0,1,0,0,32,7,0,0,0,0,10,0,0,7,10,0,0,4,0,0,0,0,0,0,0,0,0,0,0,0,1,0,0,0,0,0,0,0,2,0
"13767.58cfa837e4b0c9d6adf7013c",0,0,0,0,2,0,0,94,13,0,0,0,0,17,0,0,10,21,0,0,9,0,0,1,0,0,0,0,0,0,0,0,0,0,0,1,0,0,0,0,0,7,0
"13767.58cfa837e4b0c9d6adf70326",0,0,0,0,0,0,0,15,0,0,0,0,0,4,0,0,0,4,0,0,2,0,0,0,0,0,0,0,0,0,0,0,0,0,0,0,0,0,0,0,0,2,0
"13767.58cfa834e4b0c9d6adf6e628",0,0,0,0,1,1,0,53,13,0,0,0,0,11,0,0,7,15,0,0,5,0,0,0,0,0,0,0,0,0,0,0,0,2,0,2,0,0,0,0,0,5,0
"13767.58cfa837e4b0c9d6adf7026e",0,0,0,0,0,0,0,12,1,0,0,0,0,3,0,0,0,5,0,0,2,0,0,0,0,0,0,0,0,0,0,0,0,2,0,0,0,0,0,0,0,1,0
"13767.58cfa834e4b0c9d6adf6e250",0,0,0,0,0,0,0,1,0,0,0,0,0,1,0,0,0,0,0,0,0,0,0,0,0,0,0,0,0,0,0,0,0,0,0,0,0,0,0,0,0,0,0
"13767.58cfa837e4b0c9d6adf7009e",0,0,0,0,0,0,0,11,5,1,0,0,0,1,0,0,0,4,0,0,1,0,0,0,0,0,0,0,0,0,0,0,0,0,0,0,0,0,0,0,0,1,0
"13767.58cfa839e4b0c9d6adf714ce",0,0,0,0,1,0,0,0,1,0,0,0,0,0,0,0,0,0,0,0,1,0,0,0,0,0,0,0,0,0,0,0,0,0,0,0,0,0,0,0,0,0,0
"13767.58cfa839e4b0c9d6adf7136d",0,0,0,0,0,1,0,1,0,0,0,0,0,1,0,0,0,1,0,0,0,0,0,0,0,0,0,0,0,0,0,0,0,0,0,0,0,0,0,0,0,0,0
"13767.58cfa83ae4b0c9d6adf71c26",0,0,0,0,0,0,0,0,0,0,0,0,0,0,0,0,0,0,0,0,0,0,0,0,0,0,0,0,0,0,0,0,0,1,0,0,0,0,0,0,0,0,0
"13767.58cfa837e4b0c9d6adf6ffdd",0,0,0,0,1,1,0,74,10,0,0,0,0,16,0,0,9,22,0,0,11,0,0,0,0,0,0,0,0,0,0,0,0,0,0,0,0,0,0,0,0,5,0
"13767.58cfa83ae4b0c9d6adf71bff",0,0,0,0,0,0,0,0,0,0,0,0,0,0,0,0,0,0,0,0,0,0,0,0,0,0,0,0,0,0,0,0,0,2,0,0,0,0,0,0,0,0,0
"13767.58cfa837e4b0c9d6adf7015a",0,0,0,0,1,0,0,35,8,1,0,0,0,11,0,1,2,11,0,0,3,0,0,0,0,0,0,0,0,0,0,0,0,0,0,0,0,0,0,0,0,1,0
"13767.58cfa837e4b0c9d6adf70354",0,0,0,0,1,0,0,6,1,0,0,0,0,1,0,0,0,3,0,0,0,0,0,0,0,0,0,0,0,0,0,0,0,1,0,0,0,0,0,0,0,1,0
"13767.58cfa83ae4b0c9d6adf71a89",0,0,0,0,0,0,0,0,0,0,0,0,0,0,0,0,0,0,0,0,0,0,0,0,0,0,0,0,0,0,0,0,0,1,0,0,0,0,0,0,0,0,0
"13767.58cfa838e4b0c9d6adf7093e",0,0,0,0,0,0,0,19,4,0,0,0,0,3,0,0,0,5,0,0,1,0,0,0,0,0,0,0,0,0,0,0,0,1,0,0,0,0,0,0,0,1,0
"13767.58cfa839e4b0c9d6adf71250",0,0,0,0,0,0,0,0,0,0,0,0,0,0,0,0,0,2,0,0,2,0,0,0,0,0,0,0,0,0,0,0,0,1,0,0,0,0,0,0,0,0,0
"13767.58cfa839e4b0c9d6adf71088",0,0,0,0,0,0,0,1,0,0,0,0,0,0,0,0,1,0,0,0,0,0,0,0,0,0,0,0,0,0,0,0,0,2,0,0,0,0,0,0,0,0,0
"13767.58cfa837e4b0c9d6adf7018d",0,0,0,0,3,2,1,123,30,0,0,0,0,28,0,0,13,35,0,0,11,0,0,0,0,0,0,0,0,0,0,0,0,1,0,1,0,0,0,0,0,9,0
"13767.58cfa83be4b0c9d6adf72596",0,0,0,0,0,0,0,4,1,0,0,0,0,0,0,0,0,1,0,0,0,0,0,0,0,0,0,0,0,0,0,0,0,2,0,0,0,0,0,0,0,0,0
"13767.58cfa839e4b0c9d6adf71326",0,0,0,0,0,0,0,3,1,0,0,0,0,1,0,0,1,2,0,0,0,0,0,0,0,0,0,0,0,0,0,0,0,1,0,0,0,0,0,0,0,0,0
"13767.58cfa835e4b0c9d6adf6ec0a",0,0,0,0,0,0,0,0,0,0,0,0,0,0,0,0,0,1,0,0,0,0,0,0,0,0,0,0,0,0,0,0,0,0,0,0,0,0,0,0,0,0,0
"13767.58cfa837e4b0c9d6adf700f8",0,0,0,0,0,0,0,22,5,0,0,0,0,2,0,0,0,4,0,0,3,0,0,0,0,0,0,0,0,0,0,0,0,1,0,0,0,0,0,0,0,1,0
"13767.58cfa837e4b0c9d6adf6fe06",0,0,0,0,1,0,0,44,11,0,0,0,0,11,0,0,6,14,0,0,4,0,0,0,0,0,0,0,0,0,0,0,0,0,0,0,0,0,0,0,0,4,0
"13767.58cfa837e4b0c9d6adf70157",1,0,0,0,5,4,1,313,53,0,0,0,0,70,1,1,44,86,0,0,38,0,0,1,0,0,0,0,0,0,0,0,0,0,0,2,0,0,0,0,0,32,1
"13767.58cfa837e4b0c9d6adf70279",0,0,0,0,0,0,0,20,6,0,0,0,0,6,0,0,3,8,0,0,3,0,0,0,0,0,0,0,0,0,0,0,0,1,0,0,0,0,0,0,0,2,0
"13767.58cfa83be4b0c9d6adf72661",0,0,0,0,0,0,0,3,0,0,0,0,0,0,0,0,0,1,0,0,2,0,0,0,0,0,0,0,0,0,0,0,0,1,0,0,0,0,0,0,0,0,0
"13767.58cfa834e4b0c9d6adf6e384",0,0,0,0,0,0,0,4,2,0,0,0,0,2,0,0,0,1,0,0,0,0,0,0,0,1,0,0,0,0,0,0,0,2,0,0,0,0,0,0,0,0,0
"13767.58cfa837e4b0c9d6adf7016c",0,0,0,0,1,0,0,63,14,0,0,0,0,13,0,0,7,14,0,0,7,0,0,1,0,0,0,0,0,0,0,0,0,2,0,0,0,0,0,0,0,3,0
"13767.58cfa837e4b0c9d6adf6fd8b",0,0,0,0,0,1,0,58,11,0,0,0,0,9,0,0,3,14,0,0,4,0,0,0,0,0,0,0,0,0,0,0,0,0,0,0,0,0,0,0,0,6,0
"13767.58cfa837e4b0c9d6adf6fcf4",0,0,0,0,1,1,0,63,14,0,0,0,0,13,0,0,6,18,0,0,6,0,0,0,0,0,0,0,0,0,0,0,0,3,0,0,0,0,0,0,0,4,0
"13767.58cfa838e4b0c9d6adf70416",0,0,0,0,0,0,0,40,10,0,0,0,0,11,0,0,5,9,0,0,6,0,0,0,0,0,0,0,0,0,0,0,0,2,0,0,0,0,0,0,0,3,1
"13767.58cfa838e4b0c9d6adf70b5e",0,0,0,0,0,0,0,7,1,0,0,0,0,2,0,0,1,3,0,0,0,0,0,0,0,0,0,0,0,0,0,0,0,0,0,0,0,0,0,0,0,0,0
"13767.58cfa83be4b0c9d6adf726b7",0,0,0,0,0,0,0,0,0,0,0,0,0,0,0,0,0,0,0,0,0,0,0,0,0,0,0,0,0,0,0,0,0,1,0,0,0,0,0,0,0,0,0
"13767.58cfa838e4b0c9d6adf70be7",0,0,0,0,1,0,0,10,2,0,0,0,0,2,0,0,5,3,0,0,6,0,0,0,0,0,0,0,0,0,0,0,0,1,0,0,0,0,0,0,0,1,0
